time_s,lat_deg,lon_deg,alt_m
0.994697681,47.397972,8.5461644,47.76322778573594
1.014167995,47.397972,8.5461644,47.76322778573594
1.027393395,47.3979702,8.5461661,48.41522456621039
1.034160627,47.397972,8.5461644,47.76322778573594
1.054129154,47.397972,8.5461644,47.76422778573594
1.074251855,47.397972,8.5461644,47.765227785735945
1.094941591,47.397972,8.5461645,47.76722764618128
1.114115077,47.397972,8.5461645,47.769227646181285
1.134190132,47.397972,8.5461645,47.77122764618129
1.154539404,47.397972,8.5461645,47.77322764618128
1.154803516,47.3979717,8.5461646,48.720227365439456
1.174407899,47.397972,8.5461645,47.775227646181285
1.194366825,47.397972,8.5461645,47.77722764618129
1.214609409,47.397972,8.5461646,47.779227506626626
1.233812682,47.397972,8.5461646,47.78122750662663
1.254207929,47.397972,8.5461646,47.78422750662663
1.274843823,47.397972,8.5461646,47.78622750662663
1.277418629,47.3979724,8.5461636,48.16122909042571
1.294710746,47.397972,8.5461646,47.788227506626626
1.314762529,47.397972,8.5461646,47.79022750662663
1.333904252,47.3979719,8.5461646,47.793227459564086
1.356840043,47.3979719,8.5461646,47.79522745956409
1.373598655,47.3979719,8.5461646,47.79922745956409
1.393710357,47.3979719,8.5461646,47.80122745956409
1.405197886,47.3979702,8.5461636,48.181228055066484
1.414317721,47.3979719,8.5461646,47.80422745956409
1.433992314,47.3979719,8.5461646,47.806227459564084
1.453569114,47.3979719,8.5461646,47.81022745956409
1.474168907,47.3979719,8.5461646,47.812227459564085
1.494680767,47.3979719,8.5461646,47.815227459564085
1.514612542,47.3979719,8.5461647,47.818227320009456
1.527770595,47.3979703,8.5461672,47.16822307817241
1.534196493,47.3979719,8.5461647,47.821227320009456
1.555834509,47.3979719,8.5461647,47.82322732000946
1.57410442,47.3979719,8.5461647,47.82622732000946
1.594512347,47.3979719,8.5461647,47.827227320009456
1.615066272,47.3979719,8.5461647,47.82922732000946
1.634122304,47.3979719,8.5461647,47.830227320009456
1.649646239,47.3979725,8.5461622,46.69623109125527
1.653841877,47.3979718,8.5461647,47.83222727294709
1.674532043,47.3979718,8.5461647,47.833227272947084
1.694237265,47.3979718,8.5461648,47.83422713339245
1.714272904,47.3979718,8.5461648,47.833227133392455
1.733811129,47.3979718,8.5461648,47.83222713339246
1.75387657,47.3979718,8.5461648,47.83122713339245
1.774401882,47.3979718,8.5461648,47.830227133392455
1.77804199,47.3979719,8.5461616,47.90523164620157
1.79513267,47.3979718,8.5461648,47.830227133392455
1.814345774,47.3979718,8.5461648,47.82922713339246
1.834127754,47.3979719,8.5461648,47.82922718045483
1.853898485,47.3979719,8.5461648,47.82922718045483
1.874768095,47.3979719,8.5461647,47.828227320009454
1.894882035,47.3979719,8.5461647,47.828227320009454
1.906611765,47.3979708,8.5461644,47.36922722099493
1.914377396,47.3979719,8.5461647,47.828227320009454
1.934095909,47.3979719,8.5461647,47.82922732000946
1.954336517,47.3979719,8.5461647,47.828227320009454
1.974339129,47.3979719,8.5461647,47.827227320009456
1.994515129,47.3979719,8.5461647,47.82622732000946
2.014244642,47.3979719,8.5461647,47.82522732000945
2.027664173,47.3979697,8.5461628,46.453228936200524
2.034101303,47.3979719,8.5461647,47.82522732000945
2.054120269,47.3979719,8.5461647,47.824227320009456
2.074362859,47.3979719,8.5461647,47.82322732000946
2.095043381,47.3979718,8.5461646,47.82022741250169
2.115256743,47.3979718,8.5461646,47.818227412501685
2.134185779,47.3979718,8.5461646,47.815227412501685
2.15499997,47.3979718,8.5461646,47.81322741250169
2.155751382,47.3979739,8.5461596,47.002235378595245
2.173603814,47.3979718,8.5461646,47.81122741250169
2.195236095,47.3979718,8.5461645,47.81022755205632
2.213981808,47.3979718,8.5461645,47.805227552056316
2.233722656,47.3979718,8.5461645,47.80322755205631
2.254046648,47.3979718,8.5461645,47.799227552056315
2.274175741,47.3979718,8.5461645,47.79722755205631
2.281415044,47.3979706,8.5461646,47.774226847764936
2.294544479,47.3979719,8.5461644,47.79422773867334
2.314174004,47.3979719,8.5461644,47.79222773867335
2.333522363,47.3979719,8.5461644,47.78922773867335
2.354664223,47.3979719,8.5461644,47.787227738673344
2.374041866,47.3979719,8.5461644,47.78522773867334
2.394926595,47.3979719,8.5461644,47.784227738673344
2.406456945,47.3979731,8.5461635,46.817229559428675
2.414191575,47.3979719,8.5461643,47.78222787822797
2.434550044,47.3979719,8.5461643,47.78122787822797
2.454476239,47.3979719,8.5461643,47.77822787822797
2.475163173,47.3979719,8.5461643,47.77622787822797
2.494821984,47.3979719,8.5461643,47.77322787822797
2.514332239,47.3979719,8.5461643,47.771227878227975
2.527332549,47.3979697,8.5461645,47.37222656378104
2.533967975,47.3979719,8.5461643,47.768227878227975
2.554572036,47.3979719,8.5461643,47.76722787822797
2.57435675,47.3979719,8.5461643,47.765227878227975
2.594117951,47.3979719,8.5461643,47.76322787822797
2.613882561,47.3979719,8.5461643,47.76122787822797
2.633961094,47.3979718,8.5461642,47.75922797072009
2.653848986,47.3979718,8.5461642,47.758227970720085
2.654254129,47.3979717,8.5461596,47.6572343431646
2.673802371,47.3979718,8.5461642,47.75722797072009
2.694875265,47.3979718,8.5461642,47.755227970720085
2.714342772,47.3979718,8.5461642,47.755227970720085
2.733910525,47.3979718,8.5461642,47.75322797072009
2.75384299,47.3979718,8.5461641,47.75322811027469
2.773707968,47.3979718,8.5461641,47.752228110274686
2.781809466,47.3979705,8.5461645,47.75522694025884
2.794706578,47.3979718,8.5461641,47.75122811027469
2.814330092,47.3979718,8.5461641,47.75122811027469
2.834026787,47.3979718,8.546164,47.75022824982929
2.854073761,47.3979718,8.546164,47.74822824982929
2.873713555,47.3979718,8.546164,47.74722824982929
2.895050147,47.3979718,8.546164,47.746228249829294
2.90140393,47.3979729,8.5461631,47.76323002351915
2.91461347,47.3979718,8.5461639,47.74522838938386
2.933944194,47.3979718,8.5461639,47.74522838938386
2.953902222,47.3979718,8.5461639,47.74522838938386
2.974038069,47.3979718,8.5461639,47.746228389383866
2.994867114,47.3979718,8.5461638,47.747228528938464
3.014253226,47.3979718,8.5461638,47.74822852893846
3.027116882,47.3979707,8.5461677,46.41722256863906
3.034119884,47.3979719,8.5461638,47.74922857600104
3.054123618,47.3979719,8.5461637,47.750228715555636
3.075048577,47.3979719,8.5461637,47.750228715555636
3.094765365,47.3979719,8.5461637,47.747228715555636
3.114077313,47.3979719,8.5461637,47.74522871555563
3.134267414,47.3979719,8.5461637,47.74322871555564
3.149616994,47.3979683,8.546163,46.99022799827514
3.154420345,47.3979719,8.5461637,47.74222871555563
3.175033794,47.3979719,8.5461637,47.74022871555564
3.194651167,47.3979719,8.5461637,47.73922871555563
3.213877335,47.3979719,8.5461637,47.735228715555635
3.234234251,47.3979719,8.5461637,47.73322871555563
3.254264379,47.3979718,8.5461637,47.730228668493034
3.273956771,47.3979718,8.5461637,47.729228668493036
3.281427697,47.3979723,8.5461653,46.779226670932076
3.294473835,47.3979718,8.5461637,47.726228668493036
3.313986771,47.3979718,8.5461637,47.72522866849304
3.333996913,47.3979718,8.5461637,47.72222866849304
3.354170276,47.3979718,8.5461637,47.720228668493036
3.373352081,47.3979718,8.5461637,47.717228668493036
3.395801992,47.3979718,8.5461637,47.71622866849304
3.405736082,47.3979715,8.5461634,46.867228945969636
3.414040474,47.3979718,8.5461637,47.714228668493035
3.434003928,47.3979718,8.5461637,47.71222866849303
3.454135503,47.3979718,8.5461637,47.70922866849303
3.473815381,47.3979718,8.5461637,47.70722866849304
3.494824031,47.3979718,8.5461637,47.70322866849303
3.513173355,47.3979718,8.5461637,47.70122866849304
3.527568658,47.3979723,8.5461645,47.352227787369934
3.533926518,47.3979718,8.5461637,47.699228668493035
3.554097317,47.3979718,8.5461637,47.69722866849303
3.574274101,47.3979718,8.5461638,47.695228528938465
3.594358673,47.3979718,8.5461638,47.692228528938465
3.614613304,47.3979718,8.5461638,47.689228528938465
3.633891521,47.3979717,8.5461638,47.687228481876005
3.65417657,47.3979717,8.5461638,47.68522848187601
3.654672122,47.3979734,8.5461616,48.39823235216653
3.674147411,47.3979717,8.5461638,47.68322848187601
3.694261064,47.3979717,8.5461637,47.68222862143058
3.714203769,47.3979717,8.5461637,47.68222862143058
3.733908279,47.3979717,8.5461637,47.68222862143058
3.754167956,47.3979717,8.5461637,47.68222862143058
3.774173157,47.3979717,8.5461637,47.68222862143058
3.781813573,47.3979743,8.5461607,46.89823403175782
3.794356003,47.3979717,8.5461637,47.68322862143058
3.814161054,47.3979718,8.5461637,47.68322866849304
3.83379084,47.3979718,8.5461637,47.68222866849304
3.853730737,47.3979718,8.5461636,47.68022880804764
3.874156013,47.3979718,8.5461636,47.68022880804764
3.894646995,47.3979718,8.5461636,47.67922880804764
3.901518453,47.3979722,8.5461655,47.498226344759765
3.914672892,47.3979718,8.5461636,47.678228808047635
3.93390576,47.3979718,8.5461636,47.67722880804764
3.954783272,47.3979718,8.5461636,47.67722880804764
3.974223077,47.3979718,8.5461636,47.67722880804764
3.99458949,47.3979718,8.5461636,47.67722880804764
4.014716932,47.3979718,8.5461636,47.67722880804764
4.027289013,47.3979714,8.5461643,46.96322764291717
4.033970204,47.3979718,8.5461636,47.67722880804764
4.053365197,47.3979718,8.5461636,47.67722880804764
4.074690274,47.3979719,8.5461636,47.677228855110236
4.094950711,47.3979719,8.5461636,47.67622885511024
4.11419067,47.3979719,8.5461636,47.675228855110234
4.134097498,47.3979719,8.5461636,47.674228855110236
4.153970262,47.3979719,8.5461636,47.674228855110236
4.154284968,47.3979703,8.5461668,47.70722363638976
4.1749019,47.3979719,8.5461636,47.67322885511024
4.194481352,47.3979719,8.5461636,47.67322885511024
4.214263312,47.3979719,8.5461636,47.672228855110234
4.234370903,47.3979719,8.5461637,47.671228715555635
4.253845307,47.3979719,8.5461637,47.671228715555635
4.274037648,47.3979719,8.5461637,47.67022871555564
4.281558779,47.3979734,8.5461667,47.75222523486322
4.294915446,47.3979719,8.5461637,47.67022871555564
4.314364053,47.3979719,8.5461637,47.67022871555564
4.3350154,47.3979719,8.5461638,47.67022857600104
4.360000319,47.3979719,8.5461638,47.67022857600104
4.376747495,47.3979719,8.5461638,47.671228576001035
4.397419742,47.3979719,8.5461639,47.671228436446434
4.401921609,47.3979704,8.5461635,47.087228288741194
4.412934111,47.3979719,8.5461639,47.67222843644643
4.433615373,47.3979719,8.5461639,47.67222843644643
4.454437408,47.3979719,8.5461639,47.673228436446436
4.473971608,47.3979719,8.5461639,47.67222843644643
4.49464306,47.3979719,8.546164,47.67222829689183
4.514229099,47.3979719,8.546164,47.67222829689183
4.527974702,47.397972,8.5461663,48.265225134197024
4.534077626,47.397972,8.546164,47.67222834395449
4.554959014,47.397972,8.546164,47.67322834395449
4.574367072,47.397972,8.546164,47.67322834395449
4.59468283,47.397972,8.546164,47.67322834395449
4.613936372,47.397972,8.546164,47.67422834395449
4.634100346,47.397972,8.5461641,47.67522820439986
4.654162326,47.3979719,8.5461641,47.6752281573372
4.654435092,47.3979718,8.5461652,47.149226575174
4.674263092,47.3979719,8.5461641,47.676228157337206
4.694742422,47.3979719,8.5461641,47.677228157337204
4.714246857,47.3979719,8.5461641,47.677228157337204
4.734044744,47.3979719,8.5461641,47.677228157337204
4.754150793,47.3979719,8.5461641,47.6782281573372
4.773763883,47.3979719,8.5461641,47.67922815733721
4.777279458,47.397968,8.5461638,47.60122674067446
4.793901383,47.3979719,8.5461641,47.67922815733721
4.813759929,47.3979719,8.5461641,47.680228157337204
4.83397676,47.3979719,8.5461641,47.680228157337204
4.85409716,47.3979719,8.5461641,47.680228157337204
4.874587626,47.3979719,8.5461641,47.6812281573372
4.894535461,47.3979719,8.5461641,47.6812281573372
4.90136697,47.3979744,8.5461634,47.742230310836455
4.914060678,47.3979719,8.5461641,47.6812281573372
4.93395291,47.3979719,8.5461641,47.68222815733721
4.95374045,47.3979719,8.5461641,47.68222815733721
4.974109074,47.3979719,8.5461641,47.683228157337204
4.99411955,47.3979719,8.5461641,47.683228157337204
5.0140406,47.3979719,8.5461641,47.683228157337204
5.02687919,47.3979718,8.5461651,47.744226714728626
5.033849726,47.3979719,8.5461641,47.6842281573372
5.053858987,47.3979719,8.5461641,47.6842281573372
5.074235687,47.3979719,8.5461641,47.68522815733721
5.094724063,47.3979719,8.5461641,47.68522815733721
5.114295436,47.3979719,8.5461641,47.68522815733721
5.133977809,47.3979719,8.5461641,47.686228157337204
5.154182201,47.3979719,8.5461641,47.6872281573372
5.154629193,47.3979699,8.5461605,47.38723224006347
5.174844811,47.3979719,8.546164,47.68722829689183
5.1953017,47.3979719,8.546164,47.688228296891836
5.214701782,47.3979719,8.546164,47.688228296891836
5.234607349,47.3979719,8.546164,47.689228296891834
5.25418216,47.3979719,8.546164,47.69022829689183
5.274146394,47.3979719,8.5461639,47.69022843644643
5.281433643,47.3979715,8.5461657,46.593225736215324
5.296465474,47.3979719,8.5461639,47.69122843644643
5.315024336,47.3979719,8.5461639,47.692228436446435
5.334355426,47.3979719,8.5461639,47.69022843644643
5.35392135,47.3979719,8.5461639,47.689228436446435
5.373761002,47.3979719,8.5461639,47.68722843644643
5.395109017,47.3979719,8.5461638,47.686228576001035
5.405760199,47.3979711,8.5461625,47.39223001371184
5.414157997,47.3979719,8.5461638,47.68422857600103
5.434170537,47.3979719,8.5461638,47.68422857600103
5.454213078,47.3979719,8.5461638,47.68222857600104
5.47450676,47.3979719,8.5461638,47.68222857600104
5.495161627,47.3979719,8.5461638,47.68122857600103
5.514386957,47.3979719,8.5461638,47.680228576001035
5.528295863,47.3979728,8.5461605,48.148233604878385
5.533848649,47.3979719,8.5461637,47.67922871555564
5.554017957,47.3979719,8.5461637,47.67922871555564
5.574101455,47.3979719,8.5461637,47.67922871555564
5.595159862,47.3979719,8.5461637,47.680228715555636
5.613910717,47.3979719,8.5461637,47.680228715555636
5.634073302,47.3979719,8.5461637,47.68122871555563
5.654262336,47.3979719,8.5461636,47.68222885511024
5.654520404,47.3979732,8.5461671,48.0662245825149
5.674935376,47.3979719,8.5461636,47.68322885511024
5.695508068,47.3979719,8.5461636,47.684228855110234
5.714188558,47.3979719,8.5461636,47.68522885511024
5.734052389,47.3979719,8.5461636,47.687228855110234
5.754205118,47.3979719,8.5461636,47.68822885511024
5.775052571,47.3979719,8.5461636,47.68922885511024
5.781802241,47.3979724,8.5461644,47.296227973987875
5.794895211,47.3979719,8.5461635,47.690228994664835
5.814561003,47.3979719,8.5461635,47.69222899466484
5.833964099,47.3979719,8.5461635,47.693228994664835
5.85441642,47.3979719,8.5461635,47.69422899466483
5.874647811,47.3979719,8.5461635,47.69422899466483
5.895270531,47.3979719,8.5461635,47.69522899466484
5.901844557,47.3979719,8.5461643,47.890227878227975
5.914767222,47.3979719,8.5461635,47.696228994664835
5.93456367,47.3979719,8.5461635,47.69722899466483
5.954574686,47.3979719,8.5461635,47.69822899466484
5.974074989,47.3979719,8.5461635,47.70022899466483
5.99466615,47.3979719,8.5461635,47.702228994664836
6.01398275,47.3979719,8.5461635,47.70322899466483
6.02697428,47.3979746,8.5461649,48.10522831164125
6.034281526,47.3979719,8.5461635,47.705228994664836
6.053693621,47.3979719,8.5461635,47.70622899466483
6.074248922,47.3979719,8.5461635,47.708228994664836
6.094724312,47.3979719,8.5461635,47.71022899466484
6.114840861,47.3979719,8.5461635,47.711228994664836
6.133901821,47.3979719,8.5461635,47.714228994664836
6.154627609,47.3979719,8.5461635,47.715228994664834
6.154951022,47.3979713,8.546164,47.017228014518906
6.174246609,47.3979719,8.5461635,47.717228994664836
6.194903702,47.3979719,8.5461636,47.71922885511024
6.214689059,47.3979719,8.5461636,47.71822885511023
6.234383964,47.3979719,8.5461636,47.717228855110235
6.254174409,47.3979719,8.5461636,47.717228855110235
6.274148714,47.3979719,8.5461636,47.71622885511024
6.281510718,47.3979714,8.5461638,47.41722834068966
6.294296762,47.3979719,8.5461636,47.71622885511024
6.314400353,47.3979719,8.5461636,47.71622885511024
6.333631788,47.3979719,8.5461636,47.71522885511023
6.353934742,47.3979719,8.5461636,47.71522885511023
6.373733951,47.3979719,8.5461636,47.714228855110235
6.394671597,47.3979719,8.5461636,47.714228855110235
6.405915064,47.3979749,8.5461641,48.13322956928424
6.413811831,47.3979719,8.5461636,47.714228855110235
6.433693145,47.3979719,8.5461636,47.714228855110235
6.453766213,47.3979719,8.5461636,47.714228855110235
6.474351944,47.397972,8.5461636,47.71422890217303
6.495908825,47.397972,8.5461636,47.71422890217303
6.51341537,47.397972,8.5461637,47.7152287626184
6.528357706,47.3979724,8.5461645,47.58322783443313
6.533733901,47.397972,8.5461637,47.7152287626184
6.554488129,47.397972,8.5461637,47.7152287626184
6.574502317,47.397972,8.5461637,47.7152287626184
6.594985141,47.397972,8.5461637,47.7152287626184
6.614002136,47.3979721,8.5461637,47.715228809681314
6.634045682,47.3979721,8.5461637,47.715228809681314
6.654046327,47.3979721,8.5461637,47.715228809681314
6.654420074,47.3979691,8.5461649,47.428225723213245
6.674800545,47.3979721,8.5461638,47.715228670126656
6.694983613,47.3979721,8.5461638,47.715228670126656
6.713872078,47.3979721,8.5461638,47.715228670126656
6.733730625,47.3979721,8.5461638,47.71422867012666
6.75457312,47.3979721,8.5461638,47.71422867012666
6.774469598,47.3979721,8.5461638,47.71422867012666
6.781513715,47.3979685,8.5461653,47.345224882652076
6.795104845,47.3979721,8.5461638,47.71422867012666
6.814091983,47.3979721,8.5461638,47.71422867012666
6.837624199,47.3979721,8.5461639,47.714228530572
6.853202838,47.3979721,8.5461639,47.714228530572
6.875029725,47.397972,8.5461639,47.714228483509146
6.89504054,47.397972,8.5461639,47.714228483509146
6.905858766,47.3979711,8.5461643,47.92522750173255
6.91425021,47.397972,8.5461639,47.714228483509146
6.934238351,47.397972,8.546164,47.71422834395449
6.954031909,47.397972,8.546164,47.71422834395449
6.974286575,47.397972,8.546164,47.71422834395449
6.994381652,47.3979719,8.546164,47.71522829689183
7.014185608,47.3979719,8.546164,47.71522829689183
7.027075561,47.397969,8.5461636,46.857227490356536
7.033973561,47.3979719,8.5461641,47.7152281573372
7.053720281,47.3979719,8.5461641,47.716228157337206
7.073096071,47.3979719,8.5461641,47.716228157337206
7.094789819,47.3979719,8.5461641,47.713228157337205
7.113712864,47.3979718,8.5461641,47.71222811027469
7.133860814,47.3979718,8.5461641,47.71022811027469
7.154500849,47.3979718,8.5461641,47.70922811027469
7.154989416,47.3979704,8.5461651,46.83722605587287
7.174615151,47.3979718,8.5461641,47.70822811027469
7.194575175,47.3979717,8.5461642,47.707227923657776
7.213900095,47.3979717,8.5461642,47.70322792365777
7.234495986,47.3979717,8.5461642,47.701227923657775
7.253895136,47.3979717,8.5461642,47.698227923657775
7.274055526,47.3979717,8.5461642,47.69622792365777
7.277711537,47.3979698,8.5461607,47.51023191389516
7.294699048,47.3979717,8.5461642,47.69322792365777
7.313705765,47.3979717,8.5461642,47.692227923657775
7.333683977,47.3979716,8.5461642,47.689227876595574
7.354031547,47.3979716,8.5461642,47.68722787659557
7.374077919,47.3979716,8.5461642,47.685227876595576
7.394857571,47.3979716,8.5461642,47.68322787659557
7.405834289,47.3979711,8.5461621,47.21023057192934
7.413914528,47.3979716,8.5461642,47.68122787659557
7.43442163,47.3979716,8.5461642,47.68022787659557
7.454295384,47.3979716,8.5461642,47.67822787659557
7.475007187,47.3979716,8.5461642,47.676227876595576
7.495460536,47.3979715,8.5461641,47.67322796908806
7.513942914,47.3979715,8.5461641,47.672227969088055
7.528160766,47.3979699,8.5461671,47.92222302949028
7.534002507,47.3979715,8.5461641,47.67022796908806
7.554065313,47.3979715,8.5461641,47.669227969088055
7.574493239,47.3979715,8.5461641,47.66722796908806
7.594175379,47.3979715,8.5461641,47.66722796908806
7.614807296,47.3979715,8.5461641,47.666227969088055
7.634403585,47.3979715,8.5461641,47.666227969088055
7.654019367,47.3979715,8.5461641,47.66522796908806
7.654136882,47.3979736,8.5461649,46.838227840983315
7.674421501,47.3979715,8.5461641,47.66522796908806
7.694225164,47.3979715,8.5461641,47.66422796908806
7.714136179,47.3979715,8.5461641,47.66222796908806
7.733627763,47.3979715,8.5461641,47.65922796908806
7.753967047,47.3979715,8.5461641,47.65822796908806
7.774487689,47.3979715,8.5461641,47.65622796908806
7.781478857,47.3979697,8.5461642,47.27322698244336
7.794562024,47.3979715,8.5461641,47.65522796908806
7.814163189,47.3979715,8.5461641,47.65322796908806
7.834177331,47.3979715,8.5461641,47.651227969088055
7.85432772,47.3979715,8.546164,47.6492281086426
7.874481371,47.3979715,8.546164,47.6472281086426
7.895255547,47.3979715,8.546164,47.6452281086426
7.906750513,47.3979702,8.5461606,47.735232241691094
7.914128081,47.3979715,8.546164,47.6432281086426
7.933918194,47.3979715,8.546164,47.6412281086426
7.954016487,47.3979714,8.546164,47.64022806158066
7.974557524,47.3979714,8.546164,47.63922806158065
7.994716129,47.3979714,8.546164,47.638228061580655
8.014810125,47.3979714,8.5461639,47.63622820113517
8.029974648,47.3979704,8.5461619,47.638230521608726
8.033671827,47.3979714,8.5461639,47.63622820113517
8.054282432,47.3979714,8.5461639,47.63522820113517
8.074290524,47.3979714,8.5461639,47.63422820113517
8.095422062,47.3979714,8.5461639,47.63322820113517
8.114720315,47.3979714,8.5461639,47.63222820113517
8.133624714,47.3979714,8.5461639,47.63122820113517
8.149119933,47.3979714,8.546164,47.278228061580656
8.153757273,47.3979713,8.5461639,47.63122815407337
8.174086239,47.3979713,8.5461638,47.63022829362785
8.195250808,47.3979713,8.5461638,47.629228293627854
8.214589388,47.3979713,8.5461638,47.628228293627856
8.233905268,47.3979713,8.5461638,47.62722829362785
8.253903478,47.3979713,8.5461638,47.626228293627854
8.274336082,47.3979713,8.5461638,47.625228293627856
8.277579393,47.3979734,8.5461661,46.85122607219344
8.294507406,47.3979713,8.5461638,47.62422829362786
8.31412967,47.3979713,8.5461638,47.62422829362786
8.333821782,47.3979713,8.5461638,47.622228293627856
8.354165212,47.3979713,8.5461638,47.620228293627854
8.374463775,47.3979713,8.5461638,47.61822829362786
8.395203351,47.3979713,8.5461638,47.61722829362785
8.405778223,47.3979738,8.5461629,47.88723072621471
8.413742871,47.3979713,8.5461638,47.61522829362786
8.433706295,47.3979713,8.5461638,47.61422829362785
8.453761171,47.3979713,8.5461639,47.61322815407337
8.474369007,47.3979714,8.5461639,47.612228201135174
8.494402287,47.3979714,8.5461639,47.612228201135174
8.514861698,47.3979714,8.5461639,47.612228201135174
8.527780051,47.3979701,8.5461626,47.783229403548106
8.53400771,47.3979714,8.5461639,47.61122820113517
8.553864078,47.3979714,8.5461639,47.61122820113517
8.57324078,47.3979714,8.5461639,47.61122820113517
8.593067972,47.3979714,8.5461639,47.612228201135174
8.613787301,47.3979714,8.5461639,47.612228201135174
8.63329218,47.3979714,8.5461639,47.61322820113517
8.648833755,47.3979706,8.5461613,48.31723145305602
8.653272374,47.3979714,8.5461639,47.61422820113517
8.67361001,47.3979715,8.5461639,47.614228248197115
8.694462153,47.3979715,8.5461639,47.61522824819712
8.714075908,47.3979715,8.5461639,47.617228248197115
8.734248976,47.3979715,8.5461639,47.61922824819712
8.754360729,47.3979715,8.5461639,47.62122824819712
8.773789294,47.3979715,8.5461639,47.623228248197115
8.781470581,47.3979703,8.5461674,47.57522279906372
8.794567992,47.3979715,8.5461639,47.62422824819712
8.814664081,47.3979715,8.5461639,47.626228248197116
8.833986225,47.3979715,8.5461639,47.62822824819712
8.85368051,47.3979715,8.5461639,47.63022824819711
8.874213827,47.3979715,8.5461639,47.632228248197116
8.894674908,47.3979714,8.5461639,47.63422820113517
8.906629413,47.397971,8.5461639,47.17022801288893
8.914379686,47.3979714,8.5461639,47.63522820113517
8.934066832,47.3979714,8.5461639,47.63722820113517
8.954034457,47.3979714,8.5461639,47.63822820113517
8.975565223,47.3979714,8.5461639,47.63822820113517
8.994355838,47.3979714,8.5461639,47.63822820113517
9.0143455,47.3979714,8.546164,47.63922806158065
9.027538025,47.3979729,8.5461642,47.454228488415986
9.033733621,47.3979714,8.546164,47.63922806158065
9.054298834,47.3979714,8.546164,47.63922806158065
9.074436192,47.3979714,8.546164,47.64022806158066
9.094542188,47.3979714,8.546164,47.641228061580655
9.11383664,47.3979714,8.546164,47.641228061580655
9.133838764,47.3979714,8.546164,47.64222806158065
9.15395338,47.3979714,8.546164,47.64322806158066
9.154300597,47.3979722,8.5461626,47.885230391845575
9.17430594,47.3979714,8.546164,47.644228061580655
9.194878149,47.3979714,8.546164,47.644228061580655
9.21366735,47.3979714,8.546164,47.647228061580655
9.235931428,47.3979714,8.546164,47.64822806158065
9.254298605,47.3979714,8.5461641,47.65022792202614
9.274415288,47.3979714,8.5461641,47.65122792202614
9.281634237,47.3979718,8.5461618,46.93823132002943
9.294862028,47.3979714,8.5461641,47.65322792202614
9.314235724,47.3979714,8.5461641,47.65522792202614
9.333864603,47.3979714,8.5461641,47.65522792202614
9.354456835,47.3979714,8.5461641,47.65522792202614
9.374366731,47.3979714,8.5461641,47.65522792202614
9.395339676,47.3979714,8.5461641,47.65522792202614
9.406094196,47.3979703,8.5461636,47.66422810212664
9.414230803,47.3979714,8.5461641,47.65622792202614
9.433816704,47.3979714,8.5461642,47.65622778247168
9.454362795,47.3979714,8.5461642,47.65622778247168
9.473769743,47.3979714,8.5461642,47.65622778247168
9.494527554,47.3979714,8.5461642,47.65622778247168
9.514014238,47.3979714,8.5461642,47.65622778247168
9.527758728,47.3979717,8.5461633,47.27622917964875
9.535077556,47.3979714,8.5461642,47.65622778247168
9.554247384,47.3979714,8.5461642,47.65722778247168
9.57423376,47.3979714,8.5461642,47.65622778247168
9.594755219,47.3979714,8.5461642,47.655227782471684
9.613862387,47.3979714,8.5461642,47.65422778247168
9.634344291,47.3979714,8.5461642,47.65422778247168
9.654002965,47.3979714,8.5461643,47.653227642917166
9.654510012,47.3979707,8.5461643,48.18922731348855
9.674340589,47.3979714,8.5461643,47.65222764291717
9.694916262,47.3979714,8.5461643,47.65222764291717
9.713761983,47.3979714,8.5461643,47.65222764291717
9.734493617,47.3979714,8.5461643,47.653227642917166
9.753786899,47.3979714,8.5461643,47.653227642917166
9.77418747,47.3979714,8.5461643,47.654227642917164
9.777513411,47.397971,8.5461622,47.723230385313244
9.794692127,47.3979714,8.5461643,47.654227642917164
9.813808737,47.3979714,8.5461643,47.65522764291717
9.835420112,47.3979714,8.5461643,47.656227642917166
9.854209208,47.3979713,8.5461643,47.657227595855474
9.874621621,47.3979713,8.5461643,47.65822759585548
9.895100484,47.3979713,8.5461643,47.65922759585548
9.905720418,47.3979722,8.5461646,47.473227600752196
9.914088534,47.3979713,8.5461643,47.660227595855474
9.934092572,47.3979713,8.5461643,47.66122759585548
9.953758366,47.3979713,8.5461643,47.66222759585548
9.974126393,47.3979713,8.5461643,47.663227595855474
9.994842746,47.3979713,8.5461643,47.66422759585548
10.014121331,47.3979713,8.5461643,47.66522759585548
10.026784932,47.3979693,8.5461666,47.349223444910685
10.033902729,47.3979713,8.5461643,47.666227595855474
10.054385903,47.3979713,8.5461643,47.66722759585548
10.074540201,47.3979713,8.5461643,47.66822759585548
10.09526971,47.3979713,8.5461644,47.66722745630099
10.11418847,47.3979713,8.5461644,47.66722745630099
10.13417122,47.3979713,8.5461644,47.66722745630099
10.153738399,47.3979713,8.5461644,47.66722745630099
10.154251393,47.39797,8.546164,47.29722740272996
10.173665541,47.3979713,8.5461644,47.66722745630099
10.194694184,47.3979713,8.5461644,47.66722745630099
10.213858305,47.3979712,8.5461644,47.66622740923947
10.234243697,47.3979712,8.5461644,47.66522740923947
10.254629793,47.3979712,8.5461644,47.66422740923947
10.274815516,47.3979712,8.5461644,47.66422740923947
10.277511097,47.3979719,8.546164,46.978228296891835
10.29517402,47.3979712,8.5461644,47.66322740923947
10.314795756,47.3979712,8.5461644,47.66222740923947
10.333989706,47.3979712,8.5461644,47.66022740923947
10.354129775,47.3979712,8.5461645,47.65922726968501
10.374986121,47.3979712,8.5461645,47.65622726968501
10.394303767,47.3979712,8.5461645,47.655227269685014
10.406212154,47.3979728,8.5461632,46.97422983690007
10.41404636,47.3979712,8.5461645,47.65322726968501
10.435077089,47.3979712,8.5461645,47.652227269685014
10.454256343,47.3979712,8.5461645,47.649227269685014
10.474831921,47.3979712,8.5461645,47.64722726968501
10.495783245,47.3979712,8.5461644,47.64422740923947
10.514541496,47.3979712,8.5461644,47.64222740923947
10.527860388,47.3979727,8.5461638,48.08722895250725
10.534109537,47.3979712,8.5461644,47.64022740923947
10.554312792,47.3979712,8.5461644,47.63822740923947
10.57446364,47.3979712,8.5461644,47.63722740923947
10.595000667,47.3979712,8.5461644,47.63622740923947
10.613692756,47.3979712,8.5461644,47.63522740923947
10.634259533,47.3979712,8.5461644,47.63522740923947
10.65402424,47.3979712,8.5461644,47.63422740923947
10.654626898,47.3979716,8.5461631,47.113229411695414
10.673997008,47.3979712,8.5461643,47.63422754879396
10.694375037,47.3979712,8.5461643,47.632227548793956
10.714036033,47.3979712,8.5461643,47.63122754879396
10.734127456,47.3979712,8.5461643,47.62822754879396
10.753943045,47.3979712,8.5461643,47.627227548793954
10.775270421,47.3979712,8.5461642,47.62522768834839
10.777548213,47.3979727,8.5461658,47.49322616141075
10.794836358,47.3979712,8.5461642,47.623227688348386
10.814483097,47.3979712,8.5461642,47.62222768834839
10.833772958,47.3979712,8.5461642,47.62122768834839
10.853935752,47.3979712,8.5461642,47.61922768834839
10.874598748,47.3979712,8.5461642,47.61922768834839
10.894518287,47.3979713,8.5461642,47.61822773540997
10.901691971,47.3979691,8.5461629,47.819228514292355
10.914649365,47.3979713,8.5461642,47.61722773540996
10.934220068,47.3979713,8.5461641,47.61622787496442
10.954372341,47.3979713,8.5461641,47.615227874964425
10.974761499,47.3979713,8.5461641,47.615227874964425
10.994344845,47.3979713,8.5461641,47.61422787496442
11.014786699,47.3979713,8.5461641,47.61322787496442
11.02887627,47.3979733,8.5461627,47.067230769997444
11.035012288,47.3979713,8.5461641,47.61322787496442
11.054320255,47.3979713,8.5461641,47.61322787496442
11.074536713,47.3979713,8.5461641,47.612227874964425
11.094815957,47.3979713,8.5461641,47.61022787496442
11.11394847,47.3979713,8.5461641,47.609227874964425
11.133979695,47.3979713,8.5461641,47.60822787496442
11.149720134,47.3979665,8.5461628,46.9442274303753
11.153956962,47.3979713,8.5461641,47.60722787496442
11.174079995,47.3979713,8.5461641,47.606227874964425
11.194718474,47.3979713,8.546164,47.60522801451891
11.213960442,47.3979713,8.546164,47.60222801451891
11.234268887,47.3979713,8.546164,47.60122801451891
11.253820034,47.3979713,8.546164,47.59822801451891
11.273674884,47.3979713,8.546164,47.59722801451891
11.281461327,47.3979709,8.5461641,48.14222768671897
11.294488692,47.3979712,8.546164,47.59522796745728
11.31434258,47.3979712,8.546164,47.59422796745728
11.333966929,47.3979712,8.546164,47.59422796745728
11.354067531,47.3979712,8.546164,47.59422796745728
11.374570728,47.3979712,8.546164,47.59522796745728
11.395321267,47.3979712,8.546164,47.59522796745728
11.407021864,47.3979734,8.5461643,48.08922858418347
11.415051306,47.3979712,8.546164,47.596227967457274
11.436058151,47.3979712,8.546164,47.596227967457274
11.453087482,47.3979712,8.546164,47.59822796745728
11.473119699,47.3979712,8.546164,47.60022796745728
11.493820999,47.3979712,8.546164,47.602227967457274
11.514033879,47.3979712,8.546164,47.60322796745728
11.527747091,47.3979719,8.5461624,47.58523052976519
11.534478871,47.3979712,8.546164,47.605227967457274
11.553839353,47.3979712,8.546164,47.60622796745728
11.574159062,47.3979712,8.546164,47.608227967457275
11.594489997,47.3979712,8.546164,47.608227967457275
11.614416974,47.3979712,8.5461639,47.60822810701173
11.633174292,47.3979712,8.5461639,47.60822810701173
11.653399557,47.3979712,8.5461639,47.60922810701174
11.653533242,47.3979728,8.5461664,46.78022537114492
11.67366175,47.3979712,8.5461639,47.60922810701174
11.694748194,47.3979712,8.5461639,47.60922810701174
11.71439481,47.3979712,8.5461639,47.60822810701173
11.733780693,47.3979712,8.5461639,47.607228107011736
11.75393926,47.3979712,8.5461639,47.60622810701174
11.774104693,47.3979713,8.546164,47.60522801451891
11.781580516,47.3979743,8.5461636,47.860229984659625
11.794609577,47.3979713,8.546164,47.60522801451891
11.814117549,47.3979713,8.546164,47.60422801451891
11.833980634,47.3979713,8.546164,47.60422801451891
11.854102026,47.3979713,8.546164,47.60422801451891
11.874042916,47.3979713,8.546164,47.60322801451891
11.893920789,47.3979713,8.546164,47.60322801451891
11.906323463,47.3979706,8.5461607,46.90523229038129
11.914338042,47.3979713,8.546164,47.60322801451891
11.933916029,47.3979714,8.546164,47.60322806158066
11.953550835,47.3979714,8.546164,47.602228061580654
11.975287825,47.3979714,8.546164,47.60022806158066
11.994353569,47.3979714,8.546164,47.599228061580654
12.01341982,47.3979714,8.546164,47.598228061580656
12.02790846,47.3979736,8.5461616,47.74023244629782
12.033847949,47.3979714,8.546164,47.59722806158066
12.054274038,47.3979714,8.546164,47.59622806158065
12.074165102,47.3979714,8.546164,47.595228061580656
12.094545166,47.3979714,8.5461641,47.59522792202614
12.114111977,47.3979714,8.5461641,47.59522792202614
12.133963355,47.3979714,8.5461641,47.59522792202614
12.154153481,47.3979714,8.5461641,47.59522792202614
12.154901368,47.3979693,8.546165,47.67922567777572
12.174367494,47.3979714,8.5461641,47.59522792202614
12.19470623,47.3979714,8.5461641,47.59522792202614
12.214252151,47.3979714,8.5461642,47.597227782471684
12.234138409,47.3979714,8.5461642,47.59822778247168
12.254618526,47.3979714,8.5461643,47.599227642917164
12.274762094,47.3979714,8.5461643,47.60022764291717
12.281500792,47.3979741,8.5461647,47.526228355420656
12.294859604,47.3979714,8.5461644,47.60222750336265
12.31439882,47.3979714,8.5461644,47.60422750336265
12.334080351,47.3979714,8.5461645,47.60622736380814
12.354227178,47.3979714,8.5461645,47.607227363808136
12.374512032,47.3979714,8.5461646,47.61022722425365
12.394768383,47.3979714,8.5461647,47.61122708469913
12.405701408,47.3979722,8.5461657,47.57322606565031
12.413850699,47.3979714,8.5461648,47.61322694514462
12.433741955,47.3979715,8.5461649,47.615226852651794
12.454331127,47.3979715,8.546165,47.617226713097246
12.474370929,47.3979715,8.546165,47.61822671309725
12.494889672,47.3979715,8.5461652,47.62022643398816
12.514792381,47.3979715,8.5461653,47.62122629443359
12.528633611,47.3979674,8.5461629,47.96422771431918
12.533963257,47.3979715,8.5461654,47.622226154879016
12.554699068,47.3979715,8.5461655,47.62222601532444
12.575678218,47.3979715,8.5461657,47.623225736215325
12.594978255,47.3979715,8.5461657,47.62422573621533
12.613738924,47.3979715,8.5461659,47.625225457106154
12.634051165,47.3979714,8.546166,47.62522527049012
12.649556432,47.3979702,8.5461697,48.20621954225411
12.65451781,47.3979714,8.5461662,47.624224991381006
12.674038502,47.3979714,8.5461663,47.6232248518264
12.695153939,47.3979713,8.5461665,47.62222452565611
12.713494205,47.3979713,8.5461666,47.62122438610154
12.733066712,47.3979713,8.5461669,47.61822396743788
12.753194342,47.3979712,8.546167,47.61522378082238
12.774072585,47.3979712,8.5461672,47.609223501713295
12.777507263,47.3979706,8.5461636,47.75022824330807
12.79430437,47.3979712,8.5461673,47.611223362158746
12.815152203,47.3979712,8.5461674,47.62222322260418
12.834108958,47.3979713,8.5461674,47.637223269664986
12.854065282,47.3979713,8.5461673,47.656223409219585
12.874281166,47.3979714,8.5461673,47.66622345628056
12.894568218,47.3979714,8.5461673,47.67822345628056
12.906667122,47.3979724,8.5461694,47.88522099624678
12.914437364,47.3979714,8.5461673,47.68422345628056
12.933959194,47.3979714,8.5461672,47.690223595835164
12.954651155,47.3979714,8.5461672,47.692223595835166
12.974606905,47.3979713,8.5461672,47.69622354877416
12.994238318,47.3979713,8.5461673,47.69822340921959
13.014547619,47.3979712,8.5461673,47.700223362158745
13.027535213,47.3979692,8.5461662,46.90222395606902
13.034476503,47.3979711,8.5461674,47.70122317554351
13.05424063,47.3979711,8.5461675,47.70222303598899
13.074654575,47.397971,8.5461676,47.70222284937395
13.093484884,47.3979709,8.5461678,47.699222523204654
13.11347297,47.3979707,8.5461679,47.71222228953011
13.134354433,47.3979705,8.5461681,47.73722191630191
13.154371421,47.3979703,8.5461682,47.751221682628845
13.154770385,47.3979665,8.5461636,48.4802263139487
13.173863858,47.39797,8.5461684,47.769221262343414
13.194852957,47.3979698,8.5461686,47.77922088911788
13.214523713,47.3979696,8.5461688,47.79222051589312
13.233924546,47.3979694,8.5461689,47.798220282223326
13.254070594,47.3979692,8.546169,47.80422004855424
13.274472187,47.397969,8.5461692,47.806219675331775
13.281687181,47.3979705,8.5461682,48.03222177674748
13.293986625,47.3979689,8.5461693,47.80421948872086
13.314219919,47.3979687,8.5461695,47.80021911549956
13.334283999,47.3979686,8.5461695,47.79121906844324
13.35471847,47.3979685,8.5461696,47.78321888183309
13.373565585,47.3979684,8.5461696,47.76821883477709
13.395337608,47.3979684,8.5461697,47.75621869522311
13.406049857,47.3979694,8.5461677,47.29722195687333
13.414178979,47.3979683,8.5461698,47.736218508613355
13.433982409,47.3979683,8.5461698,47.72521850861336
13.454160038,47.3979683,8.5461699,47.719218369059384
13.473598729,47.3979684,8.54617,47.714218276561155
13.494078695,47.3979685,8.5461701,47.710218184063045
13.514733172,47.3979685,8.5461701,47.707218184063045
13.528572065,47.3979697,8.5461672,47.12022279581878
13.534249202,47.3979687,8.5461702,47.69921813862119
13.554661063,47.3979688,8.5461703,47.69321804612342
13.573643204,47.3979689,8.5461704,47.683217953625764
13.594669548,47.3979691,8.5461705,47.67621790818488
13.614673112,47.3979692,8.5461706,47.668217815687534
13.634027719,47.3979694,8.5461707,47.66121777024745
13.653942373,47.3979695,8.5461708,47.65621767775044
13.654228527,47.3979722,8.5461712,47.4462183901349
13.673738482,47.3979695,8.5461709,47.67421753819618
13.694828352,47.3979694,8.5461711,47.69921721203043
13.714263063,47.3979694,8.5461712,47.714217072476174
13.734108539,47.3979693,8.5461714,47.73321674631068
13.75389478,47.3979693,8.5461715,47.74321660675643
13.774117307,47.3979692,8.5461717,47.755216280591185
13.781619972,47.3979713,8.5461775,47.50720917463578
13.794615796,47.3979692,8.5461719,47.76121600148272
13.814053267,47.3979691,8.5461721,47.76721567531777
13.834278331,47.3979691,8.5461724,47.76821525665508
13.853992566,47.3979691,8.5461728,47.76721469843815
13.874068209,47.3979691,8.546173,47.765214419329666
13.894883571,47.3979691,8.5461734,47.75921386111263
13.906705245,47.3979729,8.5461778,48.23220950892633
13.913963728,47.3979692,8.5461736,47.754213629060224
13.934606632,47.3979692,8.546174,47.74521307084304
13.9540823,47.3979692,8.5461741,47.73721293128873
13.974276723,47.3979693,8.5461744,47.7252125596819
13.994832221,47.3979694,8.5461746,47.71621232762944
14.0139099,47.3979695,8.5461748,47.70121209557701
14.027736647,47.3979686,8.5461781,47.994207066785634
14.034187087,47.3979696,8.5461749,47.69021200307907
14.054261969,47.3979697,8.5461751,47.67821177102675
14.075201697,47.3979698,8.5461753,47.675211538974494
14.095288902,47.39797,8.5461754,47.668211493533754
14.11398447,47.3979701,8.5461755,47.665211401036295
14.134195631,47.3979704,8.5461757,47.664211263099176
14.154175722,47.3979705,8.5461758,47.66421117060217
14.154546371,47.3979695,8.5461772,47.33220874627046
14.175380303,47.3979707,8.546176,47.66121098560845
14.194471097,47.3979709,8.5461761,47.65921094016995
14.213742599,47.3979711,8.5461763,47.657210755177104
14.235072847,47.3979713,8.5461764,47.6542107097396
14.254401743,47.3979715,8.5461766,47.64821052474764
14.275088958,47.3979716,8.5461767,47.64421043225183
14.281778092,47.3979743,8.5461782,47.480209609572036
14.294571563,47.3979719,8.5461769,47.63621029432002
14.314025181,47.397972,8.546177,47.62921020182467
14.333958403,47.3979718,8.5461767,47.716210526370524
14.353916093,47.3979716,8.5461765,47.78621071136172
14.374857778,47.3979713,8.5461761,47.8872111284042
14.39540089,47.3979711,8.5461758,47.95121145295119
14.405609403,47.3979707,8.5461765,47.58821028783485
14.413682255,47.3979708,8.5461755,48.04521173044019
14.433883426,47.3979706,8.5461752,48.104212054988025
14.45442106,47.3979703,8.5461749,48.189212332478526
14.475094192,47.3979701,8.5461746,48.24321265702722
14.494669838,47.3979698,8.5461742,48.31921307407365
14.513943744,47.3979696,8.546174,48.36721325906877
14.528193574,47.3979657,8.5461776,48.8562064000455
14.534770732,47.3979693,8.5461736,48.434213676116514
14.554217578,47.3979691,8.5461733,48.47521400066689
14.574916377,47.3979688,8.5461729,48.535214417715935
14.594619802,47.3979685,8.5461727,48.57621455565755
14.614015596,47.3979681,8.5461723,48.63121492565338
14.634139667,47.3979678,8.5461721,48.66321506359746
14.653706789,47.3979674,8.5461717,48.70721543359634
14.654088617,47.3979672,8.5461765,47.57520864090447
14.674292439,47.3979671,8.5461715,48.73221557154284
14.694707228,47.3979667,8.5461712,48.764215801991085
14.714532404,47.3979664,8.546171,48.78121593994015
14.734011278,47.397966,8.5461707,48.801216170391726
14.754368471,47.3979658,8.5461705,48.81121635539491
14.775771176,47.3979654,8.5461702,48.82221658584927
14.781769399,47.3979674,8.5461716,49.225215573150116
14.794841476,47.3979651,8.54617,48.826216723802936
14.813743546,47.3979647,8.5461698,48.82821681470747
14.834314387,47.3979645,8.5461696,48.827216999713585
14.854898374,47.3979641,8.5461694,48.823217090621135
14.874164951,47.3979639,8.5461692,48.81821727562861
14.895270504,47.3979635,8.546169,48.80721736653918
14.906889813,47.3979626,8.5461738,48.15621024458016
14.914544165,47.3979632,8.5461688,48.797217504499855
14.934107411,47.3979628,8.5461685,48.78121773496664
14.954500099,47.3979625,8.5461683,48.76821787292985
14.975035172,47.3979621,8.546168,48.74521810339996
14.99462965,47.3979618,8.5461678,48.72921824136567
15.014804705,47.3979614,8.5461674,48.70121861139135
15.027187946,47.397959,8.5461692,49.72721497040899
15.034013178,47.3979611,8.5461672,48.682218749359535
15.054676338,47.3979607,8.5461667,48.650219258940346
15.074513514,47.3979603,8.5461664,48.62821948941861
15.094341012,47.3979598,8.5461658,48.59522009151078
15.113681404,47.3979594,8.5461654,48.57322046154484
15.133927346,47.3979589,8.5461648,48.5382210636413
15.15445286,47.3979586,8.5461644,48.51522148072094
15.154953362,47.3979581,8.5461685,47.93121552390237
15.174614401,47.3979581,8.5461637,48.481222222372516
15.194879198,47.3979578,8.5461632,48.459222779005465
15.214335558,47.3979573,8.5461622,48.42222393931368
15.2337423,47.397957,8.5461616,48.39822463549916
15.254751174,47.3979566,8.5461607,48.36322570329813
15.274017509,47.3979563,8.54616,48.34022653903536
15.28151284,47.3979589,8.5461635,47.95022287781189
15.294227903,47.3979559,8.5461591,48.30722760683521
15.314382495,47.3979557,8.5461586,48.28522821051064
15.334365478,47.3979554,8.5461577,48.252229325349774
15.35398256,47.3979552,8.5461571,48.2302300685758
15.374582992,47.397955,8.5461562,48.19823123045304
15.394351986,47.3979548,8.5461557,48.17723183412836
15.405964454,47.3979572,8.5461618,48.475224450477675
15.414322876,47.3979546,8.546155,48.14623271690438
15.43423625,47.3979544,8.5461546,48.1252331810295
15.454659703,47.3979543,8.546154,48.09523397129291
15.474546395,47.3979542,8.5461537,48.0762343429056
15.494929299,47.397954,8.5461534,48.04723466748075
15.514997369,47.397954,8.5461531,48.028235086131026
15.528203992,47.3979538,8.5461606,47.87622452579418
15.534371751,47.3979538,8.5461529,48.00023527115627
15.554006284,47.3979537,8.5461527,47.98123550321905
15.575100009,47.3979536,8.5461526,47.953235595731876
15.594828614,47.3979536,8.5461527,47.93323545618191
15.613987552,47.3979535,8.5461528,47.90423526959498
15.633960311,47.3979534,8.5461529,47.88423508300825
15.653972979,47.3979533,8.5461531,47.854234756871776
15.654368806,47.3979555,8.5461591,47.34422741868003
15.675164397,47.3979533,8.5461533,47.833234477771924
15.694571354,47.3979532,8.5461536,47.812234012085824
15.714124282,47.3979532,8.546154,47.804233453886155
15.733535789,47.3979531,8.5461545,47.79123270910051
15.753648009,47.3979531,8.5461549,47.78723215090084
15.774237849,47.3979531,8.5461553,47.79423159270105
15.78207541,47.3979544,8.5461609,47.93222438935881
15.795120268,47.397953,8.5461551,47.84823182476531
15.814221229,47.397953,8.5461549,47.925232103865156
15.83433302,47.397953,8.5461548,47.97923224341504
15.853777222,47.397953,8.5461546,48.05523252251486
15.87470126,47.397953,8.5461545,48.104232662064746
15.894587205,47.397953,8.5461543,48.17223294116454
15.906113327,47.3979517,8.5461569,47.85622870142243
15.913824109,47.3979531,8.5461542,48.215233127750274
15.933786934,47.3979531,8.546154,48.2742334068501
15.95369818,47.3979531,8.5461538,48.311233685949894
15.97504173,47.3979531,8.5461536,48.361233965049685
15.994921607,47.3979531,8.5461535,48.3912341045996
16.014060157,47.3979531,8.5461533,48.43223438369934
16.028129882,47.3979578,8.546156,47.39423282669053
16.034265558,47.3979531,8.5461532,48.456234523249215
16.054410404,47.3979531,8.546153,48.490234802348986
16.074094448,47.3979531,8.5461529,48.508234941898834
16.094437352,47.3979531,8.5461527,48.53223522099857
16.113943095,47.3979531,8.5461526,48.54523536054843
16.133938598,47.3979531,8.5461524,48.56023563964814
16.153877271,47.3979531,8.5461522,48.567235918747876
16.15420046,47.3979569,8.5461583,48.47322919364147
16.175436213,47.3979531,8.546152,48.57323619784756
16.194306603,47.3979531,8.5461519,48.57323633739738
16.213285016,47.3979531,8.5461514,48.57223703514651
16.236142383,47.3979531,8.5461511,48.56823745379596
16.254259523,47.397953,8.5461507,48.5592379649585
16.274316438,47.397953,8.5461505,48.550238244058036
16.281412336,47.3979533,8.5461575,48.48622861667207
16.294592814,47.397953,8.5461501,48.534238802257114
16.314223819,47.397953,8.5461499,48.522239081356624
16.333488759,47.3979531,8.5461499,48.494239128393474
16.354178509,47.3979532,8.5461499,48.472239175430495
16.374290148,47.3979533,8.5461499,48.43823922246766
16.395066524,47.3979534,8.5461499,48.41423926950496
16.40184729,47.3979544,8.5461574,47.86722927362187
16.413870984,47.3979535,8.54615,48.37623917699255
16.433797591,47.3979536,8.54615,48.35123922403017
16.454126953,47.3979538,8.5461501,48.31023917855589
16.474226188,47.3979539,8.5461502,48.28223908604396
16.494751178,47.3979542,8.5461503,48.239239087608915
16.514028627,47.3979543,8.5461504,48.209238995097444
16.527830439,47.3979568,8.5461554,47.89623319357564
16.533866063,47.3979545,8.5461505,48.163238949624954
16.554267663,47.3979547,8.5461506,48.132238904153034
16.575009749,47.3979549,8.5461508,48.08523871913135
16.594429244,47.3979551,8.5461509,48.05323867366039
16.613887571,47.3979555,8.546151,48.00423872227038
16.634049415,47.3979557,8.5461511,47.971238676801015
16.654207951,47.397956,8.5461513,47.92223853882271
16.654629895,47.3979575,8.5461584,47.99622933633815
16.674490685,47.3979562,8.5461514,47.89023849335463
16.693286915,47.3979565,8.5461516,47.85723835537817
16.713221745,47.3979567,8.5461517,47.855238309911364
16.734005977,47.397957,8.5461518,47.853238311487495
16.753758099,47.3979572,8.5461519,47.851238266021994
16.773697121,47.3979575,8.5461521,47.849238128049315
16.781537395,47.3979574,8.5461562,46.854232359418816
16.794436899,47.3979577,8.5461522,47.846238082585096
16.814179003,47.397958,8.5461524,47.843237944614266
16.83443293,47.3979582,8.5461526,47.84123775960028
16.854357002,47.3979585,8.5461529,47.83923748208011
16.874588746,47.3979587,8.546153,47.83723743661833
16.89491598,47.397959,8.5461533,47.83423715909978
16.901521581,47.3979548,8.5461585,47.94422792671714
16.913870961,47.3979591,8.5461535,47.831236927042546
16.933971442,47.3979593,8.5461538,47.838236602479505
16.954309842,47.3979595,8.5461539,47.84223655701955
16.974202859,47.3979596,8.5461542,47.846236185411236
16.994944758,47.3979597,8.5461544,47.849235953354345
17.014151219,47.3979598,8.5461546,47.85123572129754
17.026182327,47.3979596,8.5461593,47.479229068284255
17.033091656,47.3979599,8.5461548,47.852235489240734
17.05429006,47.39796,8.5461551,47.85223511763245
17.074380181,47.3979601,8.5461553,47.85123488557571
17.094832502,47.3979602,8.5461556,47.84723451396743
17.113795438,47.3979603,8.5461559,47.84423414235912
17.134582268,47.3979604,8.5461562,47.840233770750835
17.154761624,47.3979605,8.5461564,47.83723353869423
17.15511105,47.3979605,8.5461585,47.914230608107616
17.174326969,47.3979606,8.5461567,47.832233167085896
17.194994272,47.3979607,8.5461569,47.83023293502934
17.214639263,47.3979607,8.5461572,47.83323251637401
17.233846044,47.3979608,8.5461574,47.83523228431741
17.254492118,47.3979608,8.5461577,47.83823186566199
17.273964064,47.3979609,8.5461579,47.84023163360535
17.281476987,47.3979573,8.5461593,47.813227986295644
17.294583864,47.3979609,8.5461581,47.842231354501635
17.314106342,47.3979609,8.5461583,47.84423107539792
17.333818307,47.397961,8.5461585,47.8472308433412
17.354506571,47.397961,8.5461586,47.849230703789296
17.374069735,47.397961,8.5461588,47.85323042468553
17.394178539,47.397961,8.5461589,47.855230285133594
17.405460792,47.3979584,8.5461583,47.35522989927126
17.413841839,47.397961,8.5461591,47.85823000602979
17.433901398,47.397961,8.5461592,47.8592298664779
17.454062751,47.3979609,8.5461593,47.86122967987911
17.474927152,47.3979609,8.5461593,47.86122967987911
17.494878768,47.3979609,8.5461594,47.86222954032724
17.514151326,47.3979609,8.5461595,47.86222940077534
17.52808307,47.3979606,8.5461595,47.92922925963589
17.535063607,47.3979609,8.5461595,47.86322940077534
17.554157543,47.3979609,8.5461596,47.86322926122344
17.574408164,47.3979609,8.5461596,47.864229261223436
17.594972089,47.3979608,8.5461596,47.86422921417681
17.614062929,47.3979608,8.5461596,47.865229214176814
17.633646909,47.3979608,8.5461596,47.865229214176814
17.649490189,47.3979616,8.5461611,47.92922749727268
17.653750241,47.3979608,8.5461597,47.86622907462494
17.675194035,47.3979608,8.5461597,47.86622907462494
17.694932803,47.3979608,8.5461597,47.86722907462494
17.713889311,47.3979608,8.5461597,47.86822907462494
17.7341153,47.3979608,8.5461597,47.86922907462494
17.754842988,47.3979608,8.5461597,47.86922907462494
17.774396462,47.3979608,8.5461597,47.87022907462494
17.781503163,47.3979633,8.5461603,47.418229413521026
17.7953972,47.3979608,8.5461597,47.87022907462494
17.813966518,47.3979609,8.5461597,47.87122912167154
17.83405465,47.3979609,8.5461597,47.870229121671535
17.854377398,47.3979609,8.5461598,47.870228982119635
17.873643139,47.3979609,8.5461598,47.86922898211964
17.894942513,47.397961,8.5461598,47.867229029166346
17.906568167,47.39796,8.5461629,47.6762242326018
17.913971376,47.397961,8.5461599,47.86622888961442
17.933883136,47.3979611,8.5461599,47.863228936661244
17.954059128,47.3979611,8.54616,47.860228797109286
17.975643171,47.3979612,8.5461601,47.855228704604265
17.9949444,47.3979612,8.54616,47.85722884415625
18.014099004,47.3979614,8.54616,47.8602289382507
18.029896779,47.3979615,8.5461657,48.19422103082565
18.034040711,47.3979614,8.5461599,47.86722907780274
18.054004951,47.3979615,8.5461598,47.88322926440226
18.074674069,47.3979615,8.5461597,47.8922294039543
18.09479946,47.3979616,8.5461596,47.90322959055403
18.11317024,47.3979617,8.5461595,47.90722977715397
18.13360629,47.3979618,8.5461594,47.911229963754096
18.154112428,47.3979618,8.5461593,47.911230103306224
18.15439786,47.3979649,8.5461627,47.4432268170748
18.174886294,47.3979619,8.5461592,47.910230289906536
18.194417623,47.3979619,8.5461592,47.90923028990654
18.214011357,47.3979621,8.5461591,47.90223052355567
18.234695532,47.3979621,8.5461591,47.90323052355567
18.253880327,47.3979623,8.5461591,47.9022306176533
18.274376136,47.3979623,8.5461591,47.9022306176533
18.28166699,47.3979643,8.5461613,46.96322848850364
18.294247208,47.3979625,8.5461591,47.900230711751554
18.313916532,47.3979625,8.5461592,47.89823057219928
18.333779882,47.3979627,8.5461592,47.895230666298076
18.354140945,47.3979627,8.5461593,47.89223052674578
18.374643774,47.3979629,8.5461594,47.886230481292756
18.395769928,47.3979629,8.5461595,47.8852303417404
18.401846827,47.3979644,8.5461604,46.7112297915301
18.41372084,47.397963,8.5461597,47.8982301096855
18.433880561,47.397963,8.5461598,47.90622997013309
18.454407958,47.397963,8.5461601,47.91222955147588
18.474840958,47.3979631,8.5461603,47.91322931942089
18.494052988,47.3979631,8.5461605,47.91322904031601
18.515220068,47.3979632,8.5461607,47.91122880826103
18.528369863,47.3979631,8.5461622,47.63022666792395
18.534077501,47.3979632,8.546161,47.905228389603565
18.554877215,47.3979633,8.5461612,47.901228157548516
18.574361322,47.3979633,8.5461615,47.89022773889094
18.594808515,47.3979634,8.5461618,47.881227367283316
18.613916098,47.3979635,8.5461622,47.873226856123104
18.633558385,47.3979636,8.5461624,47.867226624068
18.654191509,47.3979637,8.5461628,47.860226112907654
18.654326506,47.3979634,8.5461611,47.42122834415117
18.674129331,47.3979638,8.546163,47.85422588085264
18.694329243,47.3979638,8.5461633,47.84622546219452
18.714715857,47.3979638,8.5461635,47.84122518308913
18.73372868,47.3979639,8.5461637,47.833224951034
18.754242427,47.3979639,8.5461639,47.82822467192852
18.774322744,47.3979639,8.5461641,47.820224392823015
18.777727365,47.3979629,8.546163,47.382225457405575
18.794450647,47.3979639,8.5461643,47.814224113717536
18.813574422,47.3979639,8.5461645,47.806223834612
18.833605512,47.3979639,8.5461646,47.803223695059216
18.854140721,47.3979638,8.5461647,47.7982235084564
18.874711273,47.3979638,8.5461648,47.79522336890368
18.894908714,47.3979638,8.5461649,47.79122322935092
18.906225269,47.3979618,8.546163,47.547224939876145
18.913968623,47.3979637,8.5461649,47.78822318230105
18.933889009,47.3979637,8.5461649,47.78622318230106
18.954130453,47.3979637,8.5461649,47.784223182301055
18.974469971,47.3979637,8.5461649,47.781223182301055
18.994502589,47.3979636,8.5461649,47.77922313525136
19.01407438,47.3979636,8.5461649,47.77622313525136
19.027269926,47.3979641,8.5461641,48.000224486923855
19.034114138,47.3979636,8.5461649,47.77522313525136
19.054497995,47.3979636,8.5461649,47.77222313525136
19.074384461,47.3979635,8.5461649,47.771223088201836
19.094837976,47.3979635,8.5461648,47.76922322775453
19.113999149,47.3979635,8.5461648,47.76822322775453
19.134098811,47.3979635,8.5461648,47.76622322775453
19.15439768,47.3979635,8.5461648,47.76522322775453
19.154718944,47.3979648,8.5461645,46.941224258069774
19.173834034,47.3979635,8.5461648,47.76422322775453
19.194739995,47.3979634,8.5461648,47.76322318070512
19.213864527,47.3979634,8.5461648,47.761223180705116
19.234355152,47.3979634,8.5461648,47.75922318070512
19.25451726,47.3979634,8.5461648,47.75722318070512
19.27456781,47.3979634,8.5461648,47.755223180705116
19.28189649,47.3979642,8.5461649,47.37422341755184
19.295744054,47.3979634,8.5461648,47.75322318070512
19.314462568,47.3979634,8.5461648,47.752223180705116
19.334140282,47.3979634,8.5461647,47.75022332025779
19.354570804,47.3979634,8.5461647,47.74922332025779
19.374214472,47.3979634,8.5461647,47.748223320257786
19.395096623,47.3979633,8.5461647,47.74722327320849
19.405281552,47.3979684,8.5461679,46.98322120719421
19.413856246,47.3979633,8.5461647,47.74622327320849
19.434079213,47.3979633,8.5461647,47.74522327320849
19.454726814,47.3979633,8.5461647,47.74322327320849
19.474087866,47.3979634,8.5461647,47.74122332025779
19.494355635,47.3979634,8.5461647,47.73822332025779
19.51487652,47.3979634,8.5461647,47.73722332025779
19.5288868,47.3979658,8.5461643,48.142225007699466
19.533927659,47.3979634,8.5461647,47.73522332025779
19.55437958,47.3979634,8.5461647,47.733223320257785
19.575033159,47.3979634,8.5461647,47.73222332025779
19.594885083,47.3979634,8.5461646,47.73222345981043
19.614686113,47.3979634,8.5461646,47.73122345981043
19.634423671,47.3979635,8.5461646,47.73122350685987
19.654413845,47.3979635,8.5461646,47.730223506859865
19.654937541,47.3979668,8.5461651,46.70622436181106
19.674645893,47.3979635,8.5461646,47.730223506859865
19.694301283,47.3979635,8.5461646,47.72922350685987
19.714068677,47.3979635,8.5461646,47.72822350685987
19.733634385,47.3979636,8.5461646,47.72622355390948
19.754147762,47.3979636,8.5461646,47.72522355390948
19.773968036,47.3979636,8.5461646,47.72322355390948
19.781858232,47.3979652,8.5461662,48.09522207387465
19.794407625,47.3979636,8.5461646,47.72222355390948
19.814695792,47.3979636,8.5461646,47.721223553909475
19.834062522,47.3979636,8.5461646,47.72022355390948
19.853800267,47.3979637,8.5461646,47.718223600959256
19.874987739,47.3979637,8.5461646,47.71722360095926
19.894751446,47.3979637,8.5461646,47.71622360095926
19.905705078,47.3979659,8.5461643,46.15222505475269
19.914545485,47.3979637,8.5461646,47.715223600959256
19.934076679,47.3979637,8.5461647,47.71422346140653
19.95414058,47.3979637,8.5461647,47.71222346140653
19.973844093,47.3979637,8.5461647,47.70822346140653
19.993480574,47.3979638,8.5461647,47.7052235084564
20.012944178,47.3979638,8.5461647,47.7022235084564
20.02893292,47.3979633,8.5461641,48.677224110524186
20.03314433,47.3979638,8.5461647,47.700223508456396
20.053054065,47.3979638,8.5461647,47.6962235084564
20.073575607,47.3979638,8.5461647,47.6952235084564
20.093365685,47.3979638,8.5461647,47.694223508456396
20.112979813,47.3979638,8.5461647,47.6932235084564
20.132924455,47.3979638,8.5461647,47.6922235084564
20.152984123,47.3979638,8.5461647,47.691223508456396
20.153128852,47.3979668,8.5461617,47.18722910662676
20.173190254,47.3979638,8.5461647,47.6902235084564
20.193348973,47.3979638,8.5461647,47.6902235084564
20.213048622,47.3979639,8.5461647,47.68722355550646
20.233009139,47.3979639,8.5461647,47.68522355550647
20.253245785,47.3979639,8.5461647,47.683223555506466
20.273160267,47.3979639,8.5461646,47.68222369505922
20.280795565,47.397964,8.5461683,47.52921857865408
20.293208911,47.3979639,8.5461646,47.67922369505922
20.313132812,47.3979639,8.5461646,47.678223695059216
20.333322467,47.3979639,8.5461646,47.67622369505922
20.354298209,47.3979639,8.5461646,47.675223695059216
20.374524247,47.3979639,8.5461646,47.67322369505922
20.394748105,47.3979639,8.5461646,47.67122369505922
20.405845315,47.397967,8.5461628,46.86422766565007
20.414115243,47.3979639,8.5461646,47.67022369505922
20.433870338,47.397964,8.5461646,47.66922374210945
20.454242152,47.397964,8.5461645,47.66622388166223
20.475064453,47.397964,8.5461645,47.66422388166224
20.495582417,47.397964,8.5461645,47.662223881662236
20.51419353,47.397964,8.5461645,47.66022388166223
20.528011669,47.3979629,8.5461625,47.46422615516795
20.535930021,47.397964,8.5461644,47.65822402121505
20.553989825,47.397964,8.5461644,47.65722402121504
20.57469779,47.397964,8.5461644,47.65522402121505
20.594512362,47.397964,8.5461644,47.65422402121504
20.613502792,47.397964,8.5461644,47.65222402121505
20.633952807,47.397964,8.5461643,47.651224160767825
20.654040745,47.3979641,8.5461643,47.649224207818264
20.654286632,47.3979638,8.5461659,48.430221833823246
20.674772724,47.3979641,8.5461643,47.64822420781826
20.694519784,47.3979641,8.5461643,47.64722420781826
20.713896188,47.3979641,8.5461643,47.646224207818264
20.734338337,47.3979641,8.5461642,47.646224347371074
20.754397253,47.3979641,8.5461642,47.646224347371074
20.774238952,47.397964,8.5461642,47.64522430032058
20.777635091,47.3979641,8.5461673,47.381220021232735
20.794644847,47.397964,8.5461642,47.64522430032058
20.813813132,47.397964,8.5461642,47.64522430032058
20.833848034,47.397964,8.5461642,47.64322430032058
20.854748862,47.397964,8.5461642,47.64122430032058
20.874330515,47.397964,8.5461642,47.64022430032058
20.894795344,47.397964,8.5461643,47.63822416076783
20.906514221,47.3979645,8.5461614,47.1802284430542
20.91382719,47.397964,8.5461643,47.63722416076783
20.934286147,47.397964,8.5461643,47.63522416076783
20.95458875,47.397964,8.5461643,47.63422416076783
20.974145018,47.397964,8.5461643,47.63222416076783
20.994931084,47.3979641,8.5461643,47.63022420781826
21.013603046,47.3979641,8.5461643,47.62922420781826
21.02781635,47.3979662,8.5461661,47.71822268395349
21.034268742,47.3979641,8.5461643,47.62722420781826
21.054090524,47.3979641,8.5461643,47.62622420781826
21.074819809,47.3979641,8.5461643,47.62522420781826
21.094813516,47.3979641,8.5461644,47.624224068265455
21.114269146,47.3979642,8.5461644,47.62422411531606
21.134068254,47.3979642,8.5461644,47.623224115316056
21.154135945,47.3979642,8.5461644,47.62222411531606
21.154387174,47.3979634,8.5461653,47.43322248294181
21.175097503,47.3979642,8.5461644,47.62222411531606
21.194548046,47.3979642,8.5461644,47.62222411531606
21.214197459,47.3979643,8.5461644,47.62122416236678
21.233417214,47.3979643,8.5461645,47.62122402281391
21.253886939,47.3979643,8.5461645,47.62022402281391
21.27429326,47.3979643,8.5461645,47.62022402281391
21.281523524,47.397965,8.5461642,47.43022477083223
21.29477159,47.3979643,8.5461645,47.62022402281391
21.314357267,47.3979643,8.5461645,47.62022402281391
21.334136954,47.3979643,8.5461645,47.62022402281391
21.354141903,47.3979644,8.5461645,47.62022406986477
21.374309988,47.3979644,8.5461645,47.62022406986477
21.394896898,47.3979644,8.5461645,47.62022406986477
21.401456957,47.3979638,8.5461665,47.5602209965065
21.414638458,47.3979644,8.5461645,47.62022406986477
21.434511299,47.3979645,8.5461645,47.621224116915805
21.454076048,47.3979645,8.5461645,47.621224116915805
21.474347122,47.3979645,8.5461645,47.621224116915805
21.494396418,47.3979645,8.5461645,47.621224116915805
21.514498119,47.3979645,8.5461645,47.6222241169158
21.527578919,47.3979657,8.5461636,47.61122593751853
21.535010472,47.3979646,8.5461645,47.622224163966976
21.554367051,47.3979646,8.5461645,47.623224163966974
21.574978467,47.3979646,8.5461645,47.623224163966974
21.594595922,47.3979646,8.5461645,47.62422416396698
21.614487571,47.3979646,8.5461645,47.625224163966976
21.633795205,47.3979647,8.5461645,47.62622421101829
21.653860071,47.3979647,8.5461645,47.62722421101829
21.654124413,47.3979633,8.5461649,47.66222299410321
21.67493328,47.3979647,8.5461645,47.62822421101829
21.695525445,47.3979647,8.5461645,47.62822421101829
21.714080054,47.3979647,8.5461645,47.62822421101829
21.734165396,47.3979647,8.5461645,47.62822421101829
21.753232504,47.3979648,8.5461645,47.62822425806978
21.773957966,47.3979648,8.5461645,47.62822425806978
21.781738978,47.3979631,8.546166,46.874221364926576
21.794617863,47.3979648,8.5461645,47.62822425806978
21.814591774,47.3979648,8.5461645,47.62822425806978
21.834764053,47.3979648,8.5461645,47.627224258069774
21.854173951,47.3979648,8.5461645,47.62522425806978
21.875207532,47.3979648,8.5461645,47.62422425806978
21.895543214,47.3979648,8.5461645,47.62222425806978
21.905644757,47.3979634,8.5461647,48.28922332025779
21.914579396,47.3979648,8.5461645,47.62122425806978
21.934193915,47.3979648,8.5461645,47.620224258069776
21.954223204,47.3979648,8.5461645,47.620224258069776
21.974262654,47.3979648,8.5461645,47.620224258069776
21.994303794,47.3979648,8.5461645,47.62122425806978
22.014192114,47.3979648,8.5461645,47.62122425806978
22.027108573,47.3979679,8.5461656,48.07322418165125
22.034128402,47.3979648,8.5461645,47.62122425806978
22.053826379,47.3979648,8.5461645,47.62122425806978
22.074754433,47.3979648,8.5461645,47.62222425806978
22.094897129,47.3979649,8.5461645,47.623224305121404
22.114595235,47.3979649,8.5461645,47.62422430512141
22.134201804,47.3979649,8.5461645,47.62422430512141
22.154172524,47.3979649,8.5461645,47.62522430512141
22.154644667,47.3979625,8.5461651,48.61522233861006
22.174026222,47.3979649,8.5461645,47.62522430512141
22.195190687,47.3979649,8.5461645,47.626224305121404
22.213938625,47.397965,8.5461645,47.628224352173206
22.234212874,47.397965,8.5461645,47.6292243521732
22.254197224,47.397965,8.5461645,47.6302243521732
22.275959759,47.397965,8.5461645,47.6302243521732
22.285990179,47.3979661,8.5461635,47.49322626528562
22.299742429,47.3979651,8.5461645,47.63022439922514
22.315981901,47.3979651,8.5461645,47.63022439922514
22.335387603,47.3979652,8.5461644,47.62922458583029
22.353414593,47.3979652,8.5461644,47.628224585830296
22.373163263,47.3979653,8.5461644,47.626224632882575
22.394005064,47.3979654,8.5461644,47.624224679935004
22.405753051,47.3979675,8.5461677,47.59822106280107
22.413969921,47.3979655,8.5461644,47.6182247269876
22.433753579,47.3979655,8.5461643,47.61622486654072
22.454303349,47.3979654,8.5461645,47.65622454038188
22.474309954,47.3979654,8.5461646,47.68422440082878
22.495550703,47.3979653,8.5461648,47.7212240746702
22.514287421,47.3979652,8.546165,47.74322374851187
22.528330197,47.3979671,8.546165,47.36422464252876
22.535996862,47.3979651,8.5461652,47.77122342235377
22.554866107,47.397965,8.5461653,47.78722323574893
22.57440231,47.397965,8.5461655,47.80722295664286
22.594822671,47.3979649,8.5461657,47.81822263048524
22.614128633,47.3979649,8.546166,47.831222211826095
22.633821224,47.3979648,8.5461662,47.83622188566876
22.6494634,47.3979654,8.5461693,47.1492178418288
22.653884485,47.3979648,8.5461664,47.840221606562714
22.674606952,47.3979647,8.5461666,47.83922128040564
22.69555035,47.3979647,8.5461669,47.832220861746585
22.713845058,47.3979646,8.5461671,47.82322053558982
22.73427418,47.3979645,8.5461675,47.80621993032729
22.75454198,47.3979644,8.5461677,47.791219604171005
22.7742138,47.3979644,8.5461681,47.76521904595906
22.781413156,47.3979678,8.54617,48.74721799422899
22.794220713,47.3979643,8.5461683,47.74621871980309
22.81418903,47.3979643,8.5461685,47.71221844069712
22.834012397,47.3979642,8.5461687,47.69421811454141
22.854255066,47.3979641,8.5461689,47.69021778838592
22.874960663,47.3979641,8.546169,47.687217648833
22.89442452,47.3979641,8.5461693,47.68221723017412
22.905983338,47.3979635,8.5461699,47.32021611056371
22.914435025,47.397964,8.5461694,47.677217043571865
22.934145384,47.397964,8.5461697,47.669216624913034
22.954327285,47.3979639,8.5461698,47.66421643831107
22.973850121,47.3979639,8.5461699,47.65921629875812
22.994572098,47.3979637,8.5461699,47.67621620466063
23.01414976,47.3979635,8.5461699,47.69921611056371
23.027341244,47.397965,8.5461716,47.23121444390072
23.03400234,47.3979634,8.5461699,47.71221606351552
23.053785436,47.397963,8.5461699,47.755215875324154
23.074683035,47.3979627,8.5461699,47.78321573418232
23.094687325,47.3979622,8.5461699,47.8222154989489
23.114199179,47.397962,8.5461699,47.84421540485665
23.134215977,47.3979615,8.54617,47.87421503007631
23.153945075,47.3979613,8.54617,47.891214935986206
23.154276884,47.397963,8.5461701,46.81121559621874
23.174857637,47.3979609,8.54617,47.911214747807946
23.194990355,47.3979606,8.5461701,47.922214467123666
23.214050224,47.3979602,8.5461702,47.926214139397686
23.234529982,47.39796,8.5461703,47.926213905759695
23.25364578,47.3979597,8.5461705,47.922213485528005
23.27515375,47.3979595,8.5461706,47.91721325189178
23.281693511,47.3979602,8.5461704,47.71421386029351
23.294379136,47.3979591,8.5461708,47.90621278462145
23.31393332,47.3979589,8.5461709,47.896212550987386
23.334160183,47.3979586,8.546171,47.875212270313426
23.354268321,47.3979583,8.5461712,47.8582118500893
23.374660431,47.397958,8.5461714,47.829211429866824
23.394699499,47.3979578,8.5461715,47.80721119623665
23.406086132,47.397962,8.5461697,48.12321568396161
23.414190776,47.3979575,8.5461717,47.77221077601693
23.434236349,47.3979573,8.5461718,47.74621054238852
23.453738412,47.397957,8.546172,47.71821012217155
23.474002329,47.3979568,8.5461721,47.71420988854493
23.494425922,47.3979566,8.5461722,47.70720965491902
23.514590747,47.3979564,8.5461722,47.70220956084506
23.527938225,47.3979579,8.5461716,47.571211103724266
23.534487941,47.3979561,8.5461723,47.69220928018415
23.554118413,47.397956,8.5461724,47.68320909359668
23.574317605,47.3979558,8.5461724,47.67020899952469
23.594545506,47.3979556,8.5461724,47.66120890545329
23.613853014,47.3979555,8.5461724,47.658208858417865
23.63424455,47.3979554,8.5461723,47.654208950933565
23.65404829,47.3979552,8.5461722,47.651208996414354
23.654290421,47.3979574,8.546173,48.039208914808896
23.674005646,47.3979552,8.5461722,47.65520899641436
23.69495886,47.3979551,8.5461721,47.661209088930434
23.71419603,47.3979551,8.5461721,47.664209088930434
23.734285995,47.3979551,8.5461721,47.66820908893043
23.754162784,47.3979551,8.5461721,47.66920908893043
23.774029334,47.3979552,8.546172,47.670209275516314
23.782002832,47.3979574,8.5461697,47.86021352000729
23.794369588,47.3979552,8.546172,47.670209275516314
23.814380692,47.3979552,8.546172,47.66820927551631
23.834412188,47.3979553,8.546172,47.6652093225514
23.854278705,47.3979553,8.546172,47.6612093225514
23.873969661,47.3979554,8.5461721,47.66020923003563
23.894711692,47.3979554,8.5461721,47.65820923003564
23.906198792,47.3979565,8.5461703,47.21621225935581
23.91455224,47.3979555,8.5461721,47.65620927707101
23.934199795,47.3979556,8.5461722,47.65320918455547
23.953903065,47.3979556,8.5461723,47.650209045004395
23.974150043,47.3979557,8.5461723,47.64520909204002
23.994764066,47.3979558,8.5461724,47.642208999524684
24.014710725,47.3979559,8.5461725,47.64220890700946
24.027228176,47.397957,8.5461725,47.96720942441452
24.035399511,47.3979559,8.5461725,47.64220890700946
24.054646235,47.397956,8.5461725,47.642208954045515
24.073746751,47.397956,8.5461725,47.642208954045515
24.094488692,47.3979561,8.5461725,47.64120900108171
24.113708849,47.3979561,8.5461724,47.640209140632905
24.134500959,47.3979561,8.5461724,47.6412091406329
24.153818227,47.3979562,8.5461724,47.641209187669325
24.15421652,47.3979538,8.5461762,48.340202755911115
24.1740913,47.3979562,8.5461724,47.641209187669325
24.194462423,47.3979563,8.5461724,47.64120923470586
24.214491217,47.3979563,8.5461724,47.64220923470586
24.23475226,47.3979563,8.5461724,47.643209234705864
24.25441593,47.3979564,8.5461724,47.64420928174254
24.273796535,47.3979564,8.5461724,47.64420928174254
24.277582077,47.3979585,8.5461728,47.597209711341655
24.295199932,47.3979564,8.5461724,47.64520928174254
24.314554518,47.3979564,8.5461724,47.64620928174254
24.3339842,47.3979564,8.5461724,47.64620928174254
24.354816142,47.3979565,8.5461724,47.64620932877939
24.37454724,47.3979565,8.5461724,47.64720932877939
24.394837911,47.3979565,8.5461724,47.64720932877939
24.405840868,47.3979563,8.5461711,47.68121104887176
24.413784332,47.3979565,8.5461724,47.64720932877939
24.433121156,47.3979565,8.5461723,47.64720946833069
24.45426291,47.3979566,8.5461723,47.64720951536771
24.473934896,47.3979566,8.5461723,47.64720951536771
24.494293548,47.3979566,8.5461723,47.64720951536771
24.514826854,47.3979566,8.5461723,47.64720951536771
24.528541866,47.3979553,8.5461719,47.88820946210239
24.535154297,47.3979566,8.5461723,47.64720951536771
24.553911544,47.3979566,8.5461723,47.64720951536771
24.575116842,47.3979566,8.5461722,47.64720965491902
24.594213751,47.3979567,8.5461722,47.64720970195621
24.61380971,47.3979567,8.5461722,47.64720970195621
24.63374781,47.3979567,8.5461722,47.64720970195621
24.649134475,47.397957,8.5461689,47.01721444826322
24.65367167,47.3979567,8.5461722,47.64720970195621
24.674661272,47.3979567,8.5461722,47.64720970195621
24.695159975,47.3979567,8.5461722,47.64620970195621
24.714056581,47.3979567,8.5461722,47.645209701956205
24.734069241,47.3979567,8.5461722,47.64320970195621
24.754599243,47.3979567,8.5461722,47.642209701956205
24.774075886,47.3979567,8.5461722,47.64120970195621
24.781059149,47.3979566,8.5461728,47.520208817611106
24.793483114,47.3979567,8.5461722,47.64020970195621
24.813814419,47.3979568,8.5461722,47.63820974899357
24.833621191,47.3979568,8.5461722,47.63720974899357
24.853992714,47.3979568,8.5461722,47.63520974899357
24.874342651,47.3979568,8.5461722,47.63420974899357
24.895359526,47.3979568,8.5461721,47.63220988854493
24.906258374,47.3979536,8.5461715,48.34720922072878
24.914588656,47.3979568,8.5461721,47.63120988854493
24.934505538,47.3979568,8.5461721,47.62920988854493
24.953850283,47.3979568,8.5461721,47.62920988854493
24.974932889,47.3979568,8.5461721,47.62920988854493
24.994776694,47.3979568,8.5461721,47.62920988854493
25.014236283,47.3979568,8.5461721,47.62920988854493
25.027412371,47.3979597,8.5461692,47.57621529970343
25.033845854,47.3979568,8.5461721,47.62920988854493
25.054124673,47.3979568,8.5461721,47.630209888544925
25.074734857,47.3979568,8.5461721,47.630209888544925
25.095012828,47.3979568,8.5461721,47.630209888544925
25.113971517,47.3979568,8.5461721,47.630209888544925
25.134110512,47.3979569,8.5461721,47.63020993558246
25.154121304,47.3979569,8.5461721,47.62920993558246
25.154401659,47.3979556,8.5461706,47.246211417372244
25.174135089,47.3979569,8.546172,47.62921007513382
25.194719978,47.3979569,8.546172,47.62921007513382
25.213917138,47.3979569,8.546172,47.62821007513382
25.234115909,47.3979569,8.546172,47.62821007513382
25.254253231,47.3979569,8.546172,47.62621007513382
25.274202153,47.3979569,8.546172,47.62621007513382
25.281746576,47.3979575,8.5461711,47.47621161332586
25.294403377,47.3979569,8.546172,47.62521007513382
25.31400488,47.3979569,8.546172,47.624210075133824
25.333796895,47.3979569,8.5461719,47.62321021468518
25.354088006,47.3979569,8.5461719,47.62321021468518
25.373900566,47.3979569,8.5461719,47.62221021468518
25.394810325,47.3979569,8.5461719,47.621210214685185
25.406547267,47.3979588,8.5461701,46.6762136203606
25.414346268,47.3979569,8.5461719,47.62021021468518
25.433704669,47.3979569,8.5461719,47.62021021468518
25.454235313,47.3979569,8.5461718,47.618210354236574
25.473802249,47.3979569,8.5461718,47.61621035423657
25.495287395,47.3979569,8.5461718,47.61421035423657
25.514429611,47.3979569,8.5461718,47.61221035423657
25.529490849,47.3979572,8.5461726,47.293209378938705
25.534873649,47.3979569,8.5461717,47.6102104937879
25.554101937,47.3979569,8.5461717,47.609210493787906
25.573882943,47.3979569,8.5461717,47.6072104937879
25.59486808,47.3979569,8.5461717,47.6042104937879
25.61450386,47.3979569,8.5461717,47.6012104937879
25.633897144,47.3979569,8.5461717,47.5992104937879
25.653986674,47.3979569,8.5461716,47.59621063333929
25.654320657,47.3979584,8.5461699,47.56621371130111
25.674191339,47.3979569,8.5461716,47.594210633339294
25.694135919,47.3979569,8.5461716,47.591210633339294
25.714184182,47.3979569,8.5461716,47.58921063333929
25.734209313,47.3979569,8.5461715,47.58721077289065
25.754540054,47.3979569,8.5461715,47.585210772890655
25.774430032,47.3979569,8.5461715,47.582210772890654
25.781550178,47.3979555,8.5461736,47.959207183804914
25.795180941,47.3979569,8.5461715,47.58121077289065
25.814014242,47.3979569,8.5461715,47.579210772890654
25.833899143,47.3979569,8.5461715,47.57821077289065
25.853712658,47.3979569,8.5461715,47.576210772890654
25.874560913,47.3979569,8.5461715,47.57521077289065
25.894062411,47.3979569,8.5461715,47.573210772890654
25.905934558,47.3979576,8.5461725,47.73420970664332
25.913791734,47.3979569,8.5461715,47.57221077289065
25.934426992,47.3979569,8.5461715,47.57121077289065
25.954145369,47.3979569,8.5461715,47.570210772890654
25.974290253,47.3979569,8.5461715,47.570210772890654
25.994785502,47.3979569,8.5461715,47.570210772890654
26.013502863,47.3979569,8.5461715,47.570210772890654
26.027893112,47.3979562,8.5461717,47.92721016452777
26.034968826,47.3979569,8.5461715,47.570210772890654
26.054316783,47.3979569,8.5461715,47.570210772890654
26.074291751,47.3979569,8.5461715,47.570210772890654
26.095704265,47.3979569,8.5461715,47.570210772890654
26.114812202,47.3979569,8.5461715,47.56921077289065
26.134120395,47.3979569,8.5461715,47.56921077289065
26.154238837,47.3979569,8.5461715,47.56921077289065
26.154507614,47.3979578,8.5461743,47.85120728879156
26.173858399,47.3979569,8.5461716,47.56921063333929
26.194008472,47.3979569,8.5461716,47.56921063333929
26.213839755,47.3979569,8.5461716,47.56921063333929
26.233940735,47.3979569,8.5461716,47.56921063333929
26.25436345,47.3979569,8.5461716,47.56921063333929
26.274336552,47.3979569,8.5461717,47.5692104937879
26.281301309,47.3979592,8.5461748,47.81320724958549
26.294407658,47.3979569,8.5461717,47.5692104937879
26.314823093,47.3979569,8.5461717,47.5692104937879
26.333695546,47.397957,8.5461717,47.57021054082572
26.354625506,47.397957,8.5461718,47.57021040127433
26.374398938,47.397957,8.5461718,47.57121040127433
26.394128516,47.397957,8.5461718,47.57121040127433
26.401615907,47.3979579,8.5461709,47.10321208058536
26.413675528,47.397957,8.5461719,47.57121026172291
26.433854194,47.397957,8.5461719,47.57221026172291
26.453514014,47.397957,8.5461719,47.57121026172291
26.474429673,47.397957,8.5461719,47.57121026172291
26.494863125,47.397957,8.5461719,47.57121026172291
26.514636931,47.397957,8.546172,47.57121012217155
26.528066608,47.3979589,8.5461719,46.780211155469175
26.534009322,47.397957,8.546172,47.57021012217155
26.553610741,47.397957,8.546172,47.57021012217155
26.574282103,47.397957,8.546172,47.56921012217155
26.594208658,47.397957,8.546172,47.56721012217155
26.614208742,47.397957,8.5461721,47.56520998262016
26.63429047,47.397957,8.5461721,47.56420998262016
26.654088485,47.3979571,8.5461721,47.562210029658004
26.654553495,47.3979608,8.5461727,48.058210932852724
26.673872534,47.3979571,8.5461721,47.56121002965801
26.695119726,47.3979571,8.5461721,47.56021002965801
26.714542631,47.3979571,8.5461721,47.559210029658004
26.734343057,47.3979571,8.5461722,47.55920989010656
26.754387715,47.3979571,8.5461722,47.55820989010656
26.774133401,47.3979571,8.5461722,47.55820989010656
26.77772818,47.3979583,8.5461689,48.056215059776875
26.7943828,47.3979572,8.5461722,47.55720993714452
26.813865588,47.3979572,8.5461722,47.55720993714452
26.833783236,47.3979572,8.5461722,47.55720993714452
26.854314404,47.3979572,8.5461722,47.55720993714452
26.874309363,47.3979572,8.5461722,47.55720993714452
26.894698598,47.3979573,8.5461722,47.55720998418265
26.906872512,47.3979569,8.546171,47.627211470647396
26.914406962,47.3979573,8.5461722,47.55720998418265
26.934345572,47.3979573,8.5461722,47.55720998418265
26.954310846,47.3979573,8.5461721,47.55721012373415
26.974646278,47.3979573,8.5461721,47.55721012373415
26.994417044,47.3979573,8.5461721,47.55721012373415
27.0141304,47.3979573,8.5461721,47.55621012373415
27.027060434,47.3979582,8.5461715,48.535211384394415
27.034529198,47.3979573,8.5461721,47.55621012373415
27.053861581,47.3979573,8.5461721,47.55621012373415
27.074672854,47.3979573,8.5461721,47.55621012373415
27.094638511,47.3979573,8.546172,47.558210263285595
27.113867595,47.3979573,8.546172,47.5602102632856
27.1341877,47.3979573,8.546172,47.56221026328559
27.149491846,47.39796,8.5461703,48.60721390575969
27.154066417,47.3979573,8.546172,47.5632102632856
27.174258477,47.3979573,8.546172,47.564210263285595
27.195427451,47.3979574,8.546172,47.56521031032392
27.214008798,47.3979574,8.546172,47.56821031032392
27.234399283,47.3979574,8.546172,47.57021031032392
27.25443564,47.3979574,8.546172,47.57321031032392
27.273978092,47.3979574,8.546172,47.57521031032392
27.281695989,47.3979608,8.5461736,47.498209676881835
27.294720735,47.3979574,8.546172,47.57721031032392
27.313962022,47.3979574,8.546172,47.57921031032392
27.334109654,47.3979574,8.546172,47.58121031032392
27.354377912,47.3979574,8.546172,47.58221031032392
27.373986599,47.3979574,8.546172,47.58321031032392
27.394936397,47.3979575,8.546172,47.58421035736239
27.406164301,47.3979556,8.5461699,47.02121239422932
27.41387454,47.3979575,8.546172,47.58521035736239
27.43418732,47.3979575,8.546172,47.58621035736239
27.454183015,47.3979575,8.5461719,47.58721049691389
27.474483348,47.3979575,8.5461719,47.58721049691389
27.494481734,47.3979575,8.5461719,47.588210496913895
27.514594477,47.3979575,8.5461719,47.588210496913895
27.527643044,47.3979584,8.54617,48.05621357174947
27.534560887,47.3979575,8.5461719,47.588210496913895
27.554197619,47.3979575,8.5461719,47.58921049691389
27.57436728,47.3979575,8.5461719,47.58921049691389
27.594571475,47.3979576,8.5461719,47.59021054395259
27.614646573,47.3979576,8.5461719,47.59121054395259
27.633601758,47.3979576,8.5461719,47.59221054395259
27.654365063,47.3979576,8.5461718,47.59321068350412
27.654837202,47.3979563,8.5461689,47.68421411899743
27.673725498,47.3979576,8.5461718,47.59321068350412
27.694682901,47.3979576,8.5461718,47.59421068350412
27.713888769,47.3979576,8.5461718,47.59521068350412
27.734068286,47.3979576,8.5461718,47.59721068350412
27.75383601,47.3979576,8.5461718,47.59821068350412
27.774201607,47.3979576,8.5461718,47.60021068350412
27.781624414,47.3979591,8.5461702,46.505213621932455
27.794304245,47.3979576,8.5461717,47.600210823055626
27.813824346,47.3979576,8.5461717,47.60221082305562
27.834155988,47.3979576,8.5461717,47.600210823055626
27.854052456,47.3979576,8.5461717,47.598210823055624
27.874215658,47.3979576,8.5461717,47.597210823055626
27.895205951,47.3979576,8.5461716,47.59621096260715
27.90180373,47.397958,8.5461734,47.82920863883401
27.914185028,47.3979576,8.5461716,47.595210962607155
27.933928071,47.3979576,8.5461716,47.59321096260715
27.95404343,47.3979576,8.5461716,47.592210962607155
27.973967153,47.3979576,8.5461716,47.59121096260716
27.995003453,47.3979577,8.5461716,47.591211009646024
28.014128338,47.3979577,8.5461715,47.59021114919758
28.027682129,47.3979564,8.5461715,46.55221053770382
28.034231882,47.3979577,8.5461715,47.58921114919758
28.054120276,47.3979577,8.5461715,47.58821114919758
28.074025102,47.3979577,8.5461715,47.58721114919758
28.096012698,47.3979577,8.5461715,47.58521114919758
28.114425186,47.3979577,8.5461715,47.58321114919758
28.133423759,47.3979577,8.5461715,47.58121114919758
28.149536369,47.3979566,8.5461705,48.34421202729079
28.154260977,47.3979577,8.5461715,47.58021114919758
28.173822799,47.3979577,8.5461714,47.57821128874911
28.194306886,47.3979577,8.5461714,47.57721128874911
28.214025389,47.3979576,8.5461714,47.57721124171019
28.234526583,47.3979576,8.5461714,47.57721124171019
28.254344575,47.3979576,8.5461714,47.578211241710186
28.274909099,47.3979576,8.5461714,47.578211241710186
28.281618065,47.3979582,8.5461737,47.58820831425715
28.294925641,47.3979576,8.5461714,47.578211241710186
28.313807945,47.3979576,8.5461714,47.578211241710186
28.334523712,47.3979576,8.5461714,47.57921124171019
28.354192255,47.3979576,8.5461714,47.57921124171019
28.374200194,47.3979576,8.5461714,47.58021124171019
28.394621017,47.3979576,8.5461714,47.58021124171019
28.406513056,47.3979574,8.5461705,47.31221240359589
28.414273765,47.3979576,8.5461714,47.58021124171019
28.434366397,47.3979576,8.5461714,47.581211241710186
28.453789006,47.3979576,8.5461714,47.581211241710186
28.474019812,47.3979576,8.5461714,47.581211241710186
28.494480217,47.3979576,8.5461714,47.581211241710186
28.513998662,47.3979576,8.5461714,47.58221124171019
28.528384188,47.3979572,8.5461714,46.754211053556
28.534118597,47.3979576,8.5461714,47.58221124171019
28.554819085,47.3979576,8.5461714,47.58221124171019
28.574358069,47.3979576,8.5461714,47.58221124171019
28.59465934,47.3979576,8.5461714,47.581211241710186
28.61435745,47.3979576,8.5461714,47.57921124171019
28.634006082,47.3979576,8.5461714,47.578211241710186
28.654402503,47.3979576,8.5461714,47.57721124171019
28.654777148,47.3979564,8.5461727,46.83720886308871
28.673878343,47.3979576,8.5461714,47.57621124171019
28.694324266,47.3979576,8.5461714,47.57421124171019
28.714651422,47.3979576,8.5461714,47.57321124171019
28.7343651,47.3979575,8.5461714,47.571211194671406
28.754127862,47.3979575,8.5461714,47.569211194671404
28.774974457,47.3979575,8.5461714,47.56721119467141
28.78189694,47.3979563,8.5461739,47.13620714143681
28.794198378,47.3979575,8.5461714,47.5662111946714
28.815174862,47.3979575,8.5461715,47.564211055119934
28.834982115,47.3979575,8.5461715,47.563211055119936
28.8530863,47.3979575,8.5461715,47.561211055119934
28.873133134,47.3979575,8.5461715,47.55921105511993
28.893379609,47.3979575,8.5461715,47.55821105511993
28.90567725,47.3979568,8.5461709,47.63921156316091
28.913062624,47.3979574,8.5461715,47.55621100808132
28.933162063,47.3979574,8.5461715,47.55521100808132
28.953766391,47.3979574,8.5461715,47.554211008081325
28.973816491,47.3979574,8.5461715,47.55221100808132
28.994843511,47.3979574,8.5461716,47.55121086852988
29.014043744,47.3979574,8.5461716,47.550210868529874
29.026964637,47.397957,8.5461709,46.72121165723669
29.033570844,47.3979573,8.5461716,47.549210821491435
29.053351603,47.3979573,8.5461716,47.54821082149144
29.074316761,47.3979573,8.5461716,47.54721082149143
29.094794446,47.3979573,8.5461716,47.54521082149144
29.113947028,47.3979573,8.5461716,47.543210821491435
29.134235273,47.3979572,8.5461716,47.54221077445317
29.154659096,47.3979572,8.5461716,47.540210774453165
29.155196567,47.3979594,8.5461702,46.2382137630575
29.174542105,47.3979572,8.5461716,47.53921077445317
29.194757791,47.3979572,8.5461716,47.53821077445316
29.214180921,47.3979572,8.5461716,47.53321077445317
29.23398089,47.3979572,8.5461716,47.531210774453164
29.253825344,47.3979572,8.5461716,47.52721077445317
29.274371965,47.3979572,8.5461716,47.525210774453164
29.281541107,47.3979563,8.5461728,47.34320867650084
29.294910619,47.3979572,8.5461716,47.522210774453164
29.314231505,47.3979572,8.5461716,47.52021077445316
29.334888666,47.3979571,8.5461716,47.51721072741503
29.353731724,47.3979571,8.5461716,47.51521072741504
29.374406154,47.3979571,8.5461716,47.513210727415036
29.395121722,47.3979571,8.5461716,47.51121072741503
29.401614496,47.3979593,8.5461732,47.06320952945801
29.414238794,47.3979571,8.5461716,47.50921072741504
29.434046825,47.3979571,8.5461716,47.50821072741503
29.453485753,47.3979571,8.5461716,47.50621072741504
29.474208698,47.3979571,8.5461716,47.50521072741503
29.494755471,47.3979571,8.5461716,47.50321072741504
29.513862587,47.3979571,8.5461716,47.501210727415035
29.528993426,47.3979588,8.5461691,47.48621501587795
29.533664852,47.3979571,8.5461716,47.50021072741504
29.555497126,47.397957,8.5461716,47.49921068037708
29.573972938,47.397957,8.5461716,47.49721068037708
29.594019132,47.397957,8.5461716,47.49621068037708
29.613990268,47.3979571,8.5461716,47.49421072741504
29.634082116,47.3979571,8.5461716,47.49321072741504
29.649333429,47.3979573,8.5461728,47.3672091468738
29.653560918,47.3979571,8.5461716,47.492210727415035
29.673832853,47.3979571,8.5461716,47.49121072741504
29.694675792,47.3979571,8.5461716,47.49021072741504
29.713977366,47.3979571,8.5461716,47.489210727415035
29.734024372,47.3979571,8.5461716,47.48821072741504
29.754204304,47.3979571,8.5461716,47.48721072741504
29.773932531,47.3979571,8.5461716,47.486210727415035
29.777714168,47.3979582,8.5461704,47.600212919462486
29.794926991,47.3979571,8.5461716,47.486210727415035
29.814083106,47.3979571,8.5461716,47.48521072741504
29.834100008,47.3979571,8.5461716,47.48521072741504
29.853732244,47.3979571,8.5461716,47.48521072741504
29.874521781,47.3979571,8.5461716,47.486210727415035
29.894512767,47.3979571,8.5461716,47.486210727415035
29.906680037,47.3979579,8.5461736,47.818208312691766
29.914716338,47.3979571,8.5461716,47.486210727415035
29.933825833,47.3979571,8.5461716,47.48721072741504
29.953958981,47.3979571,8.5461716,47.48721072741504
29.974145639,47.3979571,8.5461716,47.48721072741504
29.995652791,47.3979571,8.5461716,47.48821072741504
30.013885013,47.3979571,8.5461716,47.48821072741504
30.027956417,47.3979555,8.5461724,48.445208858417864
30.033700563,47.3979572,8.5461717,47.48921063490172
30.053694488,47.3979572,8.5461717,47.48921063490172
30.07372944,47.3979572,8.5461717,47.49021063490172
30.094399215,47.3979571,8.5461717,47.49321058786365
30.114106499,47.3979571,8.5461717,47.495210587863646
30.133971313,47.3979571,8.5461717,47.49721058786365
30.153788297,47.3979571,8.5461717,47.49921058786365
30.154015258,47.3979568,8.5461724,47.63320946989084
30.174422453,47.3979571,8.5461717,47.501210587863646
30.194653209,47.3979571,8.5461717,47.502210587863644
30.21391261,47.3979571,8.5461718,47.505210448312226
30.234397807,47.3979571,8.5461718,47.50621044831223
30.254292664,47.3979571,8.5461718,47.50821044831223
30.27458467,47.3979571,8.5461718,47.51021044831223
30.277709283,47.3979575,8.5461718,47.027210636465426
30.294891793,47.3979571,8.5461718,47.51221044831223
30.31390054,47.3979571,8.5461718,47.51321044831223
30.3342188,47.3979571,8.5461718,47.51421044831223
30.353747034,47.3979571,8.5461718,47.51521044831223
30.374045936,47.3979571,8.5461718,47.51521044831223
30.395505071,47.3979571,8.5461718,47.51621044831223
30.40627761,47.3979565,8.546171,47.76921128249716
30.413899936,47.3979571,8.5461718,47.51721044831223
30.434537504,47.3979571,8.5461718,47.51721044831223
30.454129206,47.3979571,8.5461718,47.51821044831223
30.474411907,47.3979571,8.5461718,47.51921044831223
30.494396257,47.397957,8.5461718,47.52121040127433
30.514389559,47.397957,8.5461718,47.52121040127433
30.528305413,47.3979565,8.5461726,46.82120904967681
30.533920944,47.397957,8.5461718,47.523210401274326
30.554490171,47.397957,8.5461718,47.52421040127433
30.574346232,47.397957,8.5461719,47.52521026172291
30.594898858,47.397957,8.5461719,47.52521026172291
30.614492915,47.397957,8.5461719,47.52621026172291
30.63441407,47.397957,8.5461719,47.52621026172291
30.653953884,47.397957,8.5461719,47.527210261722914
30.654260499,47.397953,8.5461735,48.434206147526
30.674365338,47.397957,8.5461719,47.527210261722914
30.694957897,47.397957,8.5461719,47.52921026172291
30.714155209,47.3979569,8.5461719,47.530210214685184
30.734252234,47.3979569,8.5461719,47.533210214685184
30.75376465,47.3979569,8.5461719,47.53521021468518
30.773594632,47.3979569,8.5461719,47.53721021468518
30.77750437,47.3979578,8.5461734,47.207208544756334
30.794848868,47.3979569,8.5461719,47.53821021468518
30.814720714,47.3979568,8.5461719,47.540210167647594
30.834562693,47.3979568,8.5461719,47.540210167647594
30.854073987,47.3979568,8.5461719,47.540210167647594
30.874255894,47.3979568,8.5461719,47.54121016764759
30.894316439,47.3979568,8.5461719,47.54121016764759
30.906343661,47.3979588,8.5461716,47.176211527083936
30.914839746,47.3979568,8.5461719,47.54121016764759
30.934954441,47.3979568,8.5461719,47.54121016764759
30.954317181,47.3979568,8.5461719,47.54121016764759
30.974112675,47.3979568,8.5461719,47.540210167647594
30.994056084,47.3979568,8.5461719,47.540210167647594
31.013934641,47.3979568,8.5461719,47.539210167647596
31.027161931,47.3979545,8.5461712,47.642210062681386
31.033882594,47.3979568,8.5461719,47.539210167647596
31.053861712,47.3979568,8.546172,47.53821002809626
31.074556145,47.3979568,8.546172,47.53821002809626
31.095874158,47.3979568,8.546172,47.539210028096264
31.114624367,47.3979568,8.546172,47.539210028096264
31.134665774,47.3979568,8.546172,47.54021002809626
31.153930423,47.3979568,8.546172,47.54021002809626
31.154334295,47.3979599,8.5461713,47.44821246319662
31.174034796,47.3979568,8.546172,47.54121002809626
31.195311298,47.3979568,8.546172,47.54121002809626
31.214904204,47.3979568,8.546172,47.542210028096264
31.233777254,47.3979568,8.546172,47.542210028096264
31.25402137,47.3979568,8.5461719,47.543210167647594
31.274643917,47.3979568,8.5461719,47.543210167647594
31.281547457,47.3979579,8.5461737,46.22620817314012
31.294615977,47.3979568,8.5461719,47.54421016764759
31.314024232,47.3979568,8.5461719,47.54421016764759
31.333659824,47.3979568,8.5461719,47.543210167647594
31.353857809,47.3979568,8.5461719,47.54121016764759
31.374033454,47.3979568,8.5461719,47.53821016764759
31.394507189,47.3979568,8.5461719,47.536210167647596
31.401418084,47.3979579,8.5461719,47.30721068506948
31.413869661,47.3979568,8.5461719,47.53421016764759
31.434021311,47.3979568,8.5461719,47.533210167647596
31.454372169,47.3979569,8.5461719,47.53121021468518
31.474353209,47.3979569,8.5461719,47.52921021468518
31.493968903,47.3979569,8.5461719,47.527210214685184
31.514149127,47.3979569,8.5461719,47.52621021468518
31.527998264,47.3979579,8.5461724,48.08920998731145
31.533550954,47.3979569,8.5461719,47.52421021468518
31.554846571,47.3979569,8.5461719,47.52321021468518
31.574576059,47.3979569,8.5461719,47.52221021468518
31.594729184,47.3979569,8.5461719,47.52221021468518
31.613908415,47.3979569,8.5461719,47.52121021468518
31.634311872,47.3979569,8.5461719,47.52121021468518
31.649660144,47.3979584,8.5461744,48.26720743147342
31.654198352,47.397957,8.5461719,47.52121026172291
31.674313572,47.397957,8.5461719,47.52121026172291
31.694864982,47.397957,8.5461719,47.52121026172291
31.714217592,47.397957,8.5461719,47.52221026172291
31.734018394,47.397957,8.5461719,47.52321026172291
31.754300174,47.397957,8.5461719,47.524210261722914
31.774391849,47.397957,8.5461719,47.52621026172291
31.781641627,47.3979585,8.5461732,48.18420915313453
31.794734698,47.397957,8.546172,47.52621012217155
31.813993679,47.3979571,8.546172,47.52821016920942
31.83382741,47.3979571,8.546172,47.530210169209425
31.853093401,47.3979571,8.546172,47.53221016920942
31.873509272,47.3979571,8.546172,47.53421016920942
31.894268041,47.3979571,8.546172,47.53721016920942
31.901541446,47.397958,8.5461721,48.41821045300551
31.913737431,47.3979571,8.5461721,47.538210029658
31.933931028,47.3979572,8.5461721,47.54121007669599
31.953772947,47.3979572,8.5461721,47.54321007669599
31.974075543,47.3979572,8.5461721,47.54621007669599
31.994687539,47.3979572,8.5461721,47.548210076695995
32.014335524,47.3979572,8.5461721,47.551210076695995
32.027730986,47.3979596,8.546172,48.08221134520611
32.033968343,47.3979572,8.5461721,47.55321007669599
32.053749522,47.3979572,8.5461722,47.556209937144516
32.074577036,47.3979572,8.5461722,47.55820993714452
32.094993361,47.3979573,8.5461722,47.561209984182646
32.114317455,47.3979573,8.5461722,47.56420998418265
32.13381083,47.3979573,8.5461722,47.56720998418265
32.153939883,47.3979573,8.5461722,47.56920998418264
32.154266226,47.3979605,8.5461723,47.62021134993187
32.174175063,47.3979573,8.5461722,47.57220998418264
32.194824953,47.3979573,8.5461722,47.57320998418265
32.21394275,47.3979574,8.5461722,47.57521003122094
32.234141988,47.3979574,8.5461722,47.576210031220945
32.253673406,47.3979574,8.5461722,47.57821003122094
32.274715503,47.3979574,8.5461722,47.579210031220946
32.277731563,47.3979596,8.5461721,47.95321120565412
32.29472132,47.3979574,8.5461722,47.58121003122094
32.314245683,47.3979574,8.5461722,47.582210031220946
32.334349879,47.3979575,8.5461722,47.583210078259356
32.354565259,47.3979575,8.5461722,47.58521007825936
32.37396027,47.3979575,8.5461722,47.586210078259356
32.394625418,47.3979575,8.5461722,47.58721007825935
32.406072697,47.3979548,8.5461744,47.232205738155386
32.414211846,47.3979576,8.5461722,47.58921012529797
32.435986527,47.3979576,8.5461722,47.590210125297965
32.453940081,47.3979576,8.5461722,47.59221012529797
32.473465358,47.3979576,8.5461723,47.593209985746434
32.495033604,47.3979576,8.5461723,47.59420998574644
32.51436903,47.3979576,8.5461723,47.595209985746436
32.526996704,47.3979582,8.546173,47.30820929111918
32.534795677,47.3979576,8.5461723,47.596209985746434
32.554469069,47.3979576,8.5461723,47.59720998574644
32.574093278,47.3979576,8.5461723,47.598209985746436
32.594778281,47.3979576,8.5461723,47.60020998574644
32.613929454,47.3979576,8.5461723,47.601209985746436
32.634175273,47.3979576,8.5461724,47.602209846194874
32.649636024,47.3979592,8.54617,47.671213948077686
32.653787503,47.3979576,8.5461724,47.60420984619488
32.674430887,47.3979576,8.5461724,47.605209846194875
32.695037209,47.3979576,8.5461724,47.60720984619488
32.714132624,47.3979576,8.5461724,47.60920984619488
32.733775153,47.3979576,8.5461724,47.611209846194875
32.754480125,47.3979576,8.5461724,47.61320984619488
32.774891662,47.3979576,8.5461724,47.61520984619488
32.781894486,47.3979561,8.546175,47.22120551230068
32.794715127,47.3979576,8.5461724,47.617209846194875
32.813840563,47.3979576,8.5461724,47.61920984619488
32.834856832,47.3979576,8.5461724,47.620209846194875
32.854254433,47.3979576,8.5461724,47.620209846194875
32.873982112,47.3979576,8.5461724,47.62120984619488
32.894985026,47.3979576,8.5461724,47.62220984619488
32.906399288,47.3979568,8.5461759,47.56920458559123
32.914389295,47.3979576,8.5461724,47.623209846194875
32.933491227,47.3979576,8.5461724,47.62420984619488
32.954149894,47.3979576,8.5461724,47.62420984619488
32.974393392,47.3979576,8.5461725,47.62420970664332
32.994250217,47.3979576,8.5461725,47.62420970664332
33.014484982,47.3979576,8.5461725,47.62520970664332
33.027059619,47.3979557,8.5461712,47.69121062710192
33.033929639,47.3979576,8.5461725,47.62520970664332
33.053932208,47.3979576,8.5461725,47.62520970664332
33.074802551,47.3979576,8.5461725,47.626209706643316
33.094350016,47.3979576,8.5461725,47.626209706643316
33.113129843,47.3979576,8.5461725,47.626209706643316
33.133095435,47.3979576,8.5461725,47.626209706643316
33.149272038,47.3979573,8.546174,47.155207472255654
33.154124472,47.3979576,8.5461725,47.626209706643316
33.174299224,47.3979576,8.5461725,47.62720970664331
33.194649578,47.3979576,8.5461725,47.62720970664331
33.2142472,47.3979576,8.5461725,47.62720970664331
33.233984432,47.3979576,8.5461725,47.626209706643316
33.254001332,47.3979576,8.5461725,47.626209706643316
33.274244075,47.3979576,8.5461725,47.626209706643316
33.28187766,47.3979602,8.546171,48.34421302298092
33.294779133,47.3979576,8.5461725,47.62520970664332
33.314569203,47.3979576,8.5461725,47.62520970664332
33.33434523,47.3979576,8.5461725,47.626209706643316
33.353865841,47.3979576,8.5461725,47.62720970664331
33.374214025,47.3979576,8.5461725,47.62820970664332
33.394926302,47.3979576,8.5461725,47.629209706643316
33.405669912,47.3979581,8.5461731,47.04820910452818
33.414311008,47.3979576,8.5461725,47.63020970664331
33.435116469,47.3979576,8.5461725,47.63120970664332
33.454134793,47.3979576,8.5461726,47.63120956709179
33.474485701,47.3979576,8.5461726,47.63020956709178
33.494844449,47.3979576,8.5461726,47.63020956709178
33.514410725,47.3979576,8.5461726,47.63020956709178
33.527283592,47.3979623,8.5461739,46.78120996389017
33.533647351,47.3979576,8.5461726,47.629209567091785
33.554676789,47.3979576,8.5461726,47.629209567091785
33.574407562,47.3979576,8.5461726,47.629209567091785
33.594555512,47.3979576,8.5461726,47.62820956709179
33.614413563,47.3979577,8.5461726,47.62720961413042
33.634104342,47.3979577,8.5461726,47.626209614130424
33.653584251,47.3979577,8.5461726,47.625209614130426
33.654022329,47.3979566,8.5461728,48.64720881761111
33.674096971,47.3979577,8.5461726,47.62420961413043
33.69513065,47.3979577,8.5461726,47.625209614130426
33.714153793,47.3979577,8.5461726,47.626209614130424
33.73401512,47.3979578,8.5461726,47.62820966116924
33.754003234,47.3979578,8.5461726,47.63020966116923
33.77400126,47.3979578,8.5461726,47.632209661169234
33.777522219,47.3979591,8.546171,47.35221250551776
33.794798673,47.3979578,8.5461726,47.63320966116923
33.813900711,47.3979578,8.5461726,47.635209661169235
33.834912166,47.3979578,8.5461726,47.635209661169235
33.855651625,47.3979578,8.5461726,47.63620966116923
33.873287953,47.3979578,8.5461726,47.63720966116924
33.894436478,47.3979578,8.5461726,47.63720966116924
33.90587119,47.39796,8.5461688,47.18721599903991
33.913690718,47.3979578,8.5461726,47.638209661169235
33.933328937,47.3979578,8.5461726,47.63920966116923
33.953630431,47.3979579,8.5461726,47.639209708208185
33.974061274,47.3979579,8.5461725,47.63920984775983
33.994683531,47.3979579,8.5461725,47.63920984775983
34.013848792,47.3979579,8.5461725,47.63920984775983
34.028234765,47.3979582,8.5461722,47.28721040753273
34.034139766,47.3979579,8.5461725,47.63920984775983
34.05486421,47.3979579,8.5461725,47.63920984775983
34.073851794,47.397958,8.5461725,47.63920989479895
34.095081073,47.397958,8.5461724,47.6372100343506
34.114453854,47.397958,8.5461724,47.6362100343506
34.133888077,47.397958,8.5461724,47.6352100343506
34.154162759,47.397958,8.5461724,47.6342100343506
34.154426228,47.3979565,8.5461696,47.87621323621428
34.174014139,47.397958,8.5461724,47.6332100343506
34.194126555,47.397958,8.5461724,47.6332100343506
34.214079906,47.397958,8.5461724,47.6322100343506
34.234395192,47.397958,8.5461723,47.632210173902216
34.254056329,47.397958,8.5461723,47.632210173902216
34.273903554,47.397958,8.5461723,47.632210173902216
34.281407815,47.3979586,8.546171,47.250212270313426
34.294933024,47.397958,8.5461723,47.632210173902216
34.313952585,47.397958,8.5461723,47.632210173902216
34.334152422,47.397958,8.5461723,47.632210173902216
34.353984985,47.397958,8.5461723,47.632210173902216
34.373793188,47.397958,8.5461722,47.63121031345386
34.395013302,47.397958,8.5461722,47.63121031345386
34.401700962,47.3979598,8.546171,47.449212834810325
34.414137238,47.397958,8.5461722,47.63121031345386
34.433975714,47.397958,8.5461722,47.63121031345386
34.454173076,47.3979581,8.5461721,47.63121050004489
34.473920847,47.3979581,8.5461721,47.63021050004488
34.494217831,47.3979581,8.5461721,47.63021050004488
34.514037759,47.3979581,8.5461721,47.63021050004488
34.527650929,47.3979571,8.5461662,47.44021826318624
34.535008555,47.3979581,8.5461721,47.629210500044884
34.554712127,47.3979581,8.5461721,47.629210500044884
34.574183775,47.3979581,8.546172,47.62921063959653
34.594160718,47.3979581,8.546172,47.62921063959653
34.614178644,47.3979581,8.5461719,47.629210779148174
34.634227523,47.3979581,8.5461719,47.629210779148174
34.653914984,47.3979581,8.5461719,47.629210779148174
34.654147852,47.3979579,8.5461706,47.208212499240034
34.674603469,47.3979581,8.5461719,47.629210779148174
34.69480108,47.3979581,8.5461718,47.62821091869982
34.714530203,47.3979581,8.5461718,47.62721091869982
34.733816355,47.3979581,8.5461718,47.62521091869982
34.754151732,47.3979581,8.5461718,47.62521091869982
34.774413315,47.3979581,8.5461717,47.623211058251464
34.781655494,47.397955,8.5461734,47.311207227733284
34.79462951,47.3979581,8.5461717,47.623211058251464
34.813585221,47.3979581,8.5461717,47.622211058251466
34.834081043,47.3979581,8.5461717,47.62121105825147
34.85352186,47.3979581,8.5461717,47.619211058251466
34.874903695,47.3979581,8.5461717,47.61821105825147
34.895027886,47.3979581,8.5461717,47.61721105825146
34.906289638,47.3979579,8.5461713,48.07021152237903
34.914074491,47.3979581,8.5461717,47.616211058251466
34.933910994,47.397958,8.5461717,47.615211011212004
34.954082719,47.397958,8.5461717,47.615211011212004
34.974518758,47.397958,8.5461717,47.616211011212
34.994547669,47.397958,8.5461717,47.617211011212
35.014690079,47.397958,8.5461717,47.618211011212004
35.027230992,47.3979572,8.5461707,47.704212030415896
35.034035319,47.397958,8.5461717,47.618211011212004
35.054806182,47.397958,8.5461717,47.619211011212
35.074467589,47.397958,8.5461717,47.620211011212
35.095219323,47.397958,8.5461717,47.621211011212004
35.114407105,47.397958,8.5461717,47.622211011212
35.134289116,47.397958,8.5461717,47.623211011212
35.154230957,47.397958,8.5461717,47.624211011212005
35.154405593,47.3979585,8.5461703,46.437213200134906
35.173691293,47.397958,8.5461717,47.625211011212
35.193817751,47.397958,8.5461717,47.626211011212
35.214144192,47.397958,8.5461717,47.624211011212005
35.234153206,47.397958,8.5461717,47.623211011212
35.254230253,47.397958,8.5461717,47.622211011212
35.274573768,47.397958,8.5461717,47.622211011212
35.28178018,47.3979562,8.5461719,47.06220988542536
35.294657305,47.397958,8.5461717,47.621211011212004
35.314422352,47.397958,8.5461716,47.62021115076359
35.334224606,47.397958,8.5461716,47.61921115076359
35.354093146,47.397958,8.5461716,47.61821115076359
35.374320468,47.397958,8.5461716,47.61621115076359
35.394102108,47.3979579,8.5461717,47.61521096417268
35.405856536,47.3979549,8.5461723,47.89320871575924
35.414137135,47.3979579,8.5461717,47.61421096417268
35.434614598,47.3979579,8.5461717,47.61421096417268
35.4543349,47.3979579,8.5461717,47.61321096417268
35.474275415,47.3979579,8.5461717,47.61421096417268
35.494135736,47.3979579,8.5461717,47.61421096417268
35.513812733,47.3979579,8.5461717,47.61421096417268
35.528054182,47.3979574,8.5461731,48.06620877525736
35.533929137,47.3979578,8.5461717,47.6142109171335
35.554898221,47.3979578,8.5461717,47.6152109171335
35.574595239,47.3979578,8.5461717,47.6152109171335
35.594344893,47.3979578,8.5461717,47.6162109171335
35.614744022,47.3979578,8.5461717,47.6172109171335
35.634084799,47.3979578,8.5461717,47.6182109171335
35.654591506,47.3979578,8.5461717,47.6192109171335
35.6548722,47.3979601,8.5461726,47.95321074310424
35.674311711,47.3979578,8.5461717,47.6192109171335
35.694329844,47.3979578,8.5461717,47.6212109171335
35.71440624,47.3979578,8.5461717,47.6222109171335
35.734141713,47.3979578,8.5461717,47.6232109171335
35.754235771,47.3979578,8.5461717,47.6242109171335
35.774572279,47.3979578,8.5461717,47.6262109171335
35.78154511,47.397961,8.5461718,47.556212282911005
35.794558011,47.3979578,8.5461717,47.627210917133496
35.813925249,47.3979578,8.5461717,47.6282109171335
35.833942324,47.3979579,8.5461717,47.62921096417268
35.854197653,47.3979579,8.5461717,47.630210964172676
35.873711486,47.3979579,8.5461717,47.630210964172676
35.895093123,47.3979579,8.5461717,47.63121096417268
35.906497295,47.397956,8.546172,47.39320965180136
35.914252943,47.3979579,8.5461717,47.63221096417268
35.933882811,47.3979579,8.5461717,47.633210964172676
35.953844123,47.3979579,8.5461717,47.633210964172676
35.974142445,47.3979579,8.5461717,47.633210964172676
35.99560748,47.3979579,8.5461717,47.633210964172676
36.014161977,47.3979579,8.5461717,47.633210964172676
36.027068016,47.3979567,8.546175,48.12620579451765
36.033763782,47.3979579,8.5461717,47.633210964172676
36.05415687,47.3979579,8.5461717,47.63421096417268
36.074279469,47.3979579,8.5461717,47.63421096417268
36.095068504,47.3979579,8.5461717,47.636210964172676
36.113778328,47.3979579,8.5461717,47.63821096417268
36.13380664,47.3979579,8.5461717,47.639210964172676
36.149401117,47.39796,8.5461697,47.36721474307186
36.153926337,47.3979579,8.5461717,47.64021096417268
36.173902037,47.3979579,8.5461717,47.642210964172676
36.19424686,47.3979579,8.5461717,47.64321096417268
36.213982904,47.3979579,8.5461716,47.64421110372427
36.234311084,47.3979579,8.5461716,47.645211103724264
36.254059466,47.3979579,8.5461716,47.64721110372427
36.2738733,47.3979579,8.5461716,47.64721110372427
36.277683429,47.39796,8.5461738,47.01920902143629
36.294204766,47.3979579,8.5461716,47.64921110372427
36.3141291,47.3979579,8.5461716,47.64921110372427
36.334037182,47.3979579,8.5461716,47.64921110372427
36.354247489,47.3979579,8.5461715,47.64921124327586
36.374055792,47.3979579,8.5461715,47.64921124327586
36.39582226,47.3979579,8.5461715,47.64821124327585
36.403700275,47.3979616,8.5461696,47.78421563533113
36.41384972,47.3979579,8.5461715,47.64821124327585
36.433503155,47.3979579,8.5461715,47.64821124327585
36.453744868,47.397958,8.5461715,47.647211290315234
36.474254789,47.397958,8.5461715,47.647211290315234
36.495011958,47.397958,8.5461715,47.646211290315236
36.515736014,47.397958,8.5461715,47.64521129031523
36.530400833,47.3979559,8.5461703,47.284211977134085
36.533830687,47.397958,8.5461715,47.64521129031523
36.55492594,47.397958,8.5461714,47.64421142986682
36.574136794,47.397958,8.5461714,47.643211429866824
36.594907612,47.397958,8.5461715,47.64221129031523
36.613984705,47.3979581,8.5461715,47.640211337354756
36.633977261,47.3979581,8.5461715,47.638211337354754
36.65407303,47.3979581,8.5461715,47.637211337354756
36.654203438,47.3979571,8.546174,48.06920737818039
36.674657805,47.3979581,8.5461715,47.63621133735475
36.694966619,47.3979581,8.5461715,47.635211337354754
36.714102364,47.3979581,8.5461715,47.634211337354756
36.733994991,47.3979581,8.5461715,47.634211337354756
36.754072918,47.3979581,8.5461715,47.634211337354756
36.773947283,47.3979581,8.5461715,47.634211337354756
36.781340595,47.3979557,8.5461696,48.1872128599186
36.794513407,47.3979581,8.5461715,47.635211337354754
36.814389077,47.3979581,8.5461715,47.635211337354754
36.834067697,47.397958,8.5461715,47.63621129031523
36.854480337,47.397958,8.5461715,47.637211290315236
36.87338168,47.397958,8.5461715,47.63921129031523
36.893250039,47.397958,8.5461715,47.640211290315236
36.905373287,47.397955,8.5461717,47.882209600099365
36.913584125,47.397958,8.5461715,47.64121129031523
36.93403898,47.397958,8.5461715,47.643211290315236
