time_s,topic,accel_mps2,gyro_radps
0.985034544,/uas1/imu/data_raw,9.828815415253818,0.0005647027001926641
0.994336987,/uas1/imu/data,9.828815415253818,0.0005668252921710555
1.006286695,/uas1/imu/data_raw,9.831681397125147,0.0004129405731069956
1.013481999,/uas1/imu/data,9.831681397125147,0.00046763493639824744
1.025971309,/uas1/imu/data_raw,9.82749277808073,0.0004811491399766657
1.033767594,/uas1/imu/data,9.82749277808073,0.0002730361856812628
1.045745341,/uas1/imu/data_raw,9.828236734893883,0.0005013088076067882
1.054107853,/uas1/imu/data,9.828236734893883,0.000540037905165188
1.065602971,/uas1/imu/data_raw,9.827059293899026,0.0004082955225162807
1.074229538,/uas1/imu/data,9.827059293899026,0.0003096986249034114
1.085711453,/uas1/imu/data_raw,9.828393831221696,0.0005851717778441295
1.094496133,/uas1/imu/data,9.828393831221696,0.0005549196402145231
1.105824043,/uas1/imu/data_raw,9.828151906703136,0.0006531031027266735
1.113666792,/uas1/imu/data,9.828151906703136,0.0004243737675970567
1.125818928,/uas1/imu/data_raw,9.828449844526627,0.00028920718086415166
1.133785389,/uas1/imu/data,9.828449844526627,0.00037291262025076013
1.145751689,/uas1/imu/data_raw,9.828066181395297,0.0005028976006674787
1.154088771,/uas1/imu/data,9.828066181395297,0.0004345157812335345
1.165506661,/uas1/imu/data_raw,9.826164569261257,0.0006968940846949495
1.174046041,/uas1/imu/data,9.826164569261257,0.0007050187634787333
1.185459054,/uas1/imu/data_raw,9.828426134708565,0.0002326125333071792
1.194060952,/uas1/imu/data,9.828426134708565,0.00043331920448613206
1.205852853,/uas1/imu/data_raw,9.828023821371142,0.0002600319386502066
1.214225362,/uas1/imu/data,9.828023821371142,0.000397685733084576
1.225797955,/uas1/imu/data_raw,9.827926857003115,0.0005824146674818462
1.233454284,/uas1/imu/data,9.827926857003115,0.0005514458717347631
1.245461623,/uas1/imu/data_raw,9.827797900717563,0.0005563901342778545
1.253887806,/uas1/imu/data,9.827797900717563,0.00047709206877436086
1.265345317,/uas1/imu/data_raw,9.825970072749064,0.0003566199021194827
1.274519461,/uas1/imu/data,9.825970072749064,0.00036577656373652014
1.285395995,/uas1/imu/data_raw,9.826702786186106,0.0005596069927677774
1.294260906,/uas1/imu/data,9.826702786186106,0.0005723465493663235
1.30563449,/uas1/imu/data_raw,9.830195391238512,0.0004426197321132998
1.31418551,/uas1/imu/data,9.830195391238512,0.0003680718809374695
1.32562042,/uas1/imu/data_raw,9.825901522160098,0.0004836972745773112
1.333615031,/uas1/imu/data,9.825901522160098,0.0004396066021081001
1.346154795,/uas1/imu/data_raw,9.824986298445321,0.0005597852225041021
1.35422871,/uas1/imu/data,9.824986298445321,0.0003604911758885492
1.365972652,/uas1/imu/data_raw,9.826918246000716,0.0005982554351424052
1.373325505,/uas1/imu/data,9.826918246000716,0.0005947916010019531
1.385313372,/uas1/imu/data_raw,9.829453582180255,0.0005465463832670677
1.393605674,/uas1/imu/data,9.829453582180255,0.00036331859112624074
1.405013644,/uas1/imu/data_raw,9.826259002650303,0.0005002520909430678
1.413913341,/uas1/imu/data,9.826259002650303,0.0004880008140535654
1.42572785,/uas1/imu/data_raw,9.82696120976481,0.0004522694635896657
1.43330069,/uas1/imu/data,9.82696120976481,0.0004191319945085274
1.445830444,/uas1/imu/data_raw,9.82629890882279,0.0003281943923389337
1.453307337,/uas1/imu/data,9.82629890882279,0.0003611552578841289
1.465389838,/uas1/imu/data_raw,9.827136169866375,0.0005846836815252015
1.473790922,/uas1/imu/data,9.827136169866375,0.00034025732623239863
1.485586602,/uas1/imu/data_raw,9.823346269782293,0.0004114010352820081
1.494409584,/uas1/imu/data,9.823346269782293,0.00033569095364320665
1.506059699,/uas1/imu/data_raw,9.82481288711399,0.00032388296584743133
1.514214339,/uas1/imu/data,9.82481288711399,0.0004101502273741085
1.526192684,/uas1/imu/data_raw,9.822751482881339,0.0004441731576095977
1.533921964,/uas1/imu/data,9.822751482881339,0.0005773242038084621
1.54600783,/uas1/imu/data_raw,9.820709647434628,0.0002199822470067896
1.555000378,/uas1/imu/data,9.820709647434628,0.00018807631332178748
1.565717672,/uas1/imu/data_raw,9.821911090155423,0.0005228094452046521
1.573553194,/uas1/imu/data,9.821911090155423,0.0005650201498352517
1.585407075,/uas1/imu/data_raw,9.823401428118018,0.0002888147749561784
1.594208987,/uas1/imu/data,9.823401428118018,0.00031210231297433067
1.605508032,/uas1/imu/data_raw,9.824109149007526,0.0004852686807867319
1.614343661,/uas1/imu/data,9.824109149007526,0.00035173618457118663
1.62572083,/uas1/imu/data_raw,9.824498370197825,0.00032765226545133447
1.633752578,/uas1/imu/data,9.824498370197825,0.0003793630869763314
1.645653696,/uas1/imu/data_raw,9.825703181088276,0.0003738061244853562
1.65337987,/uas1/imu/data,9.825703181088276,0.0004976008103042273
1.665612635,/uas1/imu/data_raw,9.824886748821509,0.0004472435126932409
1.673900007,/uas1/imu/data,9.824886748821509,0.0005260672627258064
1.685527459,/uas1/imu/data_raw,9.824579326496325,0.0004224598422047475
1.694125019,/uas1/imu/data,9.824579326496325,0.0003431706127915964
1.705372598,/uas1/imu/data_raw,9.822902007408539,0.0004907255012092775
1.713867665,/uas1/imu/data,9.822902007408539,0.00040260658964516425
1.726430948,/uas1/imu/data_raw,9.823318687173598,0.0006084466074995861
1.733338009,/uas1/imu/data,9.823318687173598,0.0004006052199014059
1.746028788,/uas1/imu/data_raw,9.822136586248588,0.00035250471455678875
1.75364363,/uas1/imu/data,9.822136586248588,0.0004419320934862521
1.765145401,/uas1/imu/data_raw,9.823670690085779,0.00022913720775719925
1.774371695,/uas1/imu/data,9.823670690085779,0.0004359441427347449
1.78568708,/uas1/imu/data_raw,9.821831766580795,0.0004653474203346173
1.794775718,/uas1/imu/data,9.821831766580795,0.00039708822792919335
1.805406541,/uas1/imu/data_raw,9.8220634047834,0.000576725697124968
1.813881695,/uas1/imu/data,9.8220634047834,0.0006471235160242489
1.825850181,/uas1/imu/data_raw,9.8225823469086,0.0002967509803493395
1.833790073,/uas1/imu/data,9.8225823469086,0.00027706510062607253
1.845577945,/uas1/imu/data_raw,9.817708047263606,0.0003143459757998934
1.853602748,/uas1/imu/data,9.817708047263606,0.0003116266962657323
1.865304444,/uas1/imu/data_raw,9.824204428029825,0.00040580381166926976
1.874241134,/uas1/imu/data,9.824204428029825,0.0004088272353304752
1.885621467,/uas1/imu/data_raw,9.821716110551751,0.0005240386988625193
1.894296476,/uas1/imu/data,9.821716110551751,0.0004251378997145161
1.906059446,/uas1/imu/data_raw,9.824068374974246,0.0004841804867942418
1.913813835,/uas1/imu/data,9.824068374974246,0.00047383246249213496
1.925794241,/uas1/imu/data_raw,9.8267122532712,0.0005371402621773658
1.933681679,/uas1/imu/data,9.8267122532712,0.0004748917384820855
1.945356943,/uas1/imu/data_raw,9.824790003725088,0.00041972651659624445
1.954030221,/uas1/imu/data,9.824790003725088,0.00041964611118918863
1.965387332,/uas1/imu/data_raw,9.82188365867427,0.00044159047048760775
1.97407464,/uas1/imu/data,9.82188365867427,0.00042118702178884244
1.985780799,/uas1/imu/data_raw,9.825578388460753,0.0003315564307618119
1.994030303,/uas1/imu/data,9.825578388460753,0.0003799827793823273
2.005654756,/uas1/imu/data_raw,9.827857790458854,0.0003671759446150237
2.013780645,/uas1/imu/data,9.827857790458854,0.00034698752175732933
2.026119572,/uas1/imu/data_raw,9.825957235831115,0.0005050459386694832
2.033832271,/uas1/imu/data,9.825957235831115,0.0004306206325133842
2.045602668,/uas1/imu/data_raw,9.825969915675167,0.000284681311705105
2.053781914,/uas1/imu/data,9.825969915675167,0.0002309330536789534
2.065335977,/uas1/imu/data_raw,9.823263410502191,0.00031123258853174975
2.073948767,/uas1/imu/data,9.823263410502191,0.0002412733150671462
2.08562792,/uas1/imu/data_raw,9.824965157263426,0.00023886052617880086
2.094619006,/uas1/imu/data,9.824965157263426,0.0002718527881917698
2.105566433,/uas1/imu/data_raw,9.826643249703489,0.0003867887319732244
2.114487707,/uas1/imu/data,9.826643249703489,0.00029076676579798256
2.125574061,/uas1/imu/data_raw,9.821183072409484,0.0003507844025769884
2.133656113,/uas1/imu/data,9.821183072409484,0.0005594647421480729
2.1459129,/uas1/imu/data_raw,9.824771189408757,0.0003177657839596168
2.153972029,/uas1/imu/data,9.824771189408757,0.00046038332876089804
2.165510759,/uas1/imu/data_raw,9.82431670326158,0.00035720219276876085
2.173466607,/uas1/imu/data,9.82431670326158,0.0003025172484614425
2.185245473,/uas1/imu/data_raw,9.825025555170582,0.0006576745589955181
2.194798573,/uas1/imu/data,9.825025555170582,0.0006036451689323184
2.205467415,/uas1/imu/data_raw,9.826856549918654,0.00037024893378899176
2.2135975,/uas1/imu/data,9.826856549918654,0.00044124655535415856
2.226097486,/uas1/imu/data_raw,9.825242008081435,0.00040675925312590937
2.233532874,/uas1/imu/data,9.825242008081435,0.0004220985747577713
2.24548105,/uas1/imu/data_raw,9.823955796119895,0.00032457160944492325
2.253550149,/uas1/imu/data,9.823955796119895,0.0003032920605306942
2.265024923,/uas1/imu/data_raw,9.825188053987134,0.00029316435869875353
2.273570999,/uas1/imu/data,9.825188053987134,0.00017085722227382826
2.285376315,/uas1/imu/data_raw,9.826356526359197,0.000443978452049063
2.294180423,/uas1/imu/data,9.826356526359197,0.0004832432931906257
2.305681521,/uas1/imu/data_raw,9.822270707940262,0.00048446778637246284
2.313589372,/uas1/imu/data,9.822270707940262,0.0003855338288290288
2.325064745,/uas1/imu/data_raw,9.820373568186819,0.0005556855012903826
2.33341116,/uas1/imu/data,9.820373568186819,0.00032430275193874537
2.345463157,/uas1/imu/data_raw,9.821247143173409,0.000571680909077878
2.354327602,/uas1/imu/data,9.821247143173409,0.0005621613352987121
2.365353711,/uas1/imu/data_raw,9.819726822481263,0.0005944539251089686
2.3735787,/uas1/imu/data,9.819726822481263,0.0005574771219205315
2.385619399,/uas1/imu/data_raw,9.819679859699592,0.0004829860220666958
2.394417264,/uas1/imu/data,9.819679859699592,0.0005795336657165
2.405647537,/uas1/imu/data_raw,9.819913582974975,0.00017081237017858367
2.413881284,/uas1/imu/data,9.819913582974975,0.0003120162922705484
2.426036227,/uas1/imu/data_raw,9.820513199279798,0.0003534341809736036
2.433786706,/uas1/imu/data,9.820513199279798,0.0003060294908395728
2.445617681,/uas1/imu/data_raw,9.820624888583122,0.0003791819149376779
2.454110377,/uas1/imu/data,9.820624888583122,0.0002969418564760354
2.46505342,/uas1/imu/data_raw,9.818301663509478,0.00017131821715228268
2.474189562,/uas1/imu/data,9.818301663509478,0.0003919292054049148
2.485588808,/uas1/imu/data_raw,9.819684713916605,0.00030440109899157924
2.49443019,/uas1/imu/data,9.819684713916605,0.0002610058522191705
2.505691355,/uas1/imu/data_raw,9.819896967946836,0.0004624188981324762
2.513590938,/uas1/imu/data,9.819896967946836,0.00021513788759758417
2.526025591,/uas1/imu/data_raw,9.816296087109006,0.0004030093743593209
2.533769561,/uas1/imu/data,9.816296087109006,0.0005111979044001241
2.545895721,/uas1/imu/data_raw,9.814922544772857,0.0005375555934813734
2.553872319,/uas1/imu/data,9.814922544772857,0.0004901683091056129
2.565619174,/uas1/imu/data_raw,9.8193403146733,0.0005187148003960502
2.574014924,/uas1/imu/data,9.8193403146733,0.0005540447452923158
2.585539626,/uas1/imu/data_raw,9.8186894120589,0.0004257193739133051
2.593875911,/uas1/imu/data,9.8186894120589,0.0002531170515168016
2.605675643,/uas1/imu/data_raw,9.8196723135841,0.0004935400568026601
2.613375335,/uas1/imu/data,9.8196723135841,0.0005881910059688737
2.625830101,/uas1/imu/data_raw,9.821712046386741,0.0005352752167010664
2.633471853,/uas1/imu/data,9.821712046386741,0.0005752599065795836
2.64540727,/uas1/imu/data_raw,9.821121204701054,0.0005723700072318424
2.653430065,/uas1/imu/data,9.821121204701054,0.0004948195296650593
2.66558753,/uas1/imu/data_raw,9.822051329442274,0.00023158637723442899
2.673565515,/uas1/imu/data,9.822051329442274,0.00023111200214377743
2.685417913,/uas1/imu/data_raw,9.824004389651677,0.000595873897753913
2.694389766,/uas1/imu/data,9.824004389651677,0.00046791977351960586
2.706051916,/uas1/imu/data_raw,9.82549773180362,0.0003119164337192202
2.714319828,/uas1/imu/data,9.82549773180362,0.0001368146201796628
2.726311979,/uas1/imu/data_raw,9.823127745873204,0.0006923441752900438
2.733537153,/uas1/imu/data,9.823127745873204,0.0004716506001805824
2.745945598,/uas1/imu/data_raw,9.821351481864161,0.0002727385835897929
2.753486752,/uas1/imu/data,9.821351481864161,0.0001284064018509607
2.765397707,/uas1/imu/data_raw,9.82143889192331,0.0006964153458676422
2.773349722,/uas1/imu/data,9.82143889192331,0.000462316686839277
2.785074357,/uas1/imu/data_raw,9.823683634998204,0.00026214843625580885
2.794191366,/uas1/imu/data,9.823683634998204,0.0001755909930938066
2.805611417,/uas1/imu/data_raw,9.8213526361221,0.0003107812356669473
2.813729521,/uas1/imu/data,9.8213526361221,0.00047866555542091485
2.82559067,/uas1/imu/data_raw,9.81938950025207,0.00048178463091231146
2.833590596,/uas1/imu/data,9.81938950025207,0.0002132220541413199
2.845624732,/uas1/imu/data_raw,9.821867950732997,0.0002492216597884678
2.853701018,/uas1/imu/data,9.821867950732997,0.0002950907348165712
2.865460214,/uas1/imu/data_raw,9.823600700879368,0.00025627008864519504
2.873693443,/uas1/imu/data,9.823600700879368,0.00018771889549181532
2.885471657,/uas1/imu/data_raw,9.821611150935242,0.000129575382353526
2.894681647,/uas1/imu/data,9.821611150935242,0.0002866122846106118
2.905552185,/uas1/imu/data_raw,9.82094941130452,0.00028308338791833005
2.913948653,/uas1/imu/data,9.82094941130452,0.00022708040866169956
2.925641888,/uas1/imu/data_raw,9.819149748811551,0.0004280989017757523
2.933450574,/uas1/imu/data,9.819149748811551,0.00039015086393858633
2.945714313,/uas1/imu/data_raw,9.81989336344786,0.0006390971795203014
2.95358322,/uas1/imu/data,9.81989336344786,0.00042631441905388514
2.96546582,/uas1/imu/data_raw,9.817994080042663,0.00034311327018660094
2.973677254,/uas1/imu/data,9.817994080042663,0.00027787048911179614
2.98556598,/uas1/imu/data_raw,9.818177669658821,0.0004858367973736408
2.994515848,/uas1/imu/data,9.818177669658821,0.00031467501307647756
3.005516984,/uas1/imu/data_raw,9.817978429474795,0.0003324381526010737
3.013706976,/uas1/imu/data,9.817978429474795,0.00022565755686951967
3.025728117,/uas1/imu/data_raw,9.818492602726598,0.00041902104529119365
3.033588982,/uas1/imu/data,9.818492602726598,0.00038673949245661703
3.045922943,/uas1/imu/data_raw,9.81883598082233,0.0005418272497161975
3.053632109,/uas1/imu/data,9.81883598082233,0.0004597898356113261
3.065407371,/uas1/imu/data_raw,9.815866894873375,0.000526604554075343
3.074726954,/uas1/imu/data,9.815866894873375,0.0005414005022003811
3.085691951,/uas1/imu/data_raw,9.816449724074019,0.00042841615558702025
3.09428673,/uas1/imu/data,9.816449724074019,0.0004632885885953567
3.105630763,/uas1/imu/data_raw,9.814733222817027,0.0005648719730804506
3.113580719,/uas1/imu/data,9.814733222817027,0.0003958282956185137
3.126112025,/uas1/imu/data_raw,9.814978143814999,0.000452669451346459
3.133659483,/uas1/imu/data,9.814978143814999,0.00031091009698369236
3.145575244,/uas1/imu/data_raw,9.814887294888445,0.00037550521060336265
3.15367279,/uas1/imu/data,9.814887294888445,0.000533695870188215
3.165428533,/uas1/imu/data_raw,9.813587831258427,0.00047404645818833243
3.174276598,/uas1/imu/data,9.813587831258427,0.0005477003494086954
3.18549694,/uas1/imu/data_raw,9.812283327969315,0.0004946758430096355
3.194384891,/uas1/imu/data,9.812283327969315,0.00020955180017167966
3.205576459,/uas1/imu/data_raw,9.811114220757101,0.0006683080736528773
3.213577711,/uas1/imu/data,9.811114220757101,0.0004186831073488507
3.227597938,/uas1/imu/data_raw,9.81137867651601,0.0004538994285447336
3.233701567,/uas1/imu/data,9.81137867651601,0.0002930498530163752
3.245409786,/uas1/imu/data_raw,9.81481435055439,0.0004995082671864007
3.253840898,/uas1/imu/data,9.81481435055439,0.00043174110874970626
3.265505689,/uas1/imu/data_raw,9.81368833793335,0.0002445712600325381
3.273737073,/uas1/imu/data,9.81368833793335,0.0002078204366495135
3.285394911,/uas1/imu/data_raw,9.812545495330044,0.00040609176744842526
3.294026837,/uas1/imu/data,9.812545495330044,0.00040448417495605364
3.305490408,/uas1/imu/data_raw,9.811275362962013,0.0002999324660113676
3.313558293,/uas1/imu/data,9.811275362962013,0.00032245735776866816
3.325700481,/uas1/imu/data_raw,9.814841611425518,0.00033570147170705405
3.333343536,/uas1/imu/data,9.814841611425518,0.00027446509176084236
3.345989137,/uas1/imu/data_raw,9.813693500951473,0.0002513619319212244
3.353918949,/uas1/imu/data,9.813693500951473,0.00024519329569866835
3.365468782,/uas1/imu/data_raw,9.813733075273845,0.00031634093606823803
3.373100935,/uas1/imu/data,9.813733075273845,0.0003274801157799128
3.385375996,/uas1/imu/data_raw,9.816892148142431,0.00017210547194160372
3.395282822,/uas1/imu/data,9.816892148142431,0.00025973740063308504
3.4053362,/uas1/imu/data_raw,9.812024594530698,0.00033987150578336473
3.413718124,/uas1/imu/data,9.812024594530698,0.00028834215743026747
3.425690626,/uas1/imu/data_raw,9.81624880200561,0.0004671788424177594
3.4333998,/uas1/imu/data,9.81624880200561,0.0003679518157138307
3.445828752,/uas1/imu/data_raw,9.812950416409551,0.00033388128391931504
3.453683264,/uas1/imu/data,9.812950416409551,0.0002712256121489932
3.46578556,/uas1/imu/data_raw,9.813973957434479,0.0003073671591934128
3.473493448,/uas1/imu/data,9.813973957434479,0.0004141237949947975
3.485938901,/uas1/imu/data_raw,9.810467659145086,0.00038417144949233695
3.494484976,/uas1/imu/data,9.810467659145086,0.0002733179579045462
3.505169694,/uas1/imu/data_raw,9.813921206465189,0.0004993748760664954
3.513118665,/uas1/imu/data,9.813921206465189,0.0004086966233545035
3.525988484,/uas1/imu/data_raw,9.813104253157826,0.00046013576558056994
3.533393598,/uas1/imu/data,9.813104253157826,0.0002655026816356359
3.545711282,/uas1/imu/data_raw,9.81308041061139,0.0004476463348667335
3.553722015,/uas1/imu/data,9.81308041061139,0.000350196049941406
3.565570058,/uas1/imu/data_raw,9.812948157547844,0.00038787331141945544
3.573958214,/uas1/imu/data,9.812948157547844,0.00032486867693164623
3.585310963,/uas1/imu/data_raw,9.811259657444632,0.0003902923052606222
3.594085003,/uas1/imu/data,9.811259657444632,0.0003760088988062927
3.605422428,/uas1/imu/data_raw,9.810554397726245,0.00033237824213192815
3.61391521,/uas1/imu/data,9.810554397726245,0.00034083154869626414
3.626125013,/uas1/imu/data_raw,9.811569893569844,0.0005192434916931557
3.633559372,/uas1/imu/data,9.811569893569844,0.0004198517851446758
3.645920171,/uas1/imu/data_raw,9.814117412978115,0.00039105133101295013
3.653807432,/uas1/imu/data,9.814117412978115,0.00038846330844099976
3.66545549,/uas1/imu/data_raw,9.812939969177119,0.00015765924975624348
3.673632394,/uas1/imu/data,9.812939969177119,8.161315539964917e-05
3.685695878,/uas1/imu/data_raw,9.812929904738604,0.0002985862400454788
3.693945996,/uas1/imu/data,9.812929904738604,0.0002128861598173705
3.705403489,/uas1/imu/data_raw,9.813636649693555,0.0004672322273297695
3.713693205,/uas1/imu/data,9.813636649693555,0.0003723590467650649
3.725886632,/uas1/imu/data_raw,9.81557933762044,0.0005467596413197903
3.733501789,/uas1/imu/data,9.81557933762044,0.00046488660672622814
3.745649903,/uas1/imu/data_raw,9.814189235099368,0.00026082124682462015
3.753587782,/uas1/imu/data,9.814189235099368,0.0002627286242326182
3.765462842,/uas1/imu/data_raw,9.81351616424528,0.0004527634318873158
3.773721478,/uas1/imu/data,9.81351616424528,0.000501436626722774
3.785627618,/uas1/imu/data_raw,9.815418467941562,0.00024909733764060476
3.794040357,/uas1/imu/data,9.815418467941562,0.00018430241273909603
3.805679031,/uas1/imu/data_raw,9.81495525802732,0.000614057920081506
3.81378525,/uas1/imu/data,9.81495525802732,0.0003375061763521508
3.826029759,/uas1/imu/data_raw,9.812765484388981,0.0003350067384538029
3.833595524,/uas1/imu/data,9.812765484388981,0.00019628847558432336
3.845667703,/uas1/imu/data_raw,9.813813376347925,0.00029014735471649087
3.853550504,/uas1/imu/data,9.813813376347925,0.0003616700677469847
3.865430547,/uas1/imu/data_raw,9.812940220550715,0.0002592450218776281
3.873862655,/uas1/imu/data,9.812940220550715,0.00040639598063549624
3.885754682,/uas1/imu/data_raw,9.814538698891868,0.0002839631932397645
3.894036934,/uas1/imu/data,9.814538698891868,0.00016518792763737646
3.905896605,/uas1/imu/data_raw,9.81453785907016,0.000334413635925814
3.913978227,/uas1/imu/data,9.81453785907016,0.0003321755371897635
3.925468559,/uas1/imu/data_raw,9.817007240151266,0.0003488329139320755
3.933562053,/uas1/imu/data,9.817007240151266,0.0002839949570408089
3.945915631,/uas1/imu/data_raw,9.81301622257166,0.000410532808760557
3.953965924,/uas1/imu/data,9.81301622257166,0.00016258027513764892
3.965581449,/uas1/imu/data_raw,9.813626142837997,0.00016326591321079431
3.973735066,/uas1/imu/data,9.813626142837997,0.00025959351464949573
3.985533676,/uas1/imu/data_raw,9.81347660783301,0.0006097107173213191
3.994301579,/uas1/imu/data,9.81347660783301,0.00044379207577093443
4.00528075,/uas1/imu/data_raw,9.814588316910584,0.0004041230336585562
4.013993375,/uas1/imu/data,9.814588316910584,0.00037931116861171483
4.025736723,/uas1/imu/data_raw,9.81621842226964,0.0004111200546122463
4.033633811,/uas1/imu/data,9.81621842226964,0.00047475942838044516
4.045658093,/uas1/imu/data_raw,9.816011220850353,0.00033194577940401436
4.053241406,/uas1/imu/data,9.816011220850353,0.00027364151524817646
4.065456475,/uas1/imu/data_raw,9.816566291838821,0.00046756278891249065
4.07436875,/uas1/imu/data,9.816566291838821,0.0003797552427620938
4.085719597,/uas1/imu/data_raw,9.815074556212517,0.00039052349619758686
4.094616284,/uas1/imu/data,9.815074556212517,0.0002926013597019044
4.105731504,/uas1/imu/data_raw,9.814922676488475,0.000522830860284141
4.113797387,/uas1/imu/data,9.814922676488475,0.0005508271513474565
4.125801677,/uas1/imu/data_raw,9.817066043739187,0.00046450381316351944
4.133783327,/uas1/imu/data,9.817066043739187,0.0003741958535046656
4.145370207,/uas1/imu/data_raw,9.817703904167166,0.0002287097241097692
4.153380157,/uas1/imu/data,9.817703904167166,0.0002002680728320099
4.165411792,/uas1/imu/data_raw,9.814357173073521,0.00020607078921222054
4.174061893,/uas1/imu/data,9.814357173073521,0.00035723680458813254
4.185732576,/uas1/imu/data_raw,9.81426252043164,0.0004554539739532584
4.194001247,/uas1/imu/data,9.81426252043164,0.00030703203543942304
4.205696606,/uas1/imu/data_raw,9.814136521166967,0.0004365750049264188
4.213926423,/uas1/imu/data,9.814136521166967,0.00038840673354631895
4.225625316,/uas1/imu/data_raw,9.813954233854595,0.0003828962718534054
4.233636357,/uas1/imu/data,9.813954233854595,0.0003049847790845849
4.245610995,/uas1/imu/data_raw,9.812181206151898,0.00026010930790677203
4.253660031,/uas1/imu/data,9.812181206151898,0.0002749571028028557
4.265312549,/uas1/imu/data_raw,9.811897310996772,0.00021222472581472238
4.273713257,/uas1/imu/data,9.811897310996772,0.000245565063603992
4.285406581,/uas1/imu/data_raw,9.813592224153565,0.0004718155280130441
4.294559301,/uas1/imu/data,9.813592224153565,0.0004576426297735224
4.305259639,/uas1/imu/data_raw,9.810919855808303,0.00034965344569556114
4.313795095,/uas1/imu/data,9.810919855808303,0.0003277827492800544
4.32941638,/uas1/imu/data_raw,9.812148730986136,0.0003572429030194358
4.334219833,/uas1/imu/data,9.812148730986136,0.00028519362649129145
4.348336567,/uas1/imu/data_raw,9.81230059469043,0.0002724896785221652
4.359978324,/uas1/imu/data,9.81230059469043,0.0003111899021593333
4.367607879,/uas1/imu/data_raw,9.814448154480592,0.00022917977604431885
4.375802003,/uas1/imu/data,9.814448154480592,0.00024650265230884806
4.385140024,/uas1/imu/data_raw,9.811746656961805,0.00030014407916073116
4.397393535,/uas1/imu/data,9.811746656961805,0.00027451428223544244
4.405705217,/uas1/imu/data_raw,9.81173662457432,0.00015849549746920557
4.412875966,/uas1/imu/data,9.81173662457432,0.0001551068926135639
4.425648955,/uas1/imu/data_raw,9.81419329390773,0.00038964578534553653
4.433372031,/uas1/imu/data,9.81419329390773,0.00043887575450786236
4.445765746,/uas1/imu/data_raw,9.81504661538523,9.417403543963965e-05
4.454410266,/uas1/imu/data,9.81504661538523,0.0002155242277836214
4.465354478,/uas1/imu/data_raw,9.813301123932623,0.0003233510143212298
4.473734275,/uas1/imu/data,9.813301123932623,0.00025920191217289166
4.485698147,/uas1/imu/data_raw,9.816497079737927,0.0002612870927059154
4.494082386,/uas1/imu/data,9.816497079737927,0.0004061116551779326
4.505886958,/uas1/imu/data_raw,9.814720363055198,0.00043381027948428513
4.513887315,/uas1/imu/data,9.814720363055198,0.0002840709207422946
4.525760332,/uas1/imu/data_raw,9.816619445625346,0.00023003150018438169
4.533550848,/uas1/imu/data,9.816619445625346,0.000271824056654772
4.546298117,/uas1/imu/data_raw,9.81617402042622,0.0003074924060741786
4.554095793,/uas1/imu/data,9.81617402042622,0.00019286559857088634
4.565822314,/uas1/imu/data_raw,9.817808911570118,0.0002621732579174371
4.57397783,/uas1/imu/data,9.817808911570118,0.00039855713690702767
4.585390583,/uas1/imu/data_raw,9.814596038996111,0.0003041600800835907
4.594411236,/uas1/imu/data,9.814596038996111,0.00019804498336724522
4.605860604,/uas1/imu/data_raw,9.818460307468428,0.000465597705197911
4.613692309,/uas1/imu/data,9.818460307468428,0.00045478230127304117
4.626181601,/uas1/imu/data_raw,9.816308073763153,0.0004719518215700949
4.633571777,/uas1/imu/data,9.816308073763153,0.0002511067850268064
4.645733985,/uas1/imu/data_raw,9.815495619324839,0.00024673219619501563
4.653818846,/uas1/imu/data,9.815495619324839,0.00019377541524036621
4.665244031,/uas1/imu/data_raw,9.814943151501623,0.00032419228155798716
4.673734744,/uas1/imu/data,9.814943151501623,0.0003688864040891072
4.685788261,/uas1/imu/data_raw,9.815012670473472,0.0003290385774676854
4.69453791,/uas1/imu/data,9.815012670473472,0.00017129609056922346
4.705870688,/uas1/imu/data_raw,9.81319204194687,0.00046229980794721846
4.71348692,/uas1/imu/data,9.81319204194687,0.0005734136326983936
4.726353284,/uas1/imu/data_raw,9.813814352665611,0.00027977675894223916
4.73358302,/uas1/imu/data,9.813814352665611,0.0003176341253693378
4.745457065,/uas1/imu/data_raw,9.81360222811989,0.00030367229833824186
4.753583976,/uas1/imu/data,9.81360222811989,0.00036551162046951464
4.765197351,/uas1/imu/data_raw,9.815045186473082,0.0005241441587532104
4.773611948,/uas1/imu/data,9.815045186473082,0.0004759004416805395
4.785296343,/uas1/imu/data_raw,9.813619024806197,0.0004659168018421844
4.793774772,/uas1/imu/data,9.813619024806197,0.0004687652381437852
4.805997945,/uas1/imu/data_raw,9.814150551328769,0.0002662477228367351
4.813356394,/uas1/imu/data,9.814150551328769,0.00033491544567977035
4.825641167,/uas1/imu/data_raw,9.815507570027753,0.00041643746652245947
4.833537123,/uas1/imu/data,9.815507570027753,0.0003254987462905497
4.845731021,/uas1/imu/data_raw,9.812938239285383,0.0005014751274037048
4.853762149,/uas1/imu/data,9.812938239285383,0.0004988888980854789
4.865503832,/uas1/imu/data_raw,9.811405553538819,0.0004010003147377276
4.873798419,/uas1/imu/data,9.811405553538819,0.00042868194093088327
4.885401195,/uas1/imu/data_raw,9.81251628418815,0.00043785254414584684
4.894193934,/uas1/imu/data,9.81251628418815,0.00034671740274614657
4.905544622,/uas1/imu/data_raw,9.810205786257027,0.00021441129839710102
4.913487726,/uas1/imu/data,9.810205786257027,0.0003250020705430428
4.92618509,/uas1/imu/data_raw,9.81110176654483,0.00045305871154899117
4.933629811,/uas1/imu/data,9.81110176654483,0.0003189469707699971
4.945596353,/uas1/imu/data_raw,9.809300705042634,0.0005448358822161776
4.953498067,/uas1/imu/data,9.809300705042634,0.00035813398756052864
4.965542867,/uas1/imu/data_raw,9.81058789061765,0.00041153716124163475
4.973891899,/uas1/imu/data,9.81058789061765,0.00035265672884576544
4.985563478,/uas1/imu/data_raw,9.808593330490389,0.00036423689481493963
4.993836928,/uas1/imu/data,9.808593330490389,0.0002634056993864368
5.005588778,/uas1/imu/data_raw,9.811569039176518,0.0003229895210416456
5.013535536,/uas1/imu/data,9.811569039176518,0.00022919984048214907
5.025625459,/uas1/imu/data_raw,9.808318336513894,0.000360846256298659
5.033326618,/uas1/imu/data,9.808318336513894,0.0002696841308041126
5.045403997,/uas1/imu/data_raw,9.80966820933613,9.078530104091247e-05
5.053483072,/uas1/imu/data,9.80966820933613,0.00024507545885777744
5.065419495,/uas1/imu/data_raw,9.81136824686778,9.833607007109975e-05
5.073780622,/uas1/imu/data,9.81136824686778,9.45345221479307e-05
5.085390464,/uas1/imu/data_raw,9.811056717121515,0.00030633618825053375
5.094326619,/uas1/imu/data,9.811056717121515,0.00030092005762755847
5.105562469,/uas1/imu/data_raw,9.812273038102163,0.00046105134322356917
5.113730643,/uas1/imu/data,9.812273038102163,0.0005775841460233173
5.125696636,/uas1/imu/data_raw,9.811153472169114,0.00039212708367440723
5.133522273,/uas1/imu/data,9.811153472169114,0.00030989305535641915
5.145831588,/uas1/imu/data_raw,9.810090499600753,0.0002470340098944191
5.153879553,/uas1/imu/data,9.810090499600753,0.0003254832461767416
5.165503507,/uas1/imu/data_raw,9.813586172670728,0.00019903410296445899
5.17410566,/uas1/imu/data,9.813586172670728,0.0001790283897139872
5.185632599,/uas1/imu/data_raw,9.813744211109704,0.00046263073279794446
5.19527735,/uas1/imu/data,9.813744211109704,0.00047666796212553523
5.205862034,/uas1/imu/data_raw,9.81459268349453,0.0004119470055670352
5.213699639,/uas1/imu/data,9.81459268349453,0.00035509773246852834
5.225806812,/uas1/imu/data_raw,9.815330793493928,0.0002162843338188259
5.234096207,/uas1/imu/data,9.815330793493928,0.00022119516685925266
5.245576003,/uas1/imu/data_raw,9.813981298394074,0.00024290910710664463
5.253698552,/uas1/imu/data,9.813981298394074,0.00032844999901734647
5.265324078,/uas1/imu/data_raw,9.814933990199183,0.00015478274013209863
5.273837159,/uas1/imu/data,9.814933990199183,0.00017351442038655396
5.285743995,/uas1/imu/data_raw,9.81506584904933,0.00041775951470854827
5.296032648,/uas1/imu/data,9.81506584904933,0.00043162052540515874
5.305511248,/uas1/imu/data_raw,9.812256223295886,0.0003042697439563181
5.31431266,/uas1/imu/data,9.812256223295886,0.00037950007986376134
5.326159529,/uas1/imu/data_raw,9.812015884556798,0.0003243352831243118
5.333790714,/uas1/imu/data,9.812015884556798,0.00019464268934259852
5.345272404,/uas1/imu/data_raw,9.812668707097757,0.00010916211922601786
5.353557383,/uas1/imu/data,9.812668707097757,0.0002801188091659532
5.365063799,/uas1/imu/data_raw,9.81270808053532,0.0003759587915434661
5.373371463,/uas1/imu/data,9.81270808053532,0.0002595082537210236
5.384874856,/uas1/imu/data_raw,9.813277623657166,0.00036847293584985996
5.394606493,/uas1/imu/data,9.813277623657166,0.0003133227156109276
5.405462741,/uas1/imu/data_raw,9.812952851675211,0.00040741120736140246
5.413554726,/uas1/imu/data,9.812952851675211,0.00032270732840339653
5.425850192,/uas1/imu/data_raw,9.81771417000346,0.0005660998691395724
5.433522027,/uas1/imu/data,9.81771417000346,0.0005219453733503692
5.445576051,/uas1/imu/data_raw,9.813152919490577,0.00019521418112221912
5.453830462,/uas1/imu/data,9.813152919490577,0.00016013866620196557
5.465501063,/uas1/imu/data_raw,9.815694319981153,0.0002666913908185106
5.474289916,/uas1/imu/data,9.815694319981153,0.0002994522472192272
5.485497414,/uas1/imu/data_raw,9.817112371389268,0.00036151021116534714
5.494427005,/uas1/imu/data,9.817112371389268,0.00030937757647952753
5.505742697,/uas1/imu/data_raw,9.814883510622302,0.000517147672319585
5.513952604,/uas1/imu/data,9.814883510622302,0.00031697938779576474
5.525914752,/uas1/imu/data_raw,9.813217366481929,0.00017930885265370742
5.533462504,/uas1/imu/data,9.813217366481929,0.0001374186561891164
5.545412488,/uas1/imu/data_raw,9.815220745487185,0.00035677485128976917
5.553711713,/uas1/imu/data,9.815220745487185,0.0004017449961535023
5.565283024,/uas1/imu/data_raw,9.815483615052957,0.0002774740311033389
5.573834735,/uas1/imu/data,9.815483615052957,0.00031672193232096214
5.585748323,/uas1/imu/data_raw,9.813965031462628,0.0003284996439345081
5.594313301,/uas1/imu/data,9.813965031462628,0.00027725312031520076
5.60597059,/uas1/imu/data_raw,9.814145351076938,0.0002705830569762981
5.613557062,/uas1/imu/data,9.814145351076938,0.00024372875909096787
5.625920011,/uas1/imu/data_raw,9.816168023629874,0.00047932481031877713
5.633615796,/uas1/imu/data,9.816168023629874,0.00033749941549511087
5.645660012,/uas1/imu/data_raw,9.815441424574402,0.0004260103905955207
5.653867765,/uas1/imu/data,9.815441424574402,0.00035486591882191563
5.665642161,/uas1/imu/data_raw,9.815489921619292,0.0004194349946884308
5.674008715,/uas1/imu/data,9.815489921619292,0.0004377125679631507
5.685750347,/uas1/imu/data_raw,9.814286444139032,0.00039681943739591205
5.695212786,/uas1/imu/data,9.814286444139032,0.00034077676064398605
5.705508676,/uas1/imu/data_raw,9.814555079681286,0.00012927139114590367
5.713599054,/uas1/imu/data,9.814555079681286,0.00021141601557011773
5.726157946,/uas1/imu/data_raw,9.815998191755542,0.0002453031122748032
5.733577967,/uas1/imu/data,9.815998191755542,0.0002205018037739353
5.745576822,/uas1/imu/data_raw,9.81208266674774,0.0004027149569541574
5.753597087,/uas1/imu/data,9.81208266674774,0.00047490144606965865
5.765134109,/uas1/imu/data_raw,9.815982107993257,0.0005108114098128966
5.773984545,/uas1/imu/data,9.815982107993257,0.0003715080268821762
5.785624988,/uas1/imu/data_raw,9.813129968976359,0.0003602212992397471
5.794710643,/uas1/imu/data,9.813129968976359,0.000440297112176134
5.805512362,/uas1/imu/data_raw,9.8135328900528,0.00017058519500660815
5.814111839,/uas1/imu/data,9.8135328900528,0.0002653023323087245
5.825979525,/uas1/imu/data_raw,9.812400921960421,0.0003417198686113853
5.833627835,/uas1/imu/data,9.812400921960421,0.00039769061508252454
5.845536761,/uas1/imu/data_raw,9.812541803101817,0.0003673738215516771
5.854038793,/uas1/imu/data,9.812541803101817,0.00028775267504384
5.865284766,/uas1/imu/data_raw,9.809278742039043,0.00023436802359321589
5.874619955,/uas1/imu/data,9.809278742039043,0.0003521730455917503
5.885868351,/uas1/imu/data_raw,9.810682824922427,0.00037151444442531624
5.894817704,/uas1/imu/data,9.810682824922427,0.00018451759096351438
5.905683234,/uas1/imu/data_raw,9.812417169572095,0.0002037324617751989
5.914089964,/uas1/imu/data,9.812417169572095,0.0004065763738115708
5.925865227,/uas1/imu/data_raw,9.812940151016942,0.0002786854150217345
5.934019501,/uas1/imu/data,9.812940151016942,0.00026103584181531847
5.945636449,/uas1/imu/data_raw,9.813280680348722,0.0002997797904336331
5.953981818,/uas1/imu/data,9.813280680348722,0.0003014028536611779
5.965225294,/uas1/imu/data_raw,9.814592687453127,9.1763747321528e-05
5.973713113,/uas1/imu/data,9.814592687453127,3.797857309862487e-05
5.985886341,/uas1/imu/data_raw,9.814535426486264,0.0003384551520964577
5.994382432,/uas1/imu/data,9.814535426486264,0.0002119568954074905
6.005258367,/uas1/imu/data_raw,9.812622464343878,0.0002977740874093359
6.013768402,/uas1/imu/data,9.812622464343878,0.00027308000471835156
6.025642105,/uas1/imu/data_raw,9.808782610035863,0.0003863775901603232
6.033789604,/uas1/imu/data,9.808782610035863,0.00033637284232134417
6.04561034,/uas1/imu/data_raw,9.812428864553864,0.00030077508077343886
6.053403751,/uas1/imu/data,9.812428864553864,0.0005857920456331198
6.065506219,/uas1/imu/data_raw,9.81151366657754,0.00025038687307046533
6.073608691,/uas1/imu/data,9.81151366657754,0.0001505557174702277
6.08552202,/uas1/imu/data_raw,9.81091333261802,0.0003456460752167199
6.094304219,/uas1/imu/data,9.81091333261802,0.0004036109598249011
6.10587179,/uas1/imu/data_raw,9.806678177507301,0.00041886063895840345
6.114199503,/uas1/imu/data,9.806678177507301,0.00031598866241263414
6.126244545,/uas1/imu/data_raw,9.806773693255355,0.00033628047142842267
6.133565185,/uas1/imu/data,9.806773693255355,0.00032861301646070737
6.145418651,/uas1/imu/data_raw,9.808584393218782,0.00022400487274031527
6.153932329,/uas1/imu/data,9.808584393218782,0.00018293725637796087
6.165425306,/uas1/imu/data_raw,9.812340675453187,0.00036644228340828146
6.173974105,/uas1/imu/data,9.812340675453187,0.00041197001245852114
6.185834945,/uas1/imu/data_raw,9.811703914256409,0.00041879048220588427
6.194405417,/uas1/imu/data,9.811703914256409,0.00033273848092182153
6.205155167,/uas1/imu/data_raw,9.815220186308222,0.00024851772552670265
6.213972959,/uas1/imu/data,9.815220186308222,0.0003157230584311123
6.225556569,/uas1/imu/data_raw,9.812676491615642,0.0002217176505912386
6.233881437,/uas1/imu/data,9.812676491615642,0.00028931135247114883
6.245647626,/uas1/imu/data_raw,9.81348920012105,0.00020845706955470154
6.253936655,/uas1/imu/data,9.81348920012105,0.00014784255292154806
6.265305737,/uas1/imu/data_raw,9.814572526600841,0.0001459469660070259
6.273891715,/uas1/imu/data,9.814572526600841,0.00017051611017784813
6.28555491,/uas1/imu/data_raw,9.81245732625286,0.00036659212467996145
6.293885118,/uas1/imu/data,9.81245732625286,0.0003671379916775125
6.305464681,/uas1/imu/data_raw,9.813710198778821,0.00033157383553754404
6.313774487,/uas1/imu/data,9.813710198778821,0.0002643405285866728
6.325660042,/uas1/imu/data_raw,9.812861710366477,0.00019721437613905458
6.333265375,/uas1/imu/data,9.812861710366477,0.0003413759812095354
6.345425958,/uas1/imu/data_raw,9.811971003283325,0.00023403253619091953
6.35361287,/uas1/imu/data,9.811971003283325,0.00019640026770496855
6.365310807,/uas1/imu/data_raw,9.813056690217728,0.00014156876899296534
6.373521305,/uas1/imu/data,9.813056690217728,0.00040054491622010875
6.385324673,/uas1/imu/data_raw,9.814157130604178,0.00013097762176271426
6.394257933,/uas1/imu/data,9.814157130604178,0.00021871480570077002
6.405403339,/uas1/imu/data_raw,9.812928163621054,0.00034801090807046094
6.41357732,/uas1/imu/data,9.812928163621054,0.0003769658292180537
6.425844599,/uas1/imu/data_raw,9.814196994089402,0.0002184767335761563
6.433306108,/uas1/imu/data,9.814196994089402,0.00024696570996323407
6.445233252,/uas1/imu/data_raw,9.816116736838755,0.0002572589506656005
6.45331308,/uas1/imu/data,9.816116736838755,0.00036073748620224207
6.465262028,/uas1/imu/data_raw,9.813365253960582,0.00048392853000859496
6.473969664,/uas1/imu/data,9.813365253960582,0.000441768100130371
6.485762463,/uas1/imu/data_raw,9.814521744804258,0.0002449498487990432
6.494554566,/uas1/imu/data,9.814521744804258,0.000349465827167109
6.505895528,/uas1/imu/data_raw,9.812522526047632,0.0002152301938412765
6.513138322,/uas1/imu/data,9.812522526047632,0.00015624553328871178
6.526342242,/uas1/imu/data_raw,9.816347726669365,0.0001830126003437029
6.533397358,/uas1/imu/data,9.816347726669365,0.0004252835257566677
6.545545076,/uas1/imu/data_raw,9.815857399977299,0.00023097325706905434
6.553926098,/uas1/imu/data,9.815857399977299,0.0003157765305680515
6.565420005,/uas1/imu/data_raw,9.814975332304815,0.0003498315685144527
6.573834492,/uas1/imu/data,9.814975332304815,0.0003166673501173993
6.585565721,/uas1/imu/data_raw,9.815550247842735,0.00020817157514898367
6.594720178,/uas1/imu/data,9.815550247842735,0.0003694381049400652
6.605493811,/uas1/imu/data_raw,9.813526255489215,0.0004980369342984468
6.613552916,/uas1/imu/data,9.813526255489215,0.0005373821862599744
6.625907122,/uas1/imu/data_raw,9.814263617747908,0.00018508467594406975
6.633645154,/uas1/imu/data,9.814263617747908,0.0003868770283186763
6.645611062,/uas1/imu/data_raw,9.810921552424103,0.0002119837784501669
6.653659334,/uas1/imu/data,9.810921552424103,0.00023092679228001504
6.665429586,/uas1/imu/data_raw,9.813741074946295,0.0004930585033155534
6.674773189,/uas1/imu/data,9.813741074946295,0.00030842361645876
6.685492937,/uas1/imu/data_raw,9.815459907740527,0.00034399438031996256
6.69458781,/uas1/imu/data,9.815459907740527,0.00029459227956978983
6.70537109,/uas1/imu/data_raw,9.815163388003764,0.00045756592913491294
6.71360499,/uas1/imu/data,9.815163388003764,0.0003120806599101324
6.725716983,/uas1/imu/data_raw,9.812389268284353,0.0001847487889011875
6.733574077,/uas1/imu/data,9.812389268284353,0.00027480523113314353
6.745682113,/uas1/imu/data_raw,9.812596033538181,0.00041129956599000655
6.75408077,/uas1/imu/data,9.812596033538181,0.00029076145978343605
6.765702709,/uas1/imu/data_raw,9.815755739928962,0.00014479373706261363
6.773688461,/uas1/imu/data,9.815755739928962,0.0002336430010128492
6.7855327,/uas1/imu/data_raw,9.81293555218436,0.0005033280556343028
6.794475819,/uas1/imu/data,9.81293555218436,0.0005629431120582947
6.805386799,/uas1/imu/data_raw,9.811540408308195,0.0003157954516178148
6.813560123,/uas1/imu/data,9.811540408308195,0.0003787317701820109
6.825679436,/uas1/imu/data_raw,9.811303835355872,0.00042161777935440723
6.836074519,/uas1/imu/data,9.811303835355872,0.00030175046486351236
6.845602544,/uas1/imu/data_raw,9.810267061376907,0.0004179425639476033
6.853049498,/uas1/imu/data,9.810267061376907,0.0003848620241139469
6.865492772,/uas1/imu/data_raw,9.809209243814994,0.0003018760248345172
6.874369799,/uas1/imu/data,9.809209243814994,0.0004138940533869209
6.885805632,/uas1/imu/data_raw,9.812840044395298,0.0003761042662914042
6.894640832,/uas1/imu/data,9.812840044395298,0.00017820016048868863
6.905419056,/uas1/imu/data_raw,9.810917958975764,0.00022682420219324105
6.913495986,/uas1/imu/data,9.810917958975764,0.0004344212796005696
6.925792111,/uas1/imu/data_raw,9.812555358096706,0.00043570843226630157
6.933905688,/uas1/imu/data,9.812555358096706,0.0004265646103797994
6.945545925,/uas1/imu/data_raw,9.811134310245514,0.00028145895137432286
6.953686622,/uas1/imu/data,9.811134310245514,0.0003355860184937762
6.965724959,/uas1/imu/data_raw,9.808779785959223,0.0002914891049873923
6.974272584,/uas1/imu/data,9.808779785959223,0.00025099366573247146
6.98553984,/uas1/imu/data_raw,9.810559698400931,0.00036389312100339736
6.99426202,/uas1/imu/data,9.810559698400931,0.00020212115969635118
7.005407408,/uas1/imu/data_raw,9.810812382552138,0.0004188334082457338
7.013746209,/uas1/imu/data,9.810812382552138,0.00046655597933413544
7.025744531,/uas1/imu/data_raw,9.80832157243198,0.0004169163801895295
7.033560006,/uas1/imu/data,9.80832157243198,0.00037160666292219665
7.045197503,/uas1/imu/data_raw,9.809606965185203,0.0005932085185757961
7.053327608,/uas1/imu/data,9.809606965185203,0.0004822613050339097
7.064870963,/uas1/imu/data_raw,9.80841123353641,0.00024984363075539445
7.072963964,/uas1/imu/data,9.80841123353641,0.00018146537769500053
7.085423193,/uas1/imu/data_raw,9.809098486153617,0.00045279837919410176
7.094173803,/uas1/imu/data,9.809098486153617,0.0004527918877122621
7.105678515,/uas1/imu/data_raw,9.808823627640264,0.0005829766013526245
7.113486677,/uas1/imu/data,9.808823627640264,0.00032232011087256055
7.125518104,/uas1/imu/data_raw,9.80899077114733,0.00039594486662881235
7.133376208,/uas1/imu/data,9.80899077114733,0.000321253247364949
7.14612269,/uas1/imu/data_raw,9.80908028747954,0.0002336155247955453
7.154089287,/uas1/imu/data,9.80908028747954,0.00021625783355360908
7.165731462,/uas1/imu/data_raw,9.806669027760737,0.0005586374944962061
7.174223481,/uas1/imu/data,9.806669027760737,0.0003171218602786265
7.185517781,/uas1/imu/data_raw,9.806105587675663,0.0006080128663844729
7.194311194,/uas1/imu/data,9.806105587675663,0.0005256475925038281
7.205685069,/uas1/imu/data_raw,9.806749076017308,0.00028009152581386245
7.213605613,/uas1/imu/data,9.806749076017308,0.00042788579863477065
7.225906205,/uas1/imu/data_raw,9.803453579731338,0.00037202913009436016
7.233897203,/uas1/imu/data,9.803453579731338,0.0002351917769592667
7.245461572,/uas1/imu/data_raw,9.804954949211224,0.0005055509944399979
7.253517375,/uas1/imu/data,9.804954949211224,0.0004897771264705664
7.265349617,/uas1/imu/data_raw,9.807725150548602,0.000491925125022971
7.273535843,/uas1/imu/data,9.807725150548602,0.000516659157489344
7.285695358,/uas1/imu/data_raw,9.804801595087591,0.00042737996585865236
7.294302028,/uas1/imu/data,9.804801595087591,0.0004971073467359108
7.305270842,/uas1/imu/data_raw,9.80660647474288,0.0004945533862137818
7.313533117,/uas1/imu/data,9.80660647474288,0.0003509512055627416
7.325766664,/uas1/imu/data_raw,9.803534798308476,0.00043745037849369535
7.333347675,/uas1/imu/data,9.803534798308476,0.0003553109093376638
7.345431445,/uas1/imu/data_raw,9.80688078599662,0.0004220637939209407
7.353595893,/uas1/imu/data,9.80688078599662,0.00048798654105887645
7.365317081,/uas1/imu/data_raw,9.805275124149308,0.000224026472541404
7.373710308,/uas1/imu/data,9.805275124149308,0.00014336743339632218
7.38554553,/uas1/imu/data_raw,9.80571931808899,0.0006269253955428697
7.394570467,/uas1/imu/data,9.80571931808899,0.0006272417741479223
7.405300777,/uas1/imu/data_raw,9.8089386674303,0.0003465464534191049
7.413616085,/uas1/imu/data,9.8089386674303,0.00033093266451656437
7.427850649,/uas1/imu/data_raw,9.808860891784718,0.00035850872029594507
7.433643804,/uas1/imu/data,9.808860891784718,0.00030640136198759445
7.445545698,/uas1/imu/data_raw,9.81120401233053,0.00024114457479884613
7.45385791,/uas1/imu/data,9.81120401233053,0.0002467545056725778
7.465499434,/uas1/imu/data_raw,9.811789541148752,7.115419315356091e-05
7.474082406,/uas1/imu/data,9.811789541148752,0.00017233539219363574
7.485912701,/uas1/imu/data_raw,9.808438930409672,0.000320456980586276
7.494538273,/uas1/imu/data,9.808438930409672,0.00044778988373264146
7.506100206,/uas1/imu/data_raw,9.808672374277315,0.00040055847668281184
7.513308726,/uas1/imu/data,9.808672374277315,0.0003868373736332281
7.525979863,/uas1/imu/data_raw,9.808435907271793,0.0003454636063966331
7.533642136,/uas1/imu/data,9.808435907271793,0.0002549615482763875
7.545579948,/uas1/imu/data_raw,9.809620261167504,0.0005311424585387667
7.553751568,/uas1/imu/data,9.809620261167504,0.0004450888582732299
7.565463195,/uas1/imu/data_raw,9.811185795316709,0.0005343129028956071
7.574223092,/uas1/imu/data,9.811185795316709,0.0005629822634488993
7.585421376,/uas1/imu/data_raw,9.808243374723688,0.0002625772694798702
7.593783557,/uas1/imu/data,9.808243374723688,0.0005884276343613715
7.605540641,/uas1/imu/data_raw,9.808181916139153,0.00044443045737207814
7.613871026,/uas1/imu/data,9.808181916139153,0.0004152014850057702
7.625922807,/uas1/imu/data_raw,9.810010620394628,0.00037713317966947546
7.633814908,/uas1/imu/data,9.810010620394628,0.00032059418589536464
7.64562847,/uas1/imu/data_raw,9.809542397982224,0.0002562916406633589
7.653505601,/uas1/imu/data,9.809542397982224,0.0002659723256713234
7.665613988,/uas1/imu/data_raw,9.808160406625209,0.0006455843285698649
7.674095561,/uas1/imu/data,9.808160406625209,0.00047167131651716594
7.685560656,/uas1/imu/data_raw,9.804844550855757,0.0003590643039206316
7.694202361,/uas1/imu/data,9.804844550855757,0.0004031992116987187
7.705471906,/uas1/imu/data_raw,9.805779763173872,0.0006466059146115069
7.713913231,/uas1/imu/data,9.805779763173872,0.0005803102926915124
7.726131226,/uas1/imu/data_raw,9.805764627685075,0.000588991946945366
7.733604835,/uas1/imu/data,9.805764627685075,0.000530718264713438
7.745662614,/uas1/imu/data_raw,9.805438314191964,0.0006073358302770437
7.753943088,/uas1/imu/data,9.805438314191964,0.0004309982654385558
7.765575259,/uas1/imu/data_raw,9.806034206650573,0.0003742530327902481
7.773812458,/uas1/imu/data,9.806034206650573,0.0003940362075949333
7.785375049,/uas1/imu/data_raw,9.806555704500788,0.00039277886767690514
7.794293963,/uas1/imu/data,9.806555704500788,0.00035733307001118217
7.805314471,/uas1/imu/data_raw,9.803368922160246,0.0005206588399217977
7.814032166,/uas1/imu/data,9.803368922160246,0.0005027371799237116
7.825898974,/uas1/imu/data_raw,9.805690757048517,0.000479764994886151
7.833565872,/uas1/imu/data,9.805690757048517,0.000396719517240697
7.845663199,/uas1/imu/data_raw,9.804836598859376,0.0001958347706289499
7.853905497,/uas1/imu/data,9.804836598859376,0.0003392127628131711
7.865259748,/uas1/imu/data_raw,9.806545169575688,0.0003449030851681297
7.874075151,/uas1/imu/data,9.806545169575688,0.0002519266890015806
7.885519136,/uas1/imu/data_raw,9.8054675866019,0.0004786282721617057
7.894834583,/uas1/imu/data,9.8054675866019,0.0003495459821995261
7.906278316,/uas1/imu/data_raw,9.8039293392394,0.0002579110423468727
7.913977194,/uas1/imu/data,9.8039293392394,0.00021669375277131792
7.926007063,/uas1/imu/data_raw,9.807019740660415,0.00040222850655029463
7.933883009,/uas1/imu/data,9.807019740660415,0.00039729518636625233
7.945651213,/uas1/imu/data_raw,9.804515412455078,0.0004802837061953141
7.953589354,/uas1/imu/data,9.804515412455078,0.0004020345415822988
7.965406817,/uas1/imu/data_raw,9.803617499429299,0.0003749951107564711
7.97407638,/uas1/imu/data,9.803617499429299,0.0004200405013708289
7.98565139,/uas1/imu/data_raw,9.80105854821666,0.000219998381315651
7.994522118,/uas1/imu/data,9.80105854821666,0.00018131926348039976
8.00556768,/uas1/imu/data_raw,9.801040118603563,0.0004616539580933217
8.013951968,/uas1/imu/data,9.801040118603563,0.0003903846016299004
8.026839638,/uas1/imu/data_raw,9.799374017049683,0.00032638416321171697
8.033644982,/uas1/imu/data,9.799374017049683,0.0002965127497066804
8.045775156,/uas1/imu/data_raw,9.799943004957276,0.0004882544609364798
8.053777067,/uas1/imu/data,9.799943004957276,0.0004058959472215196
8.065684927,/uas1/imu/data_raw,9.801607948115617,0.00024172784162873517
8.073615296,/uas1/imu/data,9.801607948115617,0.00020736339752677039
8.085680306,/uas1/imu/data_raw,9.801717936029256,0.0005019621117807225
8.09500657,/uas1/imu/data,9.801717936029256,0.00044864883062487623
8.105747352,/uas1/imu/data_raw,9.803544224759984,0.000423211254584821
8.114092571,/uas1/imu/data,9.803544224759984,0.0003948817882312126
8.125747193,/uas1/imu/data_raw,9.801662259482873,0.0004113172708389418
8.133340454,/uas1/imu/data,9.801662259482873,0.00027524414291549976
8.14559241,/uas1/imu/data_raw,9.80244433915767,0.0004896694041382869
8.153380389,/uas1/imu/data,9.80244433915767,0.00047241983304862397
8.165557251,/uas1/imu/data_raw,9.80723216867764,0.000581495303582448
8.173795137,/uas1/imu/data,9.80723216867764,0.000562122500548792
8.185593387,/uas1/imu/data_raw,9.808822705223413,0.0005640127147260233
8.194834525,/uas1/imu/data,9.808822705223413,0.00038951808500677803
8.205714171,/uas1/imu/data_raw,9.80731510056156,0.0005804442765664272
8.213976866,/uas1/imu/data,9.80731510056156,0.0006077546322571097
8.225540768,/uas1/imu/data_raw,9.806329727350192,0.0002516662773043461
8.233580564,/uas1/imu/data,9.806329727350192,0.00039480934633264093
8.245595724,/uas1/imu/data_raw,9.804251880279713,0.0005059992981721688
8.2535058,/uas1/imu/data,9.804251880279713,0.0003490898272410374
8.265658237,/uas1/imu/data_raw,9.806996264102143,0.0003849001526899021
8.273725899,/uas1/imu/data,9.806996264102143,0.0004390241572082814
8.285840975,/uas1/imu/data_raw,9.80749537783925,0.00044726863233136973
8.294124883,/uas1/imu/data,9.80749537783925,0.0004440269843642757
8.305400141,/uas1/imu/data_raw,9.807918406819345,0.0005658531979920409
8.313955444,/uas1/imu/data,9.807918406819345,0.0006428700117605415
8.325519828,/uas1/imu/data_raw,9.806250697756782,0.0004213196166138541
8.33350791,/uas1/imu/data,9.806250697756782,0.00040690599286549815
8.345381692,/uas1/imu/data_raw,9.80610451771935,0.0005167703420339796
8.353688651,/uas1/imu/data,9.80610451771935,0.00046784497255152486
8.365341248,/uas1/imu/data_raw,9.806227287959265,0.0004415745417382042
8.3740075,/uas1/imu/data,9.806227287959265,0.0004824280791031686
8.385919571,/uas1/imu/data_raw,9.808505627435466,0.0004956649337359799
8.394742422,/uas1/imu/data,9.808505627435466,0.0004264137308824471
8.405401358,/uas1/imu/data_raw,9.807909502019442,0.0006814372877279779
8.413582427,/uas1/imu/data,9.807909502019442,0.0005654397368904405
8.425696377,/uas1/imu/data_raw,9.805188419880979,0.0005847615319223277
8.433363893,/uas1/imu/data,9.805188419880979,0.0005288102776099214
8.44548798,/uas1/imu/data_raw,9.804934385123978,0.00025605979573848064
8.453395335,/uas1/imu/data,9.804934385123978,0.0002582491968641768
8.465629824,/uas1/imu/data_raw,9.803083804840007,0.0006744395337124196
8.473684308,/uas1/imu/data,9.803083804840007,0.000540573681257968
8.485577762,/uas1/imu/data_raw,9.804083586902822,0.0005452190130801274
8.494095712,/uas1/imu/data,9.804083586902822,0.0006311621582614782
8.505923765,/uas1/imu/data_raw,9.803389442216485,0.0006772247785293999
8.513839054,/uas1/imu/data,9.803389442216485,0.00045837047364384554
8.525728718,/uas1/imu/data_raw,9.804143250811617,0.00047227285326861205
8.533764542,/uas1/imu/data,9.804143250811617,0.0004885766037171313
8.545199245,/uas1/imu/data_raw,9.80290910601978,0.00047421408627287
8.553746633,/uas1/imu/data,9.80290910601978,0.0004141582396176933
8.565119215,/uas1/imu/data_raw,9.804679689527045,0.0007303252157400365
8.573095416,/uas1/imu/data,9.804679689527045,0.0006876576766908741
8.584937027,/uas1/imu/data_raw,9.807543240625831,0.00034615123862322334
8.5929055,/uas1/imu/data,9.807543240625831,0.0003453973543556757
8.605194503,/uas1/imu/data_raw,9.806401297252167,0.00044660576892142613
8.613367827,/uas1/imu/data,9.806401297252167,0.00048750209435936376
8.625367988,/uas1/imu/data_raw,9.806405657061969,0.00047635924340547794
8.633276958,/uas1/imu/data,9.806405657061969,0.00044676775935324135
8.644871015,/uas1/imu/data_raw,9.807160382986602,0.00047518643373385786
8.653082248,/uas1/imu/data,9.807160382986602,0.00039841749123775504
8.66510066,/uas1/imu/data_raw,9.806930190713794,0.0005939317849970527
8.67334787,/uas1/imu/data,9.806930190713794,0.000544188766398073
8.685947235,/uas1/imu/data_raw,9.807799526220574,0.00022904512432374616
8.693976542,/uas1/imu/data,9.807799526220574,0.00016399494168122357
8.70576708,/uas1/imu/data_raw,9.80713690687049,0.00038515589217294287
8.71384326,/uas1/imu/data,9.80713690687049,0.0005612270295804356
8.72615266,/uas1/imu/data_raw,9.807624769455012,0.0005387862040655659
8.733761572,/uas1/imu/data,9.807624769455012,0.0003100252527723248
8.745586417,/uas1/imu/data_raw,9.806818089115868,0.0005209511823874605
8.753892634,/uas1/imu/data,9.806818089115868,0.0005214098094690674
8.765407398,/uas1/imu/data_raw,9.806068078098951,0.0003221803474377848
8.773778334,/uas1/imu/data,9.806068078098951,0.00045725243559781396
8.785358494,/uas1/imu/data_raw,9.80968323325574,0.0006002386511131321
8.794091549,/uas1/imu/data,9.80968323325574,0.0004533356646539018
8.805550232,/uas1/imu/data_raw,9.809503579081293,0.0006133961550146742
8.813930218,/uas1/imu/data,9.809503579081293,0.0005050040210491145
8.825597236,/uas1/imu/data_raw,9.808895745813588,0.0005258161435525696
8.833691804,/uas1/imu/data,9.808895745813588,0.0005068866604213988
8.845579891,/uas1/imu/data_raw,9.807803163204925,0.0004987385007259946
8.853366958,/uas1/imu/data,9.807803163204925,0.0004739472449810458
8.865649125,/uas1/imu/data_raw,9.810382279040928,0.000494559814398234
8.873994646,/uas1/imu/data,9.810382279040928,0.00033862274132333406
8.885523588,/uas1/imu/data_raw,9.806233761947544,0.0007907177614773906
8.894326159,/uas1/imu/data,9.806233761947544,0.0005429780289365214
8.905991849,/uas1/imu/data_raw,9.8066520809107,0.0005239019719793465
8.91379824,/uas1/imu/data,9.8066520809107,0.0003952126700081551
8.925601708,/uas1/imu/data_raw,9.807667702230855,0.0005636139078231618
8.933688054,/uas1/imu/data,9.807667702230855,0.0004990931787284911
8.94552944,/uas1/imu/data_raw,9.807185841049083,0.0006431989816383685
8.953575083,/uas1/imu/data,9.807185841049083,0.0005782596974208404
8.965635902,/uas1/imu/data_raw,9.805820593627717,0.0005759489042741714
8.975097401,/uas1/imu/data,9.805820593627717,0.000583477919255734
8.985684143,/uas1/imu/data_raw,9.805353431096739,0.00038337402316575796
8.994090071,/uas1/imu/data,9.805353431096739,0.00038100851103379293
9.005883585,/uas1/imu/data_raw,9.802667384504414,0.0005850049983428052
9.01368013,/uas1/imu/data,9.802667384504414,0.0005730470312202445
9.025706426,/uas1/imu/data_raw,9.803497647244912,0.0005076767909038227
9.033354398,/uas1/imu/data,9.803497647244912,0.00036916962422546345
9.045485792,/uas1/imu/data_raw,9.804483490501815,0.0005540782536887263
9.053681714,/uas1/imu/data,9.804483490501815,0.0004940271136546183
9.065491757,/uas1/imu/data_raw,9.802932799846127,0.0005151883130112963
9.073712765,/uas1/imu/data,9.802932799846127,0.0004060910819858936
9.085738076,/uas1/imu/data_raw,9.802922371685643,0.00027390945011757686
9.094160154,/uas1/imu/data,9.802922371685643,0.00028518912537432625
9.106032358,/uas1/imu/data_raw,9.802494757312973,0.0004724849184132979
9.113816494,/uas1/imu/data,9.802494757312973,0.00046217987394010215
9.12559963,/uas1/imu/data_raw,9.80336330017672,0.0005024919259003786
9.133604809,/uas1/imu/data,9.80336330017672,0.0005040282768946008
9.145613788,/uas1/imu/data_raw,9.805132047016654,0.0003513548157587453
9.153669913,/uas1/imu/data,9.805132047016654,0.0002493002645418758
9.165468197,/uas1/imu/data_raw,9.805561572755403,0.0003228302883646499
9.17394961,/uas1/imu/data,9.805561572755403,0.0003855977231846113
9.185618134,/uas1/imu/data_raw,9.804142739304433,0.0005766955251018917
9.194239326,/uas1/imu/data,9.804142739304433,0.0004864853783149313
9.205209178,/uas1/imu/data_raw,9.804574090526497,0.0002714009923975125
9.213517865,/uas1/imu/data,9.804574090526497,0.00021564509601973477
9.227971061,/uas1/imu/data_raw,9.803080090915508,0.0005514919574397378
9.234743947,/uas1/imu/data,9.803080090915508,0.00046596221569825846
9.245605596,/uas1/imu/data_raw,9.802192159962535,0.000399924648475033
9.253967205,/uas1/imu/data,9.802192159962535,0.0003779762310241967
9.265458802,/uas1/imu/data_raw,9.803797889873454,0.00044163727739965575
9.273902684,/uas1/imu/data,9.803797889873454,0.0005413663975283998
9.28541785,/uas1/imu/data_raw,9.805341289182177,0.0006352598666958362
9.294528536,/uas1/imu/data,9.805341289182177,0.000587977179081863
9.305576853,/uas1/imu/data_raw,9.804328452507976,0.00047654330237987435
9.31366001,/uas1/imu/data,9.804328452507976,0.00036074855596606153
9.325809942,/uas1/imu/data_raw,9.803011063355157,0.0004140185677802908
9.33348621,/uas1/imu/data,9.803011063355157,0.00036381126095348513
9.345701485,/uas1/imu/data_raw,9.802304028654481,0.0008367286761506604
9.353715688,/uas1/imu/data,9.802304028654481,0.0006507509921070284
9.365650365,/uas1/imu/data_raw,9.79913860875831,0.0005529220560496447
9.373735192,/uas1/imu/data,9.79913860875831,0.0005837957556448732
9.385743892,/uas1/imu/data_raw,9.80323494910957,0.00038455260897577505
9.394951607,/uas1/imu/data,9.80323494910957,0.0004045350585989537
9.405608822,/uas1/imu/data_raw,9.799350054285236,0.0005586094668558673
9.41382934,/uas1/imu/data,9.799350054285236,0.0003789661413789133
9.425427492,/uas1/imu/data_raw,9.798932412626876,0.0004755002310236798
9.433672613,/uas1/imu/data,9.798932412626876,0.0004233092381871655
9.445747096,/uas1/imu/data_raw,9.80023743717108,0.0003936430974708536
9.453687321,/uas1/imu/data,9.80023743717108,0.0003134393499619848
9.465531361,/uas1/imu/data_raw,9.799833453219476,0.00047736293157998503
9.473460538,/uas1/imu/data,9.799833453219476,0.0005131455528526926
9.485290564,/uas1/imu/data_raw,9.797583287486155,0.00040360282642135954
9.49416539,/uas1/imu/data,9.797583287486155,0.00037518550143850936
9.505743914,/uas1/imu/data_raw,9.79970679922609,0.0004504803834802906
9.513672618,/uas1/imu/data,9.79970679922609,0.00039298122952390025
9.525753959,/uas1/imu/data_raw,9.801292502182285,0.00029255731387154956
9.53489364,/uas1/imu/data,9.801292502182285,0.0003516285213079518
9.545701659,/uas1/imu/data_raw,9.79919318140817,0.0005414197014873795
9.553861751,/uas1/imu/data,9.79919318140817,0.0004932496531503725
9.565548818,/uas1/imu/data_raw,9.796416046572544,0.0004805194046598928
9.573946,/uas1/imu/data,9.796416046572544,0.0004197585705506416
9.585570234,/uas1/imu/data_raw,9.799028626454312,0.0004404423293258345
9.594370241,/uas1/imu/data,9.799028626454312,0.00026924921915973306
9.605583933,/uas1/imu/data_raw,9.798247409960897,0.0005067914036490948
9.613596318,/uas1/imu/data,9.798247409960897,0.0003412490206108736
9.625702674,/uas1/imu/data_raw,9.797315911972676,0.00047854344208796097
9.633810876,/uas1/imu/data,9.797315911972676,0.0005050946137316793
9.645770359,/uas1/imu/data_raw,9.797241927783723,0.000599502803816383
9.653698841,/uas1/imu/data,9.797241927783723,0.00040111224713210527
9.665372281,/uas1/imu/data_raw,9.800272174537344,0.0005816920811599881
9.674005322,/uas1/imu/data,9.800272174537344,0.0005109973420948249
9.685603888,/uas1/imu/data_raw,9.80070226469521,0.0005137063307712211
9.69460883,/uas1/imu/data,9.80070226469521,0.00043676184844407837
9.705747138,/uas1/imu/data_raw,9.799470743240876,0.0002742004776121114
9.713352575,/uas1/imu/data,9.799470743240876,0.00037496892209043026
9.726011994,/uas1/imu/data_raw,9.794886115853755,0.00028968182438058807
9.733726021,/uas1/imu/data,9.794886115853755,0.00020357144855763978
9.745500257,/uas1/imu/data_raw,9.80013007570646,0.0005700628973529147
9.753332742,/uas1/imu/data,9.80013007570646,0.00053879270206319
9.76536587,/uas1/imu/data_raw,9.797449004789428,0.00016902042675097937
9.773991125,/uas1/imu/data,9.797449004789428,0.0002935411924644508
9.785733038,/uas1/imu/data_raw,9.795919396919725,0.0003733209125461799
9.794213044,/uas1/imu/data,9.795919396919725,0.0004466200493298494
9.805498564,/uas1/imu/data_raw,9.798048608760825,0.000555033019553101
9.81354949,/uas1/imu/data,9.798048608760825,0.0004651879857843817
9.826846897,/uas1/imu/data_raw,9.799673219015615,0.0005956606687247443
9.834300168,/uas1/imu/data,9.799673219015615,0.0004883267367729318
9.845483547,/uas1/imu/data_raw,9.796795428661165,0.00036666119349101125
9.853775038,/uas1/imu/data,9.796795428661165,0.00042672112779820005
9.865898444,/uas1/imu/data_raw,9.797816481982466,0.0005731372929341861
9.874032201,/uas1/imu/data,9.797816481982466,0.00047120476852711377
9.885466896,/uas1/imu/data_raw,9.796864024581536,0.0007028561855963255
9.89475514,/uas1/imu/data,9.796864024581536,0.0006638375299215546
9.90556567,/uas1/imu/data_raw,9.799188832090595,0.0004335198713507656
9.913637698,/uas1/imu/data,9.799188832090595,0.0005747737027866508
9.926194724,/uas1/imu/data_raw,9.800572537672652,0.0005120248963449575
9.933863571,/uas1/imu/data,9.800572537672652,0.0006694555058965051
9.945620099,/uas1/imu/data_raw,9.79886246600601,0.0003273726150797241
9.953479902,/uas1/imu/data,9.79886246600601,0.0003141899814326567
9.965457844,/uas1/imu/data_raw,9.804347082826197,0.0006961206295651307
9.974096879,/uas1/imu/data,9.804347082826197,0.0005810849634156275
9.985326554,/uas1/imu/data_raw,9.800478433335188,0.0005007940041134522
9.994218274,/uas1/imu/data,9.800478433335188,0.00039377466922089626
10.005902235,/uas1/imu/data_raw,9.799491997233147,0.0005527617788424088
10.013718975,/uas1/imu/data,9.799491997233147,0.0005196658303877195
10.025668597,/uas1/imu/data_raw,9.800868258807055,0.0005825362385006381
10.033555935,/uas1/imu/data,9.800868258807055,0.00046901492948548036
10.045885019,/uas1/imu/data_raw,9.801123270847173,0.00037703567783301293
10.05388218,/uas1/imu/data,9.801123270847173,0.00018022643812441882
10.065416793,/uas1/imu/data_raw,9.80278884557632,0.0005440745339710471
10.074507895,/uas1/imu/data,9.80278884557632,0.0005442856823212416
10.085743783,/uas1/imu/data_raw,9.803781929562238,0.0005978568815525297
10.094955988,/uas1/imu/data,9.803781929562238,0.0005542178761238901
10.10552673,/uas1/imu/data_raw,9.802064079833084,0.0006261230663287476
10.113646018,/uas1/imu/data,9.802064079833084,0.0005530462576318449
10.125856452,/uas1/imu/data_raw,9.803879618505414,0.0004698261038685595
10.133708778,/uas1/imu/data,9.803879618505414,0.00031706783808047707
10.145362825,/uas1/imu/data_raw,9.802826474986901,0.0005266217906490431
10.153381274,/uas1/imu/data,9.802826474986901,0.0006099254142696145
10.165419336,/uas1/imu/data_raw,9.802271063628323,0.00036222464324953704
10.1734716,/uas1/imu/data,9.802271063628323,0.0005245053303536805
10.185551129,/uas1/imu/data_raw,9.803999637987713,0.0004950446716529283
10.19451363,/uas1/imu/data,9.803999637987713,0.0004649764421403565
10.205703785,/uas1/imu/data_raw,9.803929925690307,0.0002782061557259288
10.213648077,/uas1/imu/data,9.803929925690307,0.00046136268068320505
10.225784968,/uas1/imu/data_raw,9.803067709910186,0.0002722053020643378
10.233623051,/uas1/imu/data,9.803067709910186,0.00024742323894415215
10.245368371,/uas1/imu/data_raw,9.803366246393608,0.0004009701258714198
10.254048499,/uas1/imu/data,9.803366246393608,0.0005070983379394783
10.265169669,/uas1/imu/data_raw,9.80388256440486,0.000563014878316064
10.273743118,/uas1/imu/data,9.80388256440486,0.00037271619351761457
10.285654601,/uas1/imu/data_raw,9.80380362257736,0.0003527133482195233
10.29477255,/uas1/imu/data,9.80380362257736,0.0003017208434424131
10.305916779,/uas1/imu/data_raw,9.807136930332673,0.00046702893192778264
10.314240876,/uas1/imu/data,9.807136930332673,0.00038876054362920625
10.325739459,/uas1/imu/data_raw,9.80657874957713,0.00039551212919301495
10.333969499,/uas1/imu/data,9.80657874957713,0.0005382772084428352
10.345759692,/uas1/imu/data_raw,9.804304473209365,0.00032390096548067486
10.353963806,/uas1/imu/data,9.804304473209365,0.00024945682221948754
10.3658727,/uas1/imu/data_raw,9.80459547372479,0.0004098106477133838
10.374380439,/uas1/imu/data,9.80459547372479,0.00030664628863487603
10.385267415,/uas1/imu/data_raw,9.806396727293052,0.0004588292765497632
10.394053604,/uas1/imu/data,9.806396727293052,0.00031247430463327225
10.40559979,/uas1/imu/data_raw,9.799544486760082,0.0003108880590903548
10.413620305,/uas1/imu/data,9.799544486760082,0.00033815435333645923
10.426381384,/uas1/imu/data_raw,9.801878441671697,0.0003592330588011654
10.434482379,/uas1/imu/data,9.801878441671697,0.00031908509643471426
10.445710995,/uas1/imu/data_raw,9.802664979805074,9.182998037893943e-05
10.45363991,/uas1/imu/data,9.802664979805074,0.00027419553110770846
10.465515255,/uas1/imu/data_raw,9.803785881519552,0.00021902202398219135
10.474142266,/uas1/imu/data,9.803785881519552,0.0003763492974507158
10.485357759,/uas1/imu/data_raw,9.80478518325776,0.0004154672909536417
10.494074448,/uas1/imu/data,9.80478518325776,0.0004921094313892603
10.505896284,/uas1/imu/data_raw,9.800191312505477,0.0002794816044931886
10.514068594,/uas1/imu/data,9.800191312505477,0.0003605021916066513
10.526178326,/uas1/imu/data_raw,9.799262805003645,0.00039874617144500284
10.533550524,/uas1/imu/data,9.799262805003645,0.0004060204316604486
10.545608514,/uas1/imu/data_raw,9.799979290766288,0.000408454735339936
10.553965192,/uas1/imu/data,9.799979290766288,0.00041833309764775697
10.565458595,/uas1/imu/data_raw,9.802409493673272,0.00022179795759238923
10.573989536,/uas1/imu/data,9.802409493673272,0.00025973592288599753
10.585262609,/uas1/imu/data_raw,9.800945309330224,0.0006794591329766724
10.594637088,/uas1/imu/data,9.800945309330224,0.0004572658242478129
10.605215936,/uas1/imu/data_raw,9.801863574152671,0.00047345744689509834
10.613525779,/uas1/imu/data,9.801863574152671,0.00045518130211065553
10.625929342,/uas1/imu/data_raw,9.799676884874126,0.0002840393261229891
10.633811224,/uas1/imu/data,9.799676884874126,0.0004137014457050388
10.645534436,/uas1/imu/data_raw,9.802678690038155,0.00048052252043790294
10.653745813,/uas1/imu/data,9.802678690038155,0.0005376795889616505
10.665434278,/uas1/imu/data_raw,9.800116576082418,0.00034734441861337674
10.673705664,/uas1/imu/data,9.800116576082418,0.00020056678480126722
10.685565119,/uas1/imu/data_raw,9.8004428770626,0.0007560487141945901
10.694069618,/uas1/imu/data,9.8004428770626,0.0006047646997121924
10.705544302,/uas1/imu/data_raw,9.79990321822319,0.0005186782386299367
10.71360922,/uas1/imu/data,9.79990321822319,0.0005519414081471475
10.726010077,/uas1/imu/data_raw,9.802855996849726,0.00042808954605155075
10.733577825,/uas1/imu/data,9.802855996849726,0.0003775845143882588
10.745768127,/uas1/imu/data_raw,9.798957340289515,0.0004382888909834754
10.753522638,/uas1/imu/data,9.798957340289515,0.0004483068635637322
10.765520345,/uas1/imu/data_raw,9.802282279586457,0.00037046037567760694
10.774488839,/uas1/imu/data,9.802282279586457,0.0005276473575431638
10.785766565,/uas1/imu/data_raw,9.802366905941183,0.00032277000949052246
10.794405768,/uas1/imu/data,9.802366905941183,0.0002225042206240357
10.805574352,/uas1/imu/data_raw,9.801495376698378,0.0004675728459642643
10.813727319,/uas1/imu/data,9.801495376698378,0.00039767104130958856
10.825656356,/uas1/imu/data_raw,9.80280775565279,0.00023916497352504795
10.833508896,/uas1/imu/data,9.80280775565279,0.0003656564961424665
10.845877419,/uas1/imu/data_raw,9.798780640114149,0.00019242654037599166
10.853552699,/uas1/imu/data,9.798780640114149,0.0002517591098544589
10.865165913,/uas1/imu/data_raw,9.803511068049392,0.00028958712943430247
10.874278429,/uas1/imu/data,9.803511068049392,0.0003530310420018072
10.885500572,/uas1/imu/data_raw,9.803724318143654,0.00033122958858572773
10.894243488,/uas1/imu/data,9.803724318143654,0.0002203121521388103
10.905792949,/uas1/imu/data_raw,9.801659952929374,0.00045051073258473647
10.913917125,/uas1/imu/data,9.801659952929374,0.0005177336445154219
10.926641418,/uas1/imu/data_raw,9.803806258918979,0.0005649635353491232
10.933746251,/uas1/imu/data,9.803806258918979,0.0003065780130930498
10.945827803,/uas1/imu/data_raw,9.804735643072762,0.0007194628636716954
10.953946008,/uas1/imu/data,9.804735643072762,0.000631261581133772
10.965688089,/uas1/imu/data_raw,9.802955881774364,0.0005129332166783535
10.974290797,/uas1/imu/data,9.802955881774364,0.0003051410072712972
10.985783053,/uas1/imu/data_raw,9.801407546761954,0.00032096076192435983
10.993936109,/uas1/imu/data,9.801407546761954,0.00041337954761494234
11.005802593,/uas1/imu/data_raw,9.801104817805816,0.000617753784503885
11.014202437,/uas1/imu/data,9.801104817805816,0.0006109968233102202
11.025889399,/uas1/imu/data_raw,9.802981507677035,0.0005580764510870981
11.034056795,/uas1/imu/data,9.802981507677035,0.0004685656304972559
11.045838725,/uas1/imu/data_raw,9.802436215708509,0.0006403515524472961
11.05368837,/uas1/imu/data,9.802436215708509,0.000433026574843595
11.065728082,/uas1/imu/data_raw,9.803599367579048,0.0005527604491552934
11.073988198,/uas1/imu/data,9.803599367579048,0.0004971682830348286
11.08539445,/uas1/imu/data_raw,9.806942394663633,0.00039844640265665476
11.094649672,/uas1/imu/data,9.806942394663633,0.0005200604168571508
11.105762608,/uas1/imu/data_raw,9.805267178207457,0.00041683577600416024
11.113926365,/uas1/imu/data,9.805267178207457,0.00046970709452972994
11.125898513,/uas1/imu/data_raw,9.805234358745386,0.00048233099684353946
11.133746199,/uas1/imu/data,9.805234358745386,0.00042127104464836695
11.145728742,/uas1/imu/data_raw,9.805775571535483,0.0002679762501612423
11.153571347,/uas1/imu/data,9.805775571535483,0.0003150977506397316
11.165528587,/uas1/imu/data_raw,9.80664009381325,0.0005477858841798235
11.173738165,/uas1/imu/data,9.80664009381325,0.000373470702549231
11.185249168,/uas1/imu/data_raw,9.805370702979486,0.0003233654356742162
11.194182545,/uas1/imu/data,9.805370702979486,0.0004780473383460103
11.205605962,/uas1/imu/data_raw,9.804509424311307,0.0002552294717386424
11.213656023,/uas1/imu/data,9.804509424311307,0.00037918656579959175
11.225771265,/uas1/imu/data_raw,9.801720979822006,0.0005238558822772795
11.234032499,/uas1/imu/data,9.801720979822006,0.0003856494930591746
11.245552563,/uas1/imu/data_raw,9.805619283805434,0.00012798033332572513
11.253517537,/uas1/imu/data,9.805619283805434,0.00014374058880007904
11.265250754,/uas1/imu/data_raw,9.805091723522832,0.00017521791076703153
11.273527435,/uas1/imu/data,9.805091723522832,0.00020418207272764188
11.285368653,/uas1/imu/data_raw,9.80294545841203,0.00021036611451646567
11.294196356,/uas1/imu/data,9.80294545841203,0.00017476512486904524
11.305586409,/uas1/imu/data_raw,9.804137028922746,0.0001564638794382747
11.313887875,/uas1/imu/data,9.804137028922746,0.00017505906638387223
11.325605282,/uas1/imu/data_raw,9.804540793511451,0.0004880501942973674
11.333778196,/uas1/imu/data,9.804540793511451,0.00047995901609865926
11.345615282,/uas1/imu/data_raw,9.801509474801382,0.00048292954815086167
11.353700337,/uas1/imu/data,9.801509474801382,0.0004695410608740669
11.365404827,/uas1/imu/data_raw,9.806050922560416,0.0003101838512967877
11.373942146,/uas1/imu/data,9.806050922560416,0.0004838144675956807
11.38572964,/uas1/imu/data_raw,9.803891204861882,0.0004586571192565849
11.395304535,/uas1/imu/data,9.803891204861882,0.00042605679989039184
11.405965473,/uas1/imu/data_raw,9.805337888626031,0.0003832074618063803
11.41459244,/uas1/imu/data,9.805337888626031,0.00041983146407879456
11.425990128,/uas1/imu/data_raw,9.806494202713388,0.0004419371835001418
11.434524439,/uas1/imu/data,9.806494202713388,0.0003451308236554984
11.445361561,/uas1/imu/data_raw,9.802850819246101,0.00040099368854254903
11.452997143,/uas1/imu/data,9.802850819246101,0.0004150622001673722
11.464745914,/uas1/imu/data_raw,9.80373846874213,0.00033899483773699426
11.472943458,/uas1/imu/data,9.80373846874213,0.00042274885329630484
11.484974801,/uas1/imu/data_raw,9.806848054170345,0.00044720144294238903
11.493649787,/uas1/imu/data,9.806848054170345,0.0005340135276316625
11.505237153,/uas1/imu/data_raw,9.80387740343575,0.00018849450934805916
11.513570071,/uas1/imu/data,9.80387740343575,0.00017444589173258097
11.526028829,/uas1/imu/data_raw,9.805125770123887,0.00040647395220857346
11.533837669,/uas1/imu/data,9.805125770123887,0.0003210467259627116
11.54546074,/uas1/imu/data_raw,9.805228780492014,0.0003452920753477578
11.553705013,/uas1/imu/data,9.805228780492014,0.00029721847416235096
11.565543466,/uas1/imu/data_raw,9.806057616218967,0.0003197146391364127
11.573897479,/uas1/imu/data,9.806057616218967,0.00037389821572233594
11.585415496,/uas1/imu/data_raw,9.803871070200037,0.000478480833743939
11.594138128,/uas1/imu/data,9.803871070200037,0.00037254811274403275
11.605402304,/uas1/imu/data_raw,9.805163842333002,0.00031227605140750076
11.61394496,/uas1/imu/data,9.805163842333002,0.0002631218844081414
11.625353201,/uas1/imu/data_raw,9.804402249941774,0.00039822688004882066
11.633018436,/uas1/imu/data,9.804402249941774,0.00043685604756617643
11.645257108,/uas1/imu/data_raw,9.802740234638529,0.0004603175879509842
11.653136542,/uas1/imu/data,9.802740234638529,0.0004567370615928923
11.665419336,/uas1/imu/data_raw,9.810573900107261,0.00043319469804829313
11.673505836,/uas1/imu/data,9.810573900107261,0.0004714884842800156
11.685558202,/uas1/imu/data_raw,9.802067990171583,0.0004643319568298817
11.694318274,/uas1/imu/data,9.802067990171583,0.00047743310571309294
11.706131888,/uas1/imu/data_raw,9.805106238919999,0.0003218803902850504
11.713692941,/uas1/imu/data,9.805106238919999,0.00035016560369416876
11.725782794,/uas1/imu/data_raw,9.803229759483362,0.0003138129699844088
11.733607636,/uas1/imu/data,9.803229759483362,0.000451875572470412
11.74572395,/uas1/imu/data_raw,9.805297430699978,0.0001932733762698774
11.753395067,/uas1/imu/data,9.805297430699978,0.00024940479321707525
11.765776207,/uas1/imu/data_raw,9.802132777619196,0.0003126417205370152
11.773619751,/uas1/imu/data,9.802132777619196,0.00023209344473522171
11.785220413,/uas1/imu/data_raw,9.802054494253582,0.000514394147959041
11.794330592,/uas1/imu/data,9.802054494253582,0.000523808690803552
11.805708008,/uas1/imu/data_raw,9.807246962814471,0.0006881765665353151
11.813740793,/uas1/imu/data,9.807246962814471,0.0005922268446211107
11.825538748,/uas1/imu/data_raw,9.804419588178302,0.0004450993429646972
11.833510518,/uas1/imu/data,9.804419588178302,0.0003799638253400023
11.845514152,/uas1/imu/data_raw,9.804260974559433,0.0002865881504071418
11.853494196,/uas1/imu/data,9.804260974559433,0.00013496879954455032
11.865740164,/uas1/imu/data_raw,9.804403477555558,0.0004523844972721333
11.873576057,/uas1/imu/data,9.804403477555558,0.00045612086244457964
11.885895625,/uas1/imu/data_raw,9.802323978129436,0.00044145180865734897
11.893908935,/uas1/imu/data,9.802323978129436,0.0003061482712716279
11.905501966,/uas1/imu/data_raw,9.802252352725715,0.00040104076980026175
11.913855444,/uas1/imu/data,9.802252352725715,0.00022099287297800438
11.925729046,/uas1/imu/data_raw,9.804175308581216,0.00020342977003152444
11.933463669,/uas1/imu/data,9.804175308581216,0.0003982460406882843
11.945535673,/uas1/imu/data_raw,9.840416240411454,0.002583961826813294
11.953311149,/uas1/imu/data,9.840416240411454,0.0042416767248325445
11.965354694,/uas1/imu/data_raw,9.898414463128024,0.013662433387578474
11.974144844,/uas1/imu/data,9.898414463128024,0.017792174465682587
11.985653887,/uas1/imu/data_raw,9.955245222131634,0.033802918336704235
11.994325737,/uas1/imu/data,9.955245222131634,0.03987382796410885
12.00556187,/uas1/imu/data_raw,10.126885838183005,0.06067391435350541
12.0132629,/uas1/imu/data,10.126885838183005,0.06821757695664817
12.026170526,/uas1/imu/data_raw,10.194805625794817,0.12387386820013563
12.033407908,/uas1/imu/data,10.194805625794817,0.10883765187408484
12.045579861,/uas1/imu/data_raw,10.06166927504536,0.1318474762291048
12.053651478,/uas1/imu/data,10.06166927504536,0.14198974753087937
12.065310784,/uas1/imu/data_raw,10.09255505802849,0.17569819954930666
12.073822499,/uas1/imu/data,10.09255505802849,0.18681794675858945
12.085515839,/uas1/imu/data_raw,10.114229141920116,0.22379435268020187
12.094228089,/uas1/imu/data,10.114229141920116,0.23575646268477463
12.105557396,/uas1/imu/data_raw,10.129156340550564,0.2752318671995676
12.113818248,/uas1/imu/data,10.129156340550564,0.28846365252604694
12.125753061,/uas1/imu/data_raw,10.137225853398439,0.3302429451942656
12.133543373,/uas1/imu/data,10.137225853398439,0.34405325546666
12.145695837,/uas1/imu/data_raw,10.145407855377764,0.3886890203579527
12.153795725,/uas1/imu/data,10.145407855377764,0.40470761123107335
12.165317598,/uas1/imu/data_raw,10.14700568223952,0.44974352072225526
12.173870942,/uas1/imu/data,10.14700568223952,0.46479180643167267
12.185427065,/uas1/imu/data_raw,10.1421079725163,0.5133360281266159
12.194185403,/uas1/imu/data,10.1421079725163,0.5291958890122325
12.205741589,/uas1/imu/data_raw,10.13522598591621,0.5797206788648406
12.214240098,/uas1/imu/data,10.13522598591621,0.5960599929732842
12.225858474,/uas1/imu/data_raw,10.115664779878069,0.6482441109585207
12.233802501,/uas1/imu/data,10.115664779878069,0.6651213614034435
12.245582807,/uas1/imu/data_raw,10.098987050055184,0.7185815971528708
12.254054469,/uas1/imu/data,10.098987050055184,0.73873779461608
12.265579509,/uas1/imu/data_raw,10.070258089083948,0.7905112613205232
12.274206938,/uas1/imu/data,10.070258089083948,0.80819900286185
12.28539682,/uas1/imu/data_raw,10.035353109629892,0.8639666841966891
12.294394753,/uas1/imu/data,10.035353109629892,0.8824621450499341
12.305737527,/uas1/imu/data_raw,10.0000662885844,0.9386035323099805
12.313760708,/uas1/imu/data,10.0000662885844,0.9570975222944907
12.325634933,/uas1/imu/data_raw,8.898812523080839,1.033021165231994
12.333565474,/uas1/imu/data,8.898812523080839,1.0460152576300419
12.345400582,/uas1/imu/data_raw,9.895442450626852,1.09236588713522
12.353850813,/uas1/imu/data,9.895442450626852,1.1103789662779007
12.365318908,/uas1/imu/data_raw,9.97818220922195,1.1710661372846467
12.374167349,/uas1/imu/data,9.97818220922195,1.19003733798258
12.385783286,/uas1/imu/data_raw,9.772996816671546,1.2502398347561121
12.394414377,/uas1/imu/data,9.772996816671546,1.2697941745443357
12.405173667,/uas1/imu/data_raw,9.704268004464181,1.3314213521146274
12.413494511,/uas1/imu/data,9.704268004464181,1.3512571884742934
12.425745087,/uas1/imu/data_raw,9.405810843662419,1.4082104389462207
12.433436998,/uas1/imu/data,9.405810843662419,1.4345973884463534
12.445627871,/uas1/imu/data_raw,9.317761808106782,1.4689057288073148
12.453817532,/uas1/imu/data,9.317761808106782,1.4844101393267648
12.466020278,/uas1/imu/data_raw,9.541296822855236,1.536957171508216
12.473959848,/uas1/imu/data,9.541296822855236,1.5511563022716954
12.485627525,/uas1/imu/data_raw,9.161109407604533,1.6030218468461475
12.49439756,/uas1/imu/data,9.161109407604533,1.619900458632249
12.505696436,/uas1/imu/data_raw,9.52223107117155,1.669150077876037
12.514159458,/uas1/imu/data,9.52223107117155,1.6863701550136232
12.526320776,/uas1/imu/data_raw,10.63867825413247,1.7454087148276876
12.533656853,/uas1/imu/data,10.63867825413247,1.7660480722497098
12.545633657,/uas1/imu/data_raw,9.185232810387467,1.8254819325817528
12.554181299,/uas1/imu/data,9.185232810387467,1.84589853117417
12.565361202,/uas1/imu/data_raw,9.140175450095128,1.9154943085176732
12.574031435,/uas1/imu/data,9.140175450095128,1.9241161738782986
12.585566261,/uas1/imu/data_raw,9.445257607133144,2.002060343267385
12.594405277,/uas1/imu/data,9.445257607133144,2.0421689460488195
12.605723351,/uas1/imu/data_raw,8.155509586035281,2.123327818301212
12.613345996,/uas1/imu/data,8.155509586035281,2.137667781851571
12.625911604,/uas1/imu/data_raw,9.508562711447782,2.2343212819822678
12.633661516,/uas1/imu/data,9.508562711447782,2.2381890504453796
12.645563897,/uas1/imu/data_raw,8.757538486239154,2.3572161894566586
12.653898277,/uas1/imu/data,8.757538486239154,2.3939856043459153
12.665781261,/uas1/imu/data_raw,9.166939864067716,2.500302756575134
12.673748116,/uas1/imu/data,9.166939864067716,2.53052625310127
12.685867129,/uas1/imu/data_raw,10.197237226838324,2.6249877827787484
12.695132487,/uas1/imu/data,10.197237226838324,2.6664205019460505
12.705177072,/uas1/imu/data_raw,6.5278958129338,2.7570566284879794
12.713468923,/uas1/imu/data,6.5278958129338,2.820487952554291
12.726819316,/uas1/imu/data_raw,6.5735433886561125,2.9647161313996757
12.73292527,/uas1/imu/data,6.5735433886561125,3.0025691803528205
12.74501132,/uas1/imu/data_raw,6.992630022921999,3.152444000896438
12.753068438,/uas1/imu/data,6.992630022921999,3.2050527568071394
12.765012226,/uas1/imu/data_raw,5.354171927086102,3.3909781631294384
12.773538738,/uas1/imu/data,5.354171927086102,2.7203738755894076
12.785673093,/uas1/imu/data_raw,22.02911987402562,6.408300238107891
12.794102413,/uas1/imu/data,22.02911987402562,6.744614366303098
12.805679836,/uas1/imu/data_raw,127.10932577711489,4.907102438446299
12.814225029,/uas1/imu/data,127.10932577711489,12.15373906419536
12.825855126,/uas1/imu/data_raw,7.146350250984564,10.012049024931484
12.833845942,/uas1/imu/data,7.146350250984564,9.954854196502126
12.845820351,/uas1/imu/data_raw,5.005223547435728,9.991454714495191
12.853681657,/uas1/imu/data,5.005223547435728,9.993742268247525
12.865401977,/uas1/imu/data_raw,11.893829253124688,9.436775173719111
12.873865403,/uas1/imu/data,11.893829253124688,9.317174868316108
12.885626261,/uas1/imu/data_raw,11.29172015049117,8.77258543580497
12.894206955,/uas1/imu/data,11.29172015049117,8.49288906290541
12.906249588,/uas1/imu/data_raw,10.121343985962156,7.88262797201769
12.914156192,/uas1/imu/data,10.121343985962156,7.63286190430335
12.925732477,/uas1/imu/data_raw,10.206972592970889,6.98813357538069
12.93354107,/uas1/imu/data,10.206972592970889,6.824407044697001
12.945881268,/uas1/imu/data_raw,8.813385420856065,6.3276843633311985
12.953917301,/uas1/imu/data,8.813385420856065,6.166374631555842
12.965744322,/uas1/imu/data_raw,9.940981284363572,5.603423604798311
12.974017338,/uas1/imu/data,9.940981284363572,5.426014154813096
12.985711539,/uas1/imu/data_raw,9.880137410774381,4.8718693509958015
12.993981387,/uas1/imu/data,9.880137410774381,4.69660503625801
13.006051118,/uas1/imu/data_raw,9.763148616648756,4.164382515120248
13.014160172,/uas1/imu/data,9.763148616648756,3.9978488861786166
13.025980491,/uas1/imu/data_raw,9.593951489210385,3.5003074189359595
13.034056887,/uas1/imu/data,9.593951489210385,3.3511420776210197
13.045815898,/uas1/imu/data_raw,9.363920721514713,2.926114071197345
13.053778891,/uas1/imu/data,9.363920721514713,2.8065061284490787
13.066387527,/uas1/imu/data_raw,9.041656670909843,2.5083376527576293
13.073657823,/uas1/imu/data,9.041656670909843,2.4025040075695774
13.08612194,/uas1/imu/data_raw,8.604671733772415,2.3441922839214406
13.093369598,/uas1/imu/data,8.604671733772415,2.355271198191907
13.105740052,/uas1/imu/data_raw,7.77969182092804,17.03307028052439
13.11313898,/uas1/imu/data,7.77969182092804,18.309360258853086
13.1252987,/uas1/imu/data_raw,5.32600107692048,17.24227673201125
13.133895395,/uas1/imu/data,5.32600107692048,17.172057684404496
13.14573541,/uas1/imu/data_raw,3.6370970942346785,17.01588398904457
13.154026199,/uas1/imu/data,3.6370970942346785,16.961638801045112
13.165722061,/uas1/imu/data_raw,3.315319537074878,16.801060992166228
13.173377866,/uas1/imu/data,3.315319537074878,16.75571839044318
13.185594422,/uas1/imu/data_raw,3.574598220398887,16.625078098485012
13.194530876,/uas1/imu/data,3.574598220398887,16.600158400703485
13.205983841,/uas1/imu/data_raw,3.9022376936102385,16.551889709700895
13.214101924,/uas1/imu/data,3.9022376936102385,16.52223494798123
13.225950167,/uas1/imu/data_raw,4.432594985826095,16.22108587266316
13.233496163,/uas1/imu/data,4.432594985826095,16.076864990605092
13.245808744,/uas1/imu/data_raw,5.117958734527449,15.495097106595306
13.253878299,/uas1/imu/data,5.117958734527449,15.288079618136674
13.265711733,/uas1/imu/data_raw,5.368625722831206,14.594943202637728
13.274165819,/uas1/imu/data,5.368625722831206,14.36781486883841
13.28549225,/uas1/imu/data_raw,5.048107819386958,13.638544255494248
13.293962838,/uas1/imu/data,5.048107819386958,13.40913272141942
13.3057366,/uas1/imu/data_raw,4.934221665494861,12.72441282490134
13.31379652,/uas1/imu/data,4.934221665494861,12.52070389692964
13.326177976,/uas1/imu/data_raw,5.041118443770369,11.963445509144377
13.333907551,/uas1/imu/data,5.041118443770369,11.818311478413536
13.345851134,/uas1/imu/data_raw,5.8004795370755495,11.475527335336055
13.353966998,/uas1/imu/data,5.8004795370755495,11.401180994605205
13.365260148,/uas1/imu/data_raw,7.478227184614387,11.25426169472546
13.37336914,/uas1/imu/data,7.478227184614387,11.223294749023864
13.385647077,/uas1/imu/data_raw,7.689696805841812,11.13367829924229
13.39477901,/uas1/imu/data,7.689696805841812,11.102537321988722
13.405852935,/uas1/imu/data_raw,7.804801670862331,10.987961379301307
13.413825943,/uas1/imu/data,7.804801670862331,10.94731681592914
13.425912611,/uas1/imu/data_raw,129.19371267151166,7.926522616813776
13.433803486,/uas1/imu/data,129.19371267151166,8.452446278775026
13.445737996,/uas1/imu/data_raw,7.62197565711444,8.913070908225203
13.453928877,/uas1/imu/data,7.62197565711444,8.791749679959409
13.465491642,/uas1/imu/data_raw,67.06032351830012,4.298664585690824
13.473451902,/uas1/imu/data,67.06032351830012,3.8362394322278157
13.485324179,/uas1/imu/data_raw,6.918133381793563,4.6309086404087045
13.493888046,/uas1/imu/data,6.918133381793563,4.310387566760573
13.505419971,/uas1/imu/data_raw,7.547050309925261,4.056105027261563
13.513956307,/uas1/imu/data,7.547050309925261,4.076805453031498
13.525757152,/uas1/imu/data_raw,7.916205243741627,4.229834799331291
13.533740889,/uas1/imu/data,7.916205243741627,4.284676952227956
13.545629195,/uas1/imu/data_raw,7.553877156255653,4.406733658007969
13.554299619,/uas1/imu/data,7.553877156255653,4.386308815636496
13.565747701,/uas1/imu/data_raw,9.092691602346777,3.7596692184432787
13.573626365,/uas1/imu/data,9.092691602346777,3.6704428427998637
13.585351,/uas1/imu/data_raw,37.67691144856355,4.448510927966604
13.594536505,/uas1/imu/data,37.67691144856355,4.572311277229804
13.605658669,/uas1/imu/data_raw,11.954795475189885,3.6952049876223563
13.613707135,/uas1/imu/data,11.954795475189885,3.6292740397102707
13.625822785,/uas1/imu/data_raw,5.614359252863262,3.6668381643012973
13.633832713,/uas1/imu/data,5.614359252863262,3.6859876660277577
13.645818234,/uas1/imu/data_raw,5.635866298766965,4.007207521577158
13.653573773,/uas1/imu/data,5.635866298766965,2.6389994089843527
13.665609614,/uas1/imu/data_raw,7.687362511788374,8.715275709532426
13.6733896,/uas1/imu/data,7.687362511788374,8.852397112932291
13.685529526,/uas1/imu/data_raw,3.945743356712158,8.798033183746318
13.694247985,/uas1/imu/data,3.945743356712158,8.746905517274817
13.705431687,/uas1/imu/data_raw,2.742487729851773,8.493640799443854
13.713817909,/uas1/imu/data,2.742487729851773,8.402920972921269
13.726288736,/uas1/imu/data_raw,2.592056147865691,8.084055652224832
13.733783663,/uas1/imu/data,2.592056147865691,7.9681729134696475
13.74567389,/uas1/imu/data_raw,2.8742395011217656,7.545943076019278
13.753481145,/uas1/imu/data,2.8742395011217656,7.39329155326532
13.765410511,/uas1/imu/data_raw,3.340463964037584,6.869930216669572
13.773865204,/uas1/imu/data,3.340463964037584,6.692229359710756
13.785534166,/uas1/imu/data_raw,3.9020532589463004,6.0978690313338015
13.794382079,/uas1/imu/data,3.9020532589463004,5.8942827272587
13.805505916,/uas1/imu/data_raw,4.51614317612665,5.23191325845828
13.813515311,/uas1/imu/data,4.51614317612665,5.024742259957824
13.8257304,/uas1/imu/data_raw,5.116105989989642,4.424101312539005
13.833774747,/uas1/imu/data,5.116105989989642,4.249420683739584
13.845949443,/uas1/imu/data_raw,5.41800069264058,3.7338812314179464
13.85355348,/uas1/imu/data,5.41800069264058,3.567120176829332
13.86537129,/uas1/imu/data_raw,6.112230843336638,2.9750234052777804
13.873850332,/uas1/imu/data,6.112230843336638,2.787723720640831
13.885484693,/uas1/imu/data_raw,6.652610215397523,2.320886763307517
13.894495092,/uas1/imu/data,6.652610215397523,2.2360319578609342
13.905815211,/uas1/imu/data_raw,7.26070154555712,2.172073949196479
13.913696548,/uas1/imu/data,7.26070154555712,2.202754955669569
13.925776766,/uas1/imu/data_raw,8.013664873989942,2.367738805781619
13.934079209,/uas1/imu/data,8.013664873989942,2.431086019201516
13.945767528,/uas1/imu/data_raw,8.797848198655156,2.627946442509571
13.953565507,/uas1/imu/data,8.797848198655156,2.6904714809174024
13.965515808,/uas1/imu/data_raw,8.970966717153036,2.866056518613617
13.973802159,/uas1/imu/data,8.970966717153036,2.9267749867125503
13.985524796,/uas1/imu/data_raw,7.882307368321589,3.1411121433217826
13.994523122,/uas1/imu/data,7.882307368321589,3.2233194819625823
14.005883168,/uas1/imu/data_raw,9.317948058362058,3.467055365723923
14.013797929,/uas1/imu/data,9.317948058362058,3.528960220682735
14.025699023,/uas1/imu/data_raw,9.186816475707053,3.656188345119196
14.033750631,/uas1/imu/data,9.186816475707053,3.693796244429572
14.045593934,/uas1/imu/data_raw,79.91758842489897,3.588691936872201
14.05372588,/uas1/imu/data,79.91758842489897,3.9005369320386287
14.065730553,/uas1/imu/data_raw,7.402792474947104,4.238419748752693
14.074230657,/uas1/imu/data,7.402792474947104,4.293115039439537
14.085408188,/uas1/imu/data_raw,6.775723616783811,4.500332270546802
14.0948598,/uas1/imu/data,6.775723616783811,4.556798262192341
14.105705649,/uas1/imu/data_raw,57.43526660528416,3.3399104426335633
14.113794358,/uas1/imu/data,57.43526660528416,3.342705439310447
14.125937207,/uas1/imu/data_raw,8.578846488126278,3.6668854233724186
14.133799558,/uas1/imu/data,8.578846488126278,3.7824007225715643
14.145527796,/uas1/imu/data_raw,8.220494482909071,4.149224203216134
14.153705022,/uas1/imu/data,8.220494482909071,4.267467762703802
14.165476299,/uas1/imu/data_raw,7.856415879453369,4.629370755281796
14.174433471,/uas1/imu/data,7.856415879453369,4.742396536626259
14.185472319,/uas1/imu/data_raw,7.507292675288992,5.081358725681276
14.19414495,/uas1/imu/data,7.507292675288992,5.186950641074984
14.20542176,/uas1/imu/data_raw,7.198114776121468,5.505475569893872
14.213384428,/uas1/imu/data,7.198114776121468,5.603923091067024
14.225816582,/uas1/imu/data_raw,6.918810908579947,5.900472501859335
14.234276085,/uas1/imu/data,6.918810908579947,5.9942193037302625
14.245725961,/uas1/imu/data_raw,27.52690698786317,6.5797481606586965
14.253772036,/uas1/imu/data,27.52690698786317,7.335774622571243
14.265687169,/uas1/imu/data_raw,7.70151549496965,7.290310505472146
14.274298393,/uas1/imu/data,7.70151549496965,7.2532387735043224
14.285413203,/uas1/imu/data_raw,5.26734433835107,7.24447899781656
14.294220767,/uas1/imu/data,5.26734433835107,7.2232641510814215
14.305906278,/uas1/imu/data_raw,4.593917537641929,7.194067332472718
14.31357897,/uas1/imu/data,4.593917537641929,5.390441431403544
14.325764158,/uas1/imu/data_raw,8.038717718441532,13.965611960870602
14.333655631,/uas1/imu/data,8.038717718441532,14.508382630598506
14.345712719,/uas1/imu/data_raw,4.257039410361282,13.988327110569344
14.353406115,/uas1/imu/data,4.257039410361282,13.965384075333484
14.36548852,/uas1/imu/data_raw,2.5925078873115783,13.898373317163127
14.373991935,/uas1/imu/data,2.5925078873115783,13.878443215473276
14.385371203,/uas1/imu/data_raw,2.0443496349416463,13.826026535305433
14.395376309,/uas1/imu/data,2.0443496349416463,13.811853845088924
14.405398955,/uas1/imu/data_raw,1.848543738249912,13.776321160543592
14.413470562,/uas1/imu/data,1.848543738249912,13.768372436089955
14.425859469,/uas1/imu/data_raw,1.771593279377721,13.753307288109589
14.43386081,/uas1/imu/data,1.771593279377721,13.751296437185875
14.445417592,/uas1/imu/data_raw,1.7443318466906712,13.749241171678433
14.453947871,/uas1/imu/data,1.7443318466906712,13.74985746276739
14.465528844,/uas1/imu/data_raw,1.7419235428969713,13.752478380848745
14.474335658,/uas1/imu/data,1.7419235428969713,13.754954074858453
14.485603068,/uas1/imu/data_raw,1.7496336081086392,13.768073932775433
14.494175407,/uas1/imu/data,1.7496336081086392,13.771706602848283
14.505413961,/uas1/imu/data_raw,1.739447319003835,13.75380649779325
14.513667112,/uas1/imu/data,1.739447319003835,13.734942860685997
14.52614214,/uas1/imu/data_raw,1.764921022672726,13.62814268928291
14.534332637,/uas1/imu/data,1.764921022672726,13.586393059655341
14.545784389,/uas1/imu/data_raw,1.7798196447329557,13.44671910871126
14.553794284,/uas1/imu/data,1.7798196447329557,13.403697190338237
14.565977612,/uas1/imu/data_raw,1.7332988135777443,13.280020658427976
14.57418576,/uas1/imu/data,1.7332988135777443,13.244740021113747
14.585700576,/uas1/imu/data_raw,1.7240841028324816,13.15290491898013
14.594238974,/uas1/imu/data,1.7240841028324816,13.127673631764075
14.605666644,/uas1/imu/data_raw,1.686627259243088,13.056589277644417
14.613718873,/uas1/imu/data,1.686627259243088,13.035106900474272
14.62560041,/uas1/imu/data_raw,1.6578921163031382,12.97023516244297
14.633540686,/uas1/imu/data,1.6578921163031382,12.949881215064783
14.645727896,/uas1/imu/data_raw,1.6403987287378885,12.88645473055819
14.653390383,/uas1/imu/data,1.6403987287378885,12.866285067256841
14.665275008,/uas1/imu/data_raw,1.6267442672452186,12.802476492200675
14.674258357,/uas1/imu/data,1.6267442672452186,12.781574912232346
14.685833315,/uas1/imu/data_raw,1.6124279082362811,12.713963379713622
14.694381699,/uas1/imu/data,1.6124279082362811,12.691388598033047
14.705854227,/uas1/imu/data_raw,1.6057447532841076,12.618296913512447
14.713984274,/uas1/imu/data,1.6057447532841076,12.594286484412544
14.726284567,/uas1/imu/data_raw,1.5963809622727303,12.516617721932572
14.733483291,/uas1/imu/data,1.5963809622727303,12.491285864875337
14.745717352,/uas1/imu/data_raw,1.591500341335342,12.410283672258586
14.754001768,/uas1/imu/data,1.591500341335342,12.383283228091887
14.765771729,/uas1/imu/data_raw,1.5819689545069713,12.295742456366265
14.774192018,/uas1/imu/data,1.5819689545069713,12.266581655469063
14.785427828,/uas1/imu/data_raw,1.5998278911463308,12.171546221361762
14.794463505,/uas1/imu/data,1.5998278911463308,12.138454805403475
14.805605699,/uas1/imu/data_raw,1.957517341844477,12.017538971785934
14.813437347,/uas1/imu/data,1.957517341844477,11.971904158839385
14.825779454,/uas1/imu/data_raw,2.526068856150618,11.802263044192225
14.833951938,/uas1/imu/data,2.526068856150618,11.738523732817642
14.845779274,/uas1/imu/data_raw,3.2019176828757585,11.505273476799937
14.854390628,/uas1/imu/data,3.2019176828757585,11.421872179395852
14.866151194,/uas1/imu/data_raw,3.9375520620904583,11.138814799816933
14.873764796,/uas1/imu/data,3.9375520620904583,11.038067747929157
14.885666294,/uas1/imu/data_raw,4.3678727897129095,10.638432825722806
14.894933584,/uas1/imu/data,4.3678727897129095,10.47551394298292
14.905791815,/uas1/imu/data_raw,5.041797844601346,9.81388307678679
14.914102487,/uas1/imu/data,5.041797844601346,9.545577407755811
14.926034306,/uas1/imu/data_raw,6.133560560778613,8.504763813871001
14.933746289,/uas1/imu/data,6.133560560778613,8.121695797824477
14.945759246,/uas1/imu/data_raw,7.354396407397672,6.802147963318013
14.954015497,/uas1/imu/data,7.354396407397672,6.353290813291318
14.965658719,/uas1/imu/data_raw,7.90860424075826,4.988166653475467
14.974240671,/uas1/imu/data,7.90860424075826,4.612847583886891
14.985593717,/uas1/imu/data_raw,7.613287180487635,3.854804006043977
14.99440964,/uas1/imu/data,7.613287180487635,3.7635172287404295
15.005593069,/uas1/imu/data_raw,7.687863539467022,3.8245222235003427
15.014188916,/uas1/imu/data,7.687863539467022,3.9072264738627744
15.025778184,/uas1/imu/data_raw,8.229243219577,4.227089929592616
15.033834872,/uas1/imu/data,8.229243219577,4.331643900242405
15.045502336,/uas1/imu/data_raw,9.127974499827404,4.640598107366045
15.05399297,/uas1/imu/data,9.127974499827404,4.735918373029326
15.065637556,/uas1/imu/data_raw,9.906445867561791,4.989877598643559
15.074062555,/uas1/imu/data,9.906445867561791,5.068419408510204
15.085469521,/uas1/imu/data_raw,10.517260163470008,5.309276094175079
15.094319826,/uas1/imu/data,10.517260163470008,5.377580234336423
15.105679049,/uas1/imu/data_raw,11.046482289047379,5.562911180994764
15.11342792,/uas1/imu/data,11.046482289047379,5.615517797909309
15.126250482,/uas1/imu/data_raw,11.492985488808072,5.73384354589749
15.133731956,/uas1/imu/data,11.492985488808072,5.765215073339126
15.145559826,/uas1/imu/data_raw,11.852591201515741,5.853028556526837
15.153963853,/uas1/imu/data,11.852591201515741,5.866250677973399
15.165738811,/uas1/imu/data_raw,12.095413360221356,5.85503366193965
15.174248244,/uas1/imu/data,12.095413360221356,5.849007760760563
15.185662546,/uas1/imu/data_raw,12.23322267193825,5.815640676480122
15.19470586,/uas1/imu/data,12.23322267193825,5.7979296935066325
15.205916776,/uas1/imu/data_raw,12.298201276745392,5.738193941753675
15.213919618,/uas1/imu/data,12.298201276745392,5.714873502946992
15.225761937,/uas1/imu/data_raw,12.328152439213824,5.62688882901815
15.23360507,/uas1/imu/data,12.328152439213824,5.602848485459467
15.245312781,/uas1/imu/data_raw,12.346194217122193,5.523514642183688
15.254112384,/uas1/imu/data,12.346194217122193,5.48747108838788
15.266067869,/uas1/imu/data_raw,12.375631442156632,5.347265027207243
15.273574442,/uas1/imu/data,12.375631442156632,5.292084396053362
15.285420252,/uas1/imu/data_raw,12.44520427658008,5.040515713503375
15.293963608,/uas1/imu/data,12.44520427658008,4.9407079304150345
15.305493556,/uas1/imu/data_raw,12.462288851888221,4.610065063291323
15.313896188,/uas1/imu/data,12.462288851888221,4.498080571539196
15.325678444,/uas1/imu/data_raw,12.49332145381176,4.11764616915298
15.33391928,/uas1/imu/data,12.49332145381176,3.995366677398087
15.345761527,/uas1/imu/data_raw,12.56214519718029,3.628387827323375
15.353758654,/uas1/imu/data,12.56214519718029,3.5130126608869685
15.365506027,/uas1/imu/data_raw,12.667352175569127,3.1641140961962853
15.374221404,/uas1/imu/data,12.667352175569127,3.0604342309133696
15.385380966,/uas1/imu/data_raw,12.807328494113976,2.7631866459636343
15.394033179,/uas1/imu/data,12.807328494113976,2.676153814672111
15.405432732,/uas1/imu/data_raw,12.977919311837738,2.4374199872995264
15.413854991,/uas1/imu/data,12.977919311837738,2.371424726753726
15.425840804,/uas1/imu/data_raw,13.167164150900112,2.1956728732690682
15.433881983,/uas1/imu/data,13.167164150900112,2.148928443705518
15.445702529,/uas1/imu/data_raw,13.369940915921998,2.031637901379864
15.454058529,/uas1/imu/data,13.369940915921998,2.001471431945167
15.465730421,/uas1/imu/data_raw,13.479897346812487,1.9273128163374444
15.47384933,/uas1/imu/data,13.479897346812487,1.9091893907535276
15.485928518,/uas1/imu/data_raw,13.459145317487623,1.8642306596961271
15.494733745,/uas1/imu/data,13.459145317487623,1.8528483769495583
15.505518686,/uas1/imu/data_raw,13.25937875573855,1.8238028452423645
15.514103445,/uas1/imu/data,13.25937875573855,1.8159958005649763
15.526206885,/uas1/imu/data_raw,12.957202451236094,1.792472639049021
15.533929468,/uas1/imu/data,12.957202451236094,1.7847749895352092
15.545680374,/uas1/imu/data_raw,12.646873496406453,1.7583098065573348
15.553633489,/uas1/imu/data,12.646873496406453,1.7489060094460271
15.565156341,/uas1/imu/data_raw,12.367373667521038,1.714011150897211
15.574194145,/uas1/imu/data,12.367373667521038,1.7017494211603412
15.585734173,/uas1/imu/data_raw,12.147533647137827,1.6602719558699457
15.594481993,/uas1/imu/data,12.147533647137827,1.6456468515005327
15.605754558,/uas1/imu/data_raw,11.968727812467076,1.5960194569681494
15.613514751,/uas1/imu/data,11.968727812467076,1.5789663907765383
15.625855436,/uas1/imu/data_raw,11.80047448278642,1.5238722126482176
15.633567519,/uas1/imu/data,11.80047448278642,1.5057116138680997
15.645661315,/uas1/imu/data_raw,11.674575924735748,1.4488761697165595
15.653656144,/uas1/imu/data,11.674575924735748,1.4303903335576458
15.665427782,/uas1/imu/data_raw,11.632748738439279,1.375792570410159
15.674252417,/uas1/imu/data,11.632748738439279,1.3590802393827042
15.685737747,/uas1/imu/data_raw,121.19535068262267,4.651916062786793
15.694304702,/uas1/imu/data,121.19535068262267,4.882235742877859
15.705521496,/uas1/imu/data_raw,9.757120550604457,4.0464420982130065
15.713699241,/uas1/imu/data,9.757120550604457,3.9166528843811674
15.725966625,/uas1/imu/data_raw,7.252270964664514,3.622998978419221
15.733261079,/uas1/imu/data,7.252270964664514,4.187416860469613
15.745349718,/uas1/imu/data_raw,6.109133304313442,4.4742045043271945
15.753331827,/uas1/imu/data,6.109133304313442,4.38615054721697
15.765365738,/uas1/imu/data_raw,5.456974561836474,4.238955594650097
15.773895513,/uas1/imu/data,5.456974561836474,9.391661123445958
15.785737789,/uas1/imu/data_raw,7.884933614194659,19.443503048878235
15.794478291,/uas1/imu/data,7.884933614194659,19.539573696154935
15.805610228,/uas1/imu/data_raw,4.353066211567905,19.379259988130823
15.814209158,/uas1/imu/data,4.353066211567905,19.354117868975976
15.826016674,/uas1/imu/data_raw,2.9972605228807807,19.221424936266228
15.833927263,/uas1/imu/data,2.9972605228807807,19.183997181801967
15.845660161,/uas1/imu/data_raw,2.431820970661994,19.069051073186927
15.853341553,/uas1/imu/data,2.431820970661994,19.03978277929089
15.865366099,/uas1/imu/data_raw,2.1186856840207837,18.954900840170655
15.874279391,/uas1/imu/data,2.1186856840207837,18.934384396088216
15.885598994,/uas1/imu/data_raw,1.9171516829265578,18.864303081160347
15.894201958,/uas1/imu/data,1.9171516829265578,18.84506168984147
15.905429766,/uas1/imu/data_raw,1.7911313381226164,18.775719407095696
15.913469531,/uas1/imu/data,1.7911313381226164,18.75871853706374
15.925912146,/uas1/imu/data_raw,1.7270492177985752,18.709053248643727
15.933490343,/uas1/imu/data,1.7270492177985752,18.701344181227533
15.945768779,/uas1/imu/data_raw,1.7177933211321812,18.680599208380322
15.953322442,/uas1/imu/data,1.7177933211321812,18.6805429449877
15.965497909,/uas1/imu/data_raw,1.7589074925725363,18.67783228249045
15.974258466,/uas1/imu/data,1.7589074925725363,18.682162814623254
15.985588241,/uas1/imu/data_raw,1.8292006091677633,18.667740117379143
15.994263305,/uas1/imu/data,1.8292006091677633,18.66543341225237
16.005384507,/uas1/imu/data_raw,1.9489648455498856,18.641079258763707
16.01368141,/uas1/imu/data,1.9489648455498856,18.631776163266665
16.026234368,/uas1/imu/data_raw,2.021910754314725,18.573034827458738
16.033667817,/uas1/imu/data,2.021910754314725,18.550976577997332
16.045746773,/uas1/imu/data_raw,2.0998403820606586,18.458964683391788
16.053777287,/uas1/imu/data,2.0998403820606586,18.429573489382797
16.066632124,/uas1/imu/data_raw,2.1675772256565837,18.324099583734938
16.073728984,/uas1/imu/data,2.1675772256565837,18.291299493999446
16.085884011,/uas1/imu/data_raw,2.220801179893918,18.175219356917157
16.094009844,/uas1/imu/data,2.220801179893918,18.138803746121535
16.105606986,/uas1/imu/data_raw,2.2552617148364162,18.016509974918783
16.113613093,/uas1/imu/data,2.2552617148364162,17.980783793342514
16.12593308,/uas1/imu/data_raw,2.2704063049509084,17.86989064381491
16.133490673,/uas1/imu/data,2.2704063049509084,17.838197232739084
16.145599515,/uas1/imu/data_raw,2.476691373821048,17.70879595056625
16.153539997,/uas1/imu/data,2.476691373821048,17.65539792558167
16.165219875,/uas1/imu/data_raw,2.9797962082090304,17.415501058447752
16.174209139,/uas1/imu/data,2.9797962082090304,17.322007088287325
16.185672592,/uas1/imu/data_raw,3.730400329252267,16.970002090334628
16.194094314,/uas1/imu/data,3.730400329252267,16.847392694135806
16.205422749,/uas1/imu/data_raw,4.742300587649918,16.406890249947548
16.213263442,/uas1/imu/data,4.742300587649918,16.255589928699532
16.228988454,/uas1/imu/data_raw,5.988883425388512,15.774883901748902
16.235730142,/uas1/imu/data,5.988883425388512,15.635549781544457
16.245179375,/uas1/imu/data_raw,6.869874706002802,15.175286331467545
16.253608553,/uas1/imu/data,6.869874706002802,14.99173101983927
16.26551121,/uas1/imu/data_raw,7.0205975651056765,14.266110122100377
16.273704285,/uas1/imu/data,7.0205975651056765,14.034256674796106
16.285475269,/uas1/imu/data_raw,6.231695840925139,13.332734118236852
16.294163848,/uas1/imu/data,6.231695840925139,13.123419234552637
16.305667111,/uas1/imu/data_raw,5.842714123433537,12.507485091946185
16.313712957,/uas1/imu/data,5.842714123433537,12.318741912535906
16.325676692,/uas1/imu/data_raw,5.616748439853812,11.767547640522471
16.333177349,/uas1/imu/data,5.616748439853812,11.605963276915917
16.345216899,/uas1/imu/data_raw,5.526469065037907,11.148680995154265
16.353769567,/uas1/imu/data,5.526469065037907,11.019039359656045
16.365338617,/uas1/imu/data_raw,5.774961389815969,10.680915641590907
16.373870114,/uas1/imu/data,5.774961389815969,10.59700040934986
16.385583379,/uas1/imu/data_raw,6.986181907108889,10.416380389688134
16.394799711,/uas1/imu/data,6.986181907108889,10.381060740388438
16.405399239,/uas1/imu/data_raw,8.194376894842996,10.314334914340622
16.413473974,/uas1/imu/data,8.194376894842996,10.300293942804306
16.42575595,/uas1/imu/data_raw,9.292963671028241,10.245536755979353
16.433655266,/uas1/imu/data,9.292963671028241,10.225880578661668
16.445838276,/uas1/imu/data_raw,9.660887417157848,10.160348759881096
16.453826055,/uas1/imu/data,9.660887417157848,10.14082111326243
16.465505553,/uas1/imu/data_raw,8.811641701733704,10.100098604127599
16.473906941,/uas1/imu/data,8.811641701733704,10.090181011292662
16.485362807,/uas1/imu/data_raw,6.759369842172338,10.076839267981146
16.494429526,/uas1/imu/data,6.759369842172338,10.07457554347999
16.505341509,/uas1/imu/data_raw,6.068528348232746,10.05990303873669
16.513671154,/uas1/imu/data,6.068528348232746,10.054934818868924
16.525582559,/uas1/imu/data_raw,7.369465755917155,10.016550230204535
16.533606955,/uas1/imu/data,7.369465755917155,9.993325347296592
16.545429087,/uas1/imu/data_raw,8.526931036617032,9.889658894896078
16.553910749,/uas1/imu/data,8.526931036617032,9.849057939305638
16.56540779,/uas1/imu/data_raw,9.025514186225454,9.696860436579353
16.574590673,/uas1/imu/data,9.025514186225454,9.643542929430033
16.586063718,/uas1/imu/data_raw,9.35055001778897,9.465312460795618
16.594079369,/uas1/imu/data,9.35055001778897,9.40649800799345
16.605644724,/uas1/imu/data_raw,9.424885759956876,9.223507974797972
16.613554538,/uas1/imu/data,9.424885759956876,9.1666332238017
16.625563907,/uas1/imu/data_raw,9.434170020666771,8.997416814838157
16.633799429,/uas1/imu/data,9.434170020666771,8.945967506773075
16.645740045,/uas1/imu/data_raw,9.62124728752072,8.794330414511128
16.65385368,/uas1/imu/data,9.62124728752072,8.74897309661331
16.666105451,/uas1/imu/data_raw,10.080382374733373,8.617775479992227
16.673865213,/uas1/imu/data,10.080382374733373,8.579443612803166
16.68527876,/uas1/imu/data_raw,268.9393098412382,8.07279979843512
16.693191785,/uas1/imu/data,268.9393098412382,7.841026531993627
16.70508454,/uas1/imu/data_raw,10.101108945729246,7.618608847973793
16.713211806,/uas1/imu/data,10.101108945729246,7.5063449146686745
16.72590611,/uas1/imu/data_raw,10.039037707629069,7.040836186642092
16.733558816,/uas1/imu/data,10.039037707629069,6.88544690979598
16.745851728,/uas1/imu/data_raw,10.352601708300384,6.418035415139056
16.753402256,/uas1/imu/data,10.352601708300384,6.269472076580692
16.765388786,/uas1/imu/data_raw,10.05835143135128,5.821788426920519
16.773504927,/uas1/imu/data,10.05835143135128,5.68589574957801
16.785665287,/uas1/imu/data_raw,9.715746818271255,5.289573782703642
16.794073942,/uas1/imu/data,9.715746818271255,5.172732047842409
16.805684667,/uas1/imu/data_raw,9.301262336616947,4.844481994453691
16.813546484,/uas1/imu/data,9.301262336616947,4.7511932594860795
16.826143244,/uas1/imu/data_raw,9.069101773581322,4.510476975085051
16.833873031,/uas1/imu/data,9.069101773581322,4.478251185564715
16.845452088,/uas1/imu/data_raw,8.503795327827142,4.398111899719831
16.853849183,/uas1/imu/data,8.503795327827142,4.380319428921265
16.865657585,/uas1/imu/data_raw,8.960009572608728,4.366066728926818
16.874071078,/uas1/imu/data,8.960009572608728,4.36425097039151
16.886072335,/uas1/imu/data_raw,8.352975656332765,4.342808090523935
16.894409794,/uas1/imu/data,8.352975656332765,4.283499380985529
16.905230571,/uas1/imu/data_raw,7.066932768117444,3.98424425996651
16.913515488,/uas1/imu/data,7.066932768117444,3.836413036729917
16.925990381,/uas1/imu/data_raw,6.922407822892603,3.564888888758264
16.933696716,/uas1/imu/data,6.922407822892603,3.3608898823829154
16.945487714,/uas1/imu/data_raw,6.010139198879342,2.963090162801719
16.953939702,/uas1/imu/data,6.010139198879342,2.928157253579074
16.965506892,/uas1/imu/data_raw,9.040653361960258,2.9273850410654187
16.9737472,/uas1/imu/data,9.040653361960258,2.9270748542382403
16.985589447,/uas1/imu/data_raw,7.934912386155641,2.938033180686691
16.994277354,/uas1/imu/data,7.934912386155641,2.9331564312256595
17.005498136,/uas1/imu/data_raw,6.811818351217604,2.9284793357339396
17.013770624,/uas1/imu/data,6.811818351217604,2.931266538748735
17.025255415,/uas1/imu/data_raw,7.070500066759593,2.9291244962361414
17.032888852,/uas1/imu/data,7.070500066759593,2.9228844742437996
17.045718995,/uas1/imu/data_raw,7.589438317406527,2.879632484783328
17.05408845,/uas1/imu/data,7.589438317406527,2.861991473547082
17.065426418,/uas1/imu/data_raw,8.01569473358302,2.7977095571052604
17.074011107,/uas1/imu/data,8.01569473358302,2.7746767438724214
17.085506122,/uas1/imu/data_raw,7.83902752614371,2.684722234563973
17.094309934,/uas1/imu/data,7.83902752614371,2.6520459236476546
17.105464494,/uas1/imu/data_raw,8.316099796814996,2.543704989940108
17.113417695,/uas1/imu/data,8.316099796814996,2.5085593379142814
17.126374235,/uas1/imu/data_raw,9.310523035666057,2.4087534166494926
17.134000093,/uas1/imu/data,9.310523035666057,2.375611917623742
17.145633292,/uas1/imu/data_raw,9.531885757652883,2.2858478818826633
17.154342645,/uas1/imu/data,9.531885757652883,2.2663629522240942
17.165840099,/uas1/imu/data_raw,9.710411271324062,2.1818829573922014
17.173712029,/uas1/imu/data,9.710411271324062,2.169846407669272
17.185463687,/uas1/imu/data_raw,9.947134956618607,2.110489959068299
17.194622123,/uas1/imu/data,9.947134956618607,1.1954928273567578
17.205850614,/uas1/imu/data_raw,6.737159034552318,1.5849957500322394
17.214066499,/uas1/imu/data,6.737159034552318,1.4708818845408482
17.225525102,/uas1/imu/data_raw,5.807965405426584,1.0714895453519215
17.233538504,/uas1/imu/data,5.807965405426584,0.9968619864459028
17.245494312,/uas1/imu/data_raw,7.656545452349226,1.1371370525055524
17.25409344,/uas1/imu/data,7.656545452349226,1.2313826977673534
17.265854014,/uas1/imu/data_raw,8.508371935586968,1.1575952761806771
17.273941189,/uas1/imu/data,8.508371935586968,1.118016977270921
17.285571614,/uas1/imu/data_raw,8.839010961465467,1.063943025487171
17.29416015,/uas1/imu/data,8.839010961465467,1.0732665526780956
17.305575262,/uas1/imu/data_raw,9.247786708265245,1.1665046106302617
17.313779248,/uas1/imu/data,9.247786708265245,1.212095095287048
17.325660069,/uas1/imu/data_raw,9.735467970501318,1.3775076495194927
17.333622633,/uas1/imu/data,9.735467970501318,1.4317611865326623
17.345778273,/uas1/imu/data_raw,9.970533231522907,1.5931207304136705
17.353938437,/uas1/imu/data,9.970533231522907,1.6414703916055398
17.365655006,/uas1/imu/data_raw,9.346144473556505,1.723605057597048
17.373741312,/uas1/imu/data,9.346144473556505,1.7266550735552098
17.385590972,/uas1/imu/data_raw,9.537883880868925,1.710382860792495
17.393958184,/uas1/imu/data,9.537883880868925,1.700736319924407
17.405277829,/uas1/imu/data_raw,9.74071768068948,1.6506433731794536
17.413703196,/uas1/imu/data,9.74071768068948,1.628858135942337
17.425864457,/uas1/imu/data_raw,9.877330671715029,1.5468340395741134
17.433501505,/uas1/imu/data,9.877330671715029,1.5180784808138819
17.445654896,/uas1/imu/data_raw,9.96207086568849,1.424804563515798
17.453781404,/uas1/imu/data,9.96207086568849,1.3949929177669318
17.465832341,/uas1/imu/data_raw,10.005536460260142,1.3057274079156709
17.474155814,/uas1/imu/data,10.005536460260142,1.2796331875286167
17.485929984,/uas1/imu/data_raw,10.017034920085985,1.208926265616703
17.494429526,/uas1/imu/data,10.017034920085985,1.1894485630720089
17.506111802,/uas1/imu/data_raw,9.76979068462327,1.1128045053923599
17.513939946,/uas1/imu/data,9.76979068462327,1.0882088147685287
17.525841972,/uas1/imu/data_raw,9.70894743912562,1.029012912981031
17.534426469,/uas1/imu/data,9.70894743912562,1.0122093317757135
17.545499015,/uas1/imu/data_raw,9.65637304118484,0.9882102302511577
17.553919423,/uas1/imu/data,9.65637304118484,0.9834239822536601
17.565616035,/uas1/imu/data_raw,9.62628771448848,0.9735839802579003
17.574096921,/uas1/imu/data,9.62628771448848,0.9729071197187247
17.585836721,/uas1/imu/data_raw,9.604604412545473,0.9784595313217352
17.594492879,/uas1/imu/data,9.604604412545473,0.9827938380354445
17.605938998,/uas1/imu/data_raw,9.579236001318629,1.0037485860962785
17.613712697,/uas1/imu/data,9.579236001318629,1.0125804225725021
17.625907843,/uas1/imu/data_raw,8.483370918079196,0.9923656704108866
17.633385883,/uas1/imu/data,8.483370918079196,0.9933430719554094
17.64549472,/uas1/imu/data_raw,9.537587283844353,1.0205340497639632
17.653424205,/uas1/imu/data,9.537587283844353,1.0237133437686041
17.665940486,/uas1/imu/data_raw,9.289847435990378,1.0119661940966862
17.674524332,/uas1/imu/data,9.289847435990378,1.0181795510891554
17.68566212,/uas1/imu/data_raw,9.516502940255096,1.04352638512216
17.694326283,/uas1/imu/data,9.516502940255096,1.0483606223108588
17.705968691,/uas1/imu/data_raw,9.77082836968077,1.0647023147742443
17.713617797,/uas1/imu/data,9.77082836968077,1.0708041752547204
17.726266764,/uas1/imu/data_raw,9.49711167052547,1.0724928561936664
17.733656884,/uas1/imu/data,9.49711167052547,1.0697310951187482
17.745749099,/uas1/imu/data_raw,9.441907769400883,1.1296211823719533
17.754346564,/uas1/imu/data,9.441907769400883,1.1411179678449876
17.76530851,/uas1/imu/data_raw,7.372860596634805,0.9988964294428362
17.77380933,/uas1/imu/data,7.372860596634805,1.0565366804352874
17.785250004,/uas1/imu/data_raw,9.339825941405559,1.2270510551160716
17.794923253,/uas1/imu/data,9.339825941405559,1.2446772040861374
17.805865772,/uas1/imu/data_raw,9.263996612404032,1.2939503414145428
17.813527151,/uas1/imu/data,9.263996612404032,1.3121880901495204
17.825962304,/uas1/imu/data_raw,9.169967103936987,1.3755270366104488
17.833728618,/uas1/imu/data,9.169967103936987,1.3977863881467099
17.845770691,/uas1/imu/data_raw,9.044917841346889,1.4742465309374753
17.85401648,/uas1/imu/data,9.044917841346889,1.5007716952989483
17.86564425,/uas1/imu/data_raw,8.748309933471532,1.568290586160002
17.873618875,/uas1/imu/data,8.748309933471532,1.605051797614222
17.885583312,/uas1/imu/data_raw,9.021197167805004,1.726868873017017
17.894616165,/uas1/imu/data,9.021197167805004,1.744286355192413
17.905851028,/uas1/imu/data_raw,8.49377600499955,1.869039566967954
17.913630224,/uas1/imu/data,8.49377600499955,1.9133676822373455
17.925983697,/uas1/imu/data_raw,8.220493896581194,2.0480536169850665
17.933508245,/uas1/imu/data,8.220493896581194,2.0981124526535218
17.945838017,/uas1/imu/data_raw,8.111641929308727,2.2547917509473314
17.953756096,/uas1/imu/data,8.111641929308727,2.295875713426859
17.965372578,/uas1/imu/data_raw,8.052277047442216,2.463814306131177
17.975208058,/uas1/imu/data,8.052277047442216,2.1212333467381024
17.985650491,/uas1/imu/data_raw,6.966585883919564,5.075321331259277
17.994632178,/uas1/imu/data,6.966585883919564,4.932317467111717
18.005779391,/uas1/imu/data_raw,5.593886024968313,3.754508033893237
18.013776572,/uas1/imu/data,5.593886024968313,3.5991198880268414
18.026655231,/uas1/imu/data_raw,127.89081263061718,3.236945929809617
18.034015294,/uas1/imu/data,127.89081263061718,3.442612309981943
18.045805313,/uas1/imu/data_raw,4.983846014289108,3.459642929184076
18.053814523,/uas1/imu/data,4.983846014289108,3.468595029045947
18.065492004,/uas1/imu/data_raw,3.7041824194648365,3.6223416205801797
18.074270738,/uas1/imu/data,3.7041824194648365,3.6987721857419875
18.08599628,/uas1/imu/data_raw,3.295507691920946,3.9739511728386407
18.094211739,/uas1/imu/data,3.295507691920946,4.063108249674915
18.105314514,/uas1/imu/data_raw,3.281517305920682,4.326830836801935
18.113077497,/uas1/imu/data,3.281517305920682,4.4059604430605015
18.125344473,/uas1/imu/data_raw,3.4761464760552125,4.6326475238751215
18.133341403,/uas1/imu/data,3.4761464760552125,4.137852320682464
18.145732487,/uas1/imu/data_raw,6.314551989115487,1.3794498523176597
18.153762179,/uas1/imu/data,6.314551989115487,1.5237681865919588
18.165359213,/uas1/imu/data_raw,8.151794134412377,2.055223586730673
18.174287105,/uas1/imu/data,8.151794134412377,2.1292511909180383
18.185330382,/uas1/imu/data_raw,8.560762261765147,2.309137544221066
18.19406831,/uas1/imu/data,8.560762261765147,2.38517616453644
18.205567097,/uas1/imu/data_raw,8.344215324273577,2.6580026153350778
18.213587804,/uas1/imu/data,8.344215324273577,2.5761648612053882
18.226555035,/uas1/imu/data_raw,8.622084897725406,2.3102987552069334
18.233789471,/uas1/imu/data,8.622084897725406,2.2023116523151587
18.24564194,/uas1/imu/data_raw,8.634815745928565,2.0530877390471054
18.2535894,/uas1/imu/data,8.634815745928565,2.057168611841091
18.265265818,/uas1/imu/data_raw,8.217440427189118,2.1480655923719683
18.274166734,/uas1/imu/data,8.217440427189118,2.1351907761193902
18.285621256,/uas1/imu/data_raw,8.199314853335073,2.0993350165118745
18.294071237,/uas1/imu/data,8.199314853335073,2.099313741343505
18.305710175,/uas1/imu/data_raw,8.064836429831969,2.123449140561245
18.3137116,/uas1/imu/data,8.064836429831969,2.137087495595388
18.325616442,/uas1/imu/data_raw,7.859855551818905,2.199848860657319
18.333370897,/uas1/imu/data,7.859855551818905,2.225570028328862
18.345674577,/uas1/imu/data_raw,7.575564208290214,2.3235212164625216
18.353704352,/uas1/imu/data,7.575564208290214,2.3606188470973812
18.365507703,/uas1/imu/data_raw,7.1869228048954685,2.4946986287700366
18.373998572,/uas1/imu/data,7.1869228048954685,2.542460015190768
18.385359635,/uas1/imu/data_raw,156.93489238489357,3.7979089158277177
18.3953257,/uas1/imu/data,156.93489238489357,8.416697015567918
18.405173946,/uas1/imu/data_raw,5.766005095961096,10.009505526114268
18.413482058,/uas1/imu/data,5.766005095961096,9.969883219600344
18.426088029,/uas1/imu/data_raw,4.038150766856064,9.873334168783362
18.433612105,/uas1/imu/data,4.038150766856064,9.813549456208492
18.445826654,/uas1/imu/data_raw,3.6523630366951236,9.581068072718164
18.454002417,/uas1/imu/data,3.6523630366951236,9.499639486472798
18.465513112,/uas1/imu/data_raw,3.8026150878229728,9.224932763840888
18.474573669,/uas1/imu/data,3.8026150878229728,9.14311544896309
18.485418962,/uas1/imu/data_raw,4.105990385970837,8.915424394286998
18.493829134,/uas1/imu/data,4.105990385970837,8.83537584070487
18.505377419,/uas1/imu/data_raw,4.422138179215012,8.463617544961814
18.514801373,/uas1/imu/data,4.422138179215012,8.297741848989624
18.525843722,/uas1/imu/data_raw,5.221221750177747,7.584842934383075
18.533771992,/uas1/imu/data,5.221221750177747,7.309794727939994
18.54606985,/uas1/imu/data_raw,5.801251695018452,6.365185076466456
18.553990927,/uas1/imu/data,5.801251695018452,6.0598161751014175
18.565597021,/uas1/imu/data_raw,6.0220477457020305,5.150514765260361
18.574101617,/uas1/imu/data,6.0220477457020305,4.879901331638009
18.585578683,/uas1/imu/data_raw,6.195674271068647,4.126380138834688
18.59439898,/uas1/imu/data,6.195674271068647,3.315290047402031
18.605849213,/uas1/imu/data_raw,8.807760023190054,3.5289304513983737
18.613651733,/uas1/imu/data,8.807760023190054,3.4195401567143513
18.625809985,/uas1/imu/data_raw,9.27618757588029,3.116548491198257
18.633413722,/uas1/imu/data,9.27618757588029,3.0293602720329957
18.645657335,/uas1/imu/data_raw,9.022452537882172,2.7751243224812603
18.653707525,/uas1/imu/data,9.022452537882172,2.703097540084329
18.665583651,/uas1/imu/data_raw,8.845925710402648,2.5093688601697655
18.673930091,/uas1/imu/data,8.845925710402648,2.4556624854113025
18.685740953,/uas1/imu/data_raw,21.50818311533166,2.5383837447591127
18.694011704,/uas1/imu/data,21.50818311533166,2.8209743092593005
18.705646623,/uas1/imu/data_raw,6.904606789851814,2.695977983768855
18.714176762,/uas1/imu/data,6.904606789851814,2.587347197808272
18.726422389,/uas1/imu/data_raw,10.028350882582393,2.4120095706052815
18.73358629,/uas1/imu/data,10.028350882582393,2.3724096293336028
18.745320573,/uas1/imu/data_raw,10.11901479659059,2.2686849216313463
18.753946002,/uas1/imu/data,10.11901479659059,2.2352597464595063
18.765268723,/uas1/imu/data_raw,10.42174664931766,2.1220053207428236
18.773875137,/uas1/imu/data,10.42174664931766,2.08662076983396
18.785575469,/uas1/imu/data_raw,9.028641731046347,1.9866268391577144
18.793925567,/uas1/imu/data,9.028641731046347,1.9562801552548321
18.805746979,/uas1/imu/data_raw,9.187601183568358,1.8670956004578318
18.813561699,/uas1/imu/data,9.187601183568358,1.8448442504265576
18.825402042,/uas1/imu/data_raw,6.170162722096303,0.7685504634196489
18.833494519,/uas1/imu/data,6.170162722096303,0.5478968300532223
18.845596471,/uas1/imu/data_raw,7.103473121535232,0.29793869216378455
18.853741373,/uas1/imu/data,7.103473121535232,0.37595038108490597
18.866070273,/uas1/imu/data_raw,8.099155079928487,0.6242928785098021
18.874393374,/uas1/imu/data,8.099155079928487,0.7131361806213457
18.885582886,/uas1/imu/data_raw,28.12162699891552,0.2721302646402712
18.894549472,/uas1/imu/data,28.12162699891552,0.2824381926133985
18.905870372,/uas1/imu/data_raw,7.7306035622303275,0.441506356372099
18.913586312,/uas1/imu/data,7.7306035622303275,0.34087250744236847
18.925517053,/uas1/imu/data_raw,9.91615661751046,0.007308182711616612
18.933461399,/uas1/imu/data,9.91615661751046,0.011848345657258624
18.945695605,/uas1/imu/data_raw,9.796994739882889,0.012875487138679713
18.95367578,/uas1/imu/data,9.796994739882889,0.014296784399170386
18.965394735,/uas1/imu/data_raw,9.797123024819951,0.01424400320982432
18.974021453,/uas1/imu/data,9.797123024819951,0.014183978899506212
18.985726153,/uas1/imu/data_raw,9.795744894912055,0.013511188225797902
18.994044205,/uas1/imu/data,9.795744894912055,0.013247971883556895
19.005847325,/uas1/imu/data_raw,9.798626650054295,0.012684273633935655
19.01371523,/uas1/imu/data,9.798626650054295,0.012550393080070221
19.025671839,/uas1/imu/data_raw,9.798801125657242,0.012219209386763956
19.033781307,/uas1/imu/data,9.798801125657242,0.012126604169305224
19.0456781,/uas1/imu/data_raw,9.79962030767807,0.01162097741014437
19.053939031,/uas1/imu/data,9.79962030767807,0.011481301341104207
19.065580552,/uas1/imu/data_raw,9.80029457358298,0.011032321054330671
19.073933336,/uas1/imu/data,9.80029457358298,0.010985666110009736
19.085602527,/uas1/imu/data_raw,9.799657108590885,0.010465966609202312
19.094286909,/uas1/imu/data,9.799657108590885,0.010458792773626494
19.105663285,/uas1/imu/data_raw,9.801965768525712,0.010103463002504703
19.113760432,/uas1/imu/data,9.801965768525712,0.009927621582341287
19.125719714,/uas1/imu/data_raw,9.801299927627028,0.009588416533964987
19.133903735,/uas1/imu/data,9.801299927627028,0.009397786637763823
19.145167637,/uas1/imu/data_raw,9.802468663755306,0.009101973861060635
19.153901049,/uas1/imu/data,9.802468663755306,0.008901592569409625
19.165434589,/uas1/imu/data_raw,9.8011192175923,0.00888438691931386
19.173644375,/uas1/imu/data,9.8011192175923,0.00862409025028873
19.185508346,/uas1/imu/data_raw,9.799830538843588,0.008258718923293952
19.194385087,/uas1/imu/data,9.799830538843588,0.008145132324307943
19.205827547,/uas1/imu/data_raw,9.802155704756771,0.007810820557036099
19.213566293,/uas1/imu/data,9.802155704756771,0.007572021487294785
19.226324065,/uas1/imu/data_raw,9.80194906994733,0.007490279735223446
19.233853033,/uas1/imu/data,9.80194906994733,0.007291110872633028
19.245583152,/uas1/imu/data_raw,9.801699561507936,0.006895868755051021
19.254033641,/uas1/imu/data,9.801699561507936,0.006527529432706611
19.265782698,/uas1/imu/data_raw,9.80052120659968,0.005477595272555305
19.274313142,/uas1/imu/data,9.80052120659968,0.004987225368062305
19.285898825,/uas1/imu/data_raw,9.800398927212761,0.004617576910291791
19.295183672,/uas1/imu/data,9.800398927212761,0.004541837051325517
19.305357867,/uas1/imu/data_raw,9.800043183877612,0.004572911399724806
19.314003637,/uas1/imu/data,9.800043183877612,0.0048272972685099004
19.326207732,/uas1/imu/data_raw,9.800920764771835,0.004687366444463142
19.333665611,/uas1/imu/data,9.800920764771835,0.00462899496430002
19.345580354,/uas1/imu/data_raw,9.8017981952376,0.004748242170628026
19.354143956,/uas1/imu/data,9.8017981952376,0.004704717862842101
19.366236125,/uas1/imu/data_raw,9.802489609238433,0.00477666645169051
19.374184765,/uas1/imu/data,9.802489609238433,0.004627061925738697
19.385668358,/uas1/imu/data_raw,9.803833917060482,0.005039810988010164
19.39508289,/uas1/imu/data,9.803833917060482,0.005044175651860418
19.405161588,/uas1/imu/data_raw,9.804078712249003,0.005028246060005081
19.413406307,/uas1/imu/data,9.804078712249003,0.004963572369082206
19.425752676,/uas1/imu/data_raw,9.803482359167331,0.005023763577798579
19.434055724,/uas1/imu/data,9.803482359167331,0.004969680184131174
19.445955533,/uas1/imu/data_raw,9.803924176493135,0.004850763762781506
19.454050401,/uas1/imu/data,9.803924176493135,0.00469291324049415
19.465908438,/uas1/imu/data_raw,9.803593111732543,0.004575641495548135
19.473897596,/uas1/imu/data,9.803593111732543,0.00463173204971182
19.485728498,/uas1/imu/data_raw,9.80506511654524,0.004282532657522767
19.493957238,/uas1/imu/data,9.80506511654524,0.004324717454625617
19.50561554,/uas1/imu/data_raw,9.802556349881167,0.004064478863705236
19.514025777,/uas1/imu/data,9.802556349881167,0.004023820344339178
19.526342551,/uas1/imu/data_raw,9.801642472353294,0.003821040401007587
19.533546412,/uas1/imu/data,9.801642472353294,0.003887680716583089
19.545455781,/uas1/imu/data_raw,9.799984672040287,0.0036747837534228025
19.554117967,/uas1/imu/data,9.799984672040287,0.003525066220530424
19.565926315,/uas1/imu/data_raw,9.798983272401161,0.003706218921836822
19.574056283,/uas1/imu/data,9.798983272401161,0.003591223219498088
19.585591072,/uas1/imu/data_raw,9.80118730470454,0.0034542594737695382
19.594349786,/uas1/imu/data,9.80118730470454,0.0033765368890748505
19.605367473,/uas1/imu/data_raw,9.800324443803166,0.003514187635342649
19.614353346,/uas1/imu/data,9.800324443803166,0.00347088445770871
19.62581379,/uas1/imu/data_raw,9.800514801265505,0.003066530159573798
19.633727344,/uas1/imu/data,9.800514801265505,0.0031737782115075254
19.645603183,/uas1/imu/data_raw,9.803793667081719,0.0026633537615598363
19.654011168,/uas1/imu/data,9.803793667081719,0.00277208749613076
19.665771939,/uas1/imu/data_raw,9.805271608725466,0.0029343700136134996
19.674621704,/uas1/imu/data,9.805271608725466,0.002732987248324632
19.685625624,/uas1/imu/data_raw,9.803837930752383,0.002763201986581365
19.693987685,/uas1/imu/data,9.803837930752383,0.0026835502750703942
19.705656155,/uas1/imu/data_raw,9.799896931591103,0.0024262479955461987
19.713557591,/uas1/imu/data,9.799896931591103,0.0024633158684818517
19.726136375,/uas1/imu/data_raw,9.800217187319719,0.002322997042073614
19.733482379,/uas1/imu/data,9.800217187319719,0.002339976233044967
19.746001411,/uas1/imu/data_raw,9.80092952772603,0.002481612224605853
19.75361567,/uas1/imu/data,9.80092952772603,0.0024642864971137677
19.765915139,/uas1/imu/data_raw,9.800710582225573,0.0022159545740177474
19.773950429,/uas1/imu/data,9.800710582225573,0.002292337162011546
19.785794553,/uas1/imu/data_raw,9.803905992769353,0.0021800756850000732
19.794160007,/uas1/imu/data,9.803905992769353,0.002064555250036798
19.805891229,/uas1/imu/data_raw,9.80283906253978,0.002062543304089993
19.81414815,/uas1/imu/data,9.80283906253978,0.002024262645476465
19.825754087,/uas1/imu/data_raw,9.800637380572306,0.0019891256138782525
19.833666656,/uas1/imu/data,9.800637380572306,0.0018973427562888842
19.846003318,/uas1/imu/data_raw,9.805395303598916,0.00205986786913111
19.853424516,/uas1/imu/data,9.805395303598916,0.0018801134904894322
19.865515781,/uas1/imu/data_raw,9.804409970917424,0.0017161454563409775
19.874694676,/uas1/imu/data,9.804409970917424,0.001779471969457232
19.885619935,/uas1/imu/data_raw,9.806282632714527,0.0018813949296452343
19.894198459,/uas1/imu/data,9.806282632714527,0.0018400560741442772
19.905379811,/uas1/imu/data_raw,9.80093775864574,0.001857803637214227
19.914138829,/uas1/imu/data,9.80093775864574,0.001664545597472359
19.926080625,/uas1/imu/data_raw,9.799556302400239,0.0016446400015070022
19.933531142,/uas1/imu/data,9.799556302400239,0.0017866553849967082
19.945909692,/uas1/imu/data_raw,9.801105617828272,0.0014092328408474477
19.95383466,/uas1/imu/data,9.801105617828272,0.0014895935622075897
19.965542454,/uas1/imu/data_raw,9.801416045457822,0.0014933636173537997
19.973449588,/uas1/imu/data,9.801416045457822,0.0013142428657566
19.985261464,/uas1/imu/data_raw,9.801035284316423,0.0012636370886816679
19.993324087,/uas1/imu/data,9.801035284316423,0.001329024602542275
20.004840293,/uas1/imu/data_raw,9.799467556196285,0.0011914154180636919
20.012895605,/uas1/imu/data,9.799467556196285,0.0013009414692272423
20.025815172,/uas1/imu/data_raw,9.803254834633726,0.0013123159633115587
20.033021106,/uas1/imu/data,9.803254834633726,0.001265428223292939
20.044972129,/uas1/imu/data_raw,9.804152546081244,0.001097427841337299
20.052960467,/uas1/imu/data,9.804152546081244,0.0011996387942591444
20.064857276,/uas1/imu/data_raw,9.80328362609904,0.0012138033338934117
20.073338464,/uas1/imu/data,9.80328362609904,0.001297472493179038
20.085353687,/uas1/imu/data_raw,9.80211159272472,0.0009926034960253637
20.093259439,/uas1/imu/data,9.80211159272472,0.0011114691107420968
20.10561703,/uas1/imu/data_raw,9.805501766092053,0.001239942097542146
20.112971092,/uas1/imu/data,9.805501766092053,0.001390043739815307
20.12505718,/uas1/imu/data_raw,9.804585977015595,0.0007197794256918392
20.132873048,/uas1/imu/data,9.804585977015595,0.0010156632351287819
20.144990961,/uas1/imu/data_raw,9.801730739702066,0.0009940403453904789
20.152898847,/uas1/imu/data,9.801730739702066,0.0009867649318755134
20.16483364,/uas1/imu/data_raw,9.804044132016202,0.0008471177257670947
20.173132686,/uas1/imu/data,9.804044132016202,0.0008146892979485752
20.184918534,/uas1/imu/data_raw,9.80166388077058,0.0008698689800398879
20.193236395,/uas1/imu/data,9.80166388077058,0.0008254115880765671
20.20472584,/uas1/imu/data_raw,9.80557150807861,0.0009922734830129618
20.212925666,/uas1/imu/data,9.80557150807861,0.0010401840240945983
20.225022099,/uas1/imu/data_raw,9.80327002219017,0.0007778802849553942
20.233000654,/uas1/imu/data,9.80327002219017,0.0007434879966562561
20.245001482,/uas1/imu/data_raw,9.8037743756683,0.0008268201415967799
20.253161278,/uas1/imu/data,9.8037743756683,0.000820700171040085
20.264933498,/uas1/imu/data_raw,9.80395488200325,0.0007919908180105293
20.273049267,/uas1/imu/data,9.80395488200325,0.000799093878863511
20.28482026,/uas1/imu/data_raw,9.800584588375303,0.0007514772596118139
20.293149937,/uas1/imu/data,9.800584588375303,0.0007086272150143825
20.30465385,/uas1/imu/data_raw,9.80281851557923,0.0009478007840024587
20.312993737,/uas1/imu/data,9.80281851557923,0.0009470033374640953
20.325014302,/uas1/imu/data_raw,9.805273045691209,0.0008873308517423651
20.333197798,/uas1/imu/data,9.805273045691209,0.0007367040262659804
20.345472531,/uas1/imu/data_raw,9.803183892888848,0.0006635996632602081
20.353736453,/uas1/imu/data,9.803183892888848,0.0007069532264814787
20.365435936,/uas1/imu/data_raw,9.80429918049283,0.0006249852979425499
20.374261222,/uas1/imu/data,9.80429918049283,0.0006933235922722536
20.385529844,/uas1/imu/data_raw,9.803988845039271,0.0008362936452797232
20.394222341,/uas1/imu/data,9.803988845039271,0.0008328444097183561
20.405488781,/uas1/imu/data_raw,9.805846881775503,0.000759244052538535
20.413771895,/uas1/imu/data,9.805846881775503,0.0008405706850487902
20.425790434,/uas1/imu/data_raw,9.80437465300763,0.0007497369497418009
20.43384735,/uas1/imu/data,9.80437465300763,0.0007940832045875371
20.445579515,/uas1/imu/data_raw,9.806686664782529,0.0005813486254096562
20.453787137,/uas1/imu/data,9.806686664782529,0.000495716279264131
20.465452802,/uas1/imu/data_raw,9.805243175005515,0.0008061482604776531
20.474232865,/uas1/imu/data,9.805243175005515,0.0008308980989745046
20.485994201,/uas1/imu/data_raw,9.805861286889256,0.000740027064296829
20.494982986,/uas1/imu/data,9.805861286889256,0.0006793558775408578
20.505784957,/uas1/imu/data_raw,9.804608089917052,0.0006192463888849388
20.514021162,/uas1/imu/data,9.804608089917052,0.0006612710719352374
20.526210832,/uas1/imu/data_raw,9.802399138794394,0.0005441010641743588
20.535269718,/uas1/imu/data,9.802399138794394,0.0005860711293781251
20.545562773,/uas1/imu/data_raw,9.802089715211311,0.0002548781126522285
20.553729796,/uas1/imu/data,9.802089715211311,0.00033323701247950366
20.565700613,/uas1/imu/data_raw,9.801819908169444,0.0006245731073526466
20.574036662,/uas1/imu/data,9.801819908169444,0.0005785403146011023
20.585390891,/uas1/imu/data_raw,9.801650483236957,0.0004715514970763115
20.594046865,/uas1/imu/data,9.801650483236957,0.0006416280047727258
20.6055885,/uas1/imu/data_raw,9.802673626712672,0.0005364496790177557
20.613251174,/uas1/imu/data,9.802673626712672,0.00045327965225549013
20.625842909,/uas1/imu/data_raw,9.80850184120293,0.0012873229613438435
20.633608571,/uas1/imu/data,9.80850184120293,0.001675304716647026
20.645599529,/uas1/imu/data_raw,9.81626237167533,0.0035040334628229563
20.653501542,/uas1/imu/data,9.81626237167533,0.0042368393198159255
20.665369916,/uas1/imu/data_raw,9.819830082704211,0.006589551837713919
20.674171612,/uas1/imu/data,9.819830082704211,0.007410196809796895
20.685579059,/uas1/imu/data_raw,9.826615751377501,0.010453310772505666
20.694178923,/uas1/imu/data,9.826615751377501,0.011624443007561894
20.705890552,/uas1/imu/data_raw,9.829221674305082,0.015198041949710774
20.713437068,/uas1/imu/data,9.829221674305082,0.016492168960364983
20.726405616,/uas1/imu/data_raw,9.833884470758758,0.020729012825389033
20.733677395,/uas1/imu/data,9.833884470758758,0.022104144714114173
20.745669459,/uas1/imu/data_raw,9.837955541973606,0.026776466753091126
20.753709186,/uas1/imu/data,9.837955541973606,0.028369523609062204
20.765383475,/uas1/imu/data_raw,9.83860674448815,0.03324795453591043
20.773972394,/uas1/imu/data,9.83860674448815,0.03504835810913321
20.785588682,/uas1/imu/data_raw,9.84546028180944,0.04073911234451545
20.794312196,/uas1/imu/data,9.84546028180944,0.042527477995861755
20.805548225,/uas1/imu/data_raw,9.847286722346286,0.04845347064362334
20.813574562,/uas1/imu/data,9.847286722346286,0.05027293701657393
20.825766214,/uas1/imu/data_raw,9.84621520992,0.05646944313449618
20.833311501,/uas1/imu/data,9.84621520992,0.05823900593204737
20.845734338,/uas1/imu/data_raw,9.84928816446822,0.06425474402245229
20.854269225,/uas1/imu/data,9.84928816446822,0.06643085356343295
20.865396602,/uas1/imu/data_raw,9.853233522306551,0.07332849740449592
20.873755494,/uas1/imu/data,9.853233522306551,0.07572488749738045
20.885648362,/uas1/imu/data_raw,9.862624453580835,0.08329386941813782
20.894504344,/uas1/imu/data,9.862624453580835,0.08577505946494729
20.9058534,/uas1/imu/data_raw,9.86752801781137,0.09404100649966526
20.913329481,/uas1/imu/data,9.86752801781137,0.09677111674317136
20.925790877,/uas1/imu/data_raw,9.866572530886765,0.10546882048179294
20.93426253,/uas1/imu/data,9.866572530886765,0.10821133179433942
20.945581516,/uas1/imu/data_raw,9.872052519038789,0.11741514386419917
20.954061403,/uas1/imu/data,9.872052519038789,0.12052238574012926
20.965527691,/uas1/imu/data_raw,9.874092147829636,0.13032333371781887
20.97367669,/uas1/imu/data,9.874092147829636,0.133536698404626
20.985485159,/uas1/imu/data_raw,9.871343415070896,0.14338721109412342
20.994409756,/uas1/imu/data,9.871343415070896,0.1467844780904912
21.005828699,/uas1/imu/data_raw,9.876497861684621,0.15703954868912415
21.013486306,/uas1/imu/data,9.876497861684621,0.16031072403138827
21.025963621,/uas1/imu/data_raw,9.873913363343494,0.1704112346055527
21.03373822,/uas1/imu/data,9.873913363343494,0.17828353546281767
21.045581175,/uas1/imu/data_raw,9.829932710163892,0.18401205212067304
21.053670304,/uas1/imu/data,9.829932710163892,0.18627105539459995
21.065154693,/uas1/imu/data_raw,9.876018675493018,0.19739285934233475
21.073992554,/uas1/imu/data,9.876018675493018,0.20110613761961188
21.085882846,/uas1/imu/data_raw,9.877839123939257,0.21191278903835828
21.09438512,/uas1/imu/data,9.877839123939257,0.21560436663324498
21.106066551,/uas1/imu/data_raw,9.87395959536773,0.22652525897379427
21.113687918,/uas1/imu/data,9.87395959536773,0.22999765523713286
21.126008602,/uas1/imu/data_raw,9.87269633170264,0.24122027456955092
21.133627879,/uas1/imu/data,9.87269633170264,0.24477509911710074
21.14552073,/uas1/imu/data_raw,9.867688706420878,0.25537912776843485
21.153775624,/uas1/imu/data,9.867688706420878,0.25977046312260227
21.165577849,/uas1/imu/data_raw,9.869055677248214,0.27030895540099575
21.174116267,/uas1/imu/data,9.869055677248214,0.273801751501606
21.185991266,/uas1/imu/data_raw,9.864601778464651,0.28539651269602634
21.194275163,/uas1/imu/data,9.864601778464651,0.2889968668392086
21.205426447,/uas1/imu/data_raw,9.86184123528923,0.30008365498030243
21.213707306,/uas1/imu/data,9.86184123528923,0.303693762988141
21.225720706,/uas1/imu/data_raw,9.862091780899098,0.3151626014818417
21.233344742,/uas1/imu/data,9.862091780899098,0.3189688152505271
21.245531629,/uas1/imu/data_raw,9.861100105423224,0.3307592464427619
21.253358854,/uas1/imu/data,9.861100105423224,0.33441222262070974
21.265307225,/uas1/imu/data_raw,9.860397640102782,0.34640166978003933
21.273814875,/uas1/imu/data,9.860397640102782,0.35040892462651396
21.285424238,/uas1/imu/data_raw,9.85917362552006,0.36283717997428483
21.294195857,/uas1/imu/data,9.85917362552006,0.36686994259226546
21.305592356,/uas1/imu/data_raw,9.85810427541434,0.3794178817788602
21.313805467,/uas1/imu/data,9.85810427541434,0.3836777541758991
21.325836268,/uas1/imu/data_raw,9.85545818919122,0.39700571353453806
21.333605296,/uas1/imu/data,9.85545818919122,0.40147864667747624
21.345554252,/uas1/imu/data_raw,9.85108767926405,0.41500232545724786
21.353677568,/uas1/imu/data,9.85108767926405,0.4196057176187963
21.365519535,/uas1/imu/data_raw,9.84729759028871,0.4342685701217815
21.373677572,/uas1/imu/data,9.84729759028871,0.438859774360232
21.385465029,/uas1/imu/data_raw,10.07201512435863,0.4528109510229293
21.394574305,/uas1/imu/data,10.07201512435863,0.4581981744562998
21.405797265,/uas1/imu/data_raw,9.848677044292753,0.47440389501419156
21.413904361,/uas1/imu/data,9.848677044292753,0.4795575336993832
21.425820672,/uas1/imu/data_raw,9.847860485354536,0.49640879132854987
21.434003836,/uas1/imu/data,9.847860485354536,0.5019147003252081
21.445549975,/uas1/imu/data_raw,9.842570925552424,0.5194133332875203
21.453741678,/uas1/imu/data,9.842570925552424,0.5253369461426651
21.465656523,/uas1/imu/data_raw,8.374573683750404,0.5522628545465852
21.473548502,/uas1/imu/data,8.374573683750404,0.5566045237427031
21.48546677,/uas1/imu/data_raw,9.8438139131858,0.5715096874453867
21.49411882,/uas1/imu/data,9.8438139131858,0.5783322082938273
21.50569245,/uas1/imu/data_raw,9.844335168645674,0.6014825428848476
21.513987455,/uas1/imu/data,9.844335168645674,0.6088928022231572
21.525676113,/uas1/imu/data_raw,9.81922817455923,0.6306221918781479
21.533403267,/uas1/imu/data,9.81922817455923,0.6373576886361164
21.545538994,/uas1/imu/data_raw,9.786238551021436,0.6560278068335723
21.55370118,/uas1/imu/data,9.786238551021436,0.6611982563893951
21.565605934,/uas1/imu/data_raw,9.757170180062383,0.6754432461213113
21.57413605,/uas1/imu/data,9.757170180062383,0.6793540595185247
21.585460755,/uas1/imu/data_raw,9.728343711262024,0.6900618487885567
21.594269733,/uas1/imu/data,9.728343711262024,0.6927179171996333
21.605532696,/uas1/imu/data_raw,9.711008430081309,0.6995769895542645
21.614004107,/uas1/imu/data,9.711008430081309,0.7012488314763976
21.625970851,/uas1/imu/data_raw,9.696963354428066,0.7048428230457072
21.633579008,/uas1/imu/data,9.696963354428066,0.7058090720920633
21.646065563,/uas1/imu/data_raw,8.64303077296157,0.6771190772812006
21.653466577,/uas1/imu/data,8.64303077296157,0.6836733441227618
21.665263173,/uas1/imu/data_raw,9.675996293486119,0.7018199387041849
21.674191344,/uas1/imu/data,9.675996293486119,0.6869327623851879
21.685744956,/uas1/imu/data_raw,9.660045131578114,0.6878914314519022
21.694992576,/uas1/imu/data,9.660045131578114,0.6858428343030186
21.705479799,/uas1/imu/data_raw,9.661274195772682,0.6763807925579494
21.713638449,/uas1/imu/data,9.661274195772682,0.6735649346027439
21.726089188,/uas1/imu/data_raw,9.633690695895071,0.6402154761213684
21.733926959,/uas1/imu/data,9.633690695895071,0.6510744487741748
21.745266322,/uas1/imu/data_raw,9.68962299170932,0.6512849625924054
21.753216876,/uas1/imu/data,9.68962299170932,0.6493607158996663
21.76495228,/uas1/imu/data_raw,9.697818139289907,0.6437867209700447
21.773429268,/uas1/imu/data,9.697818139289907,0.6421947696219646
21.785473302,/uas1/imu/data_raw,9.218976223659197,0.6062708953710274
21.794316263,/uas1/imu/data,9.218976223659197,0.6103844179819531
21.805611437,/uas1/imu/data_raw,10.58759551060535,0.6247428120054256
21.814150519,/uas1/imu/data,10.58759551060535,0.6262499810892616
21.825714048,/uas1/imu/data_raw,9.722623478936613,0.6299776309766909
21.834254446,/uas1/imu/data,9.722623478936613,0.6306446387904915
21.845953708,/uas1/imu/data_raw,9.72343616566553,0.635990597450458
21.853863462,/uas1/imu/data,9.72343616566553,0.6385750104645385
21.865561836,/uas1/imu/data_raw,9.647690247360428,0.573549343400764
21.874188358,/uas1/imu/data,9.647690247360428,0.6104500173764712
21.885969317,/uas1/imu/data_raw,9.700108312896361,0.626624116252882
21.895191869,/uas1/imu/data,9.700108312896361,0.6240168894126602
21.90539981,/uas1/imu/data_raw,9.702628940344084,0.6126518717319642
21.914011817,/uas1/imu/data,9.702628940344084,0.6076463096354754
21.926068099,/uas1/imu/data_raw,9.21076170597365,0.5877103444313239
21.933707464,/uas1/imu/data,9.21076170597365,0.5833779869639958
21.945619258,/uas1/imu/data_raw,9.725276861817738,0.5720893893122935
21.953739809,/uas1/imu/data,9.725276861817738,0.5674488493178754
21.965813371,/uas1/imu/data_raw,9.73328496573811,0.5594928448227425
21.973895129,/uas1/imu/data,9.73328496573811,0.5577670283056017
21.985346037,/uas1/imu/data_raw,9.734282885770845,0.5539243331270957
21.993992741,/uas1/imu/data,9.734282885770845,0.5534993413825897
22.005289294,/uas1/imu/data_raw,9.734310604460147,0.5552274003544795
22.013766656,/uas1/imu/data,9.734310604460147,0.5563379775164369
22.025872344,/uas1/imu/data_raw,9.733922634781116,0.5633238288974998
22.033870989,/uas1/imu/data,9.733922634781116,0.5665257697787014
22.046093843,/uas1/imu/data_raw,9.722702335968108,0.5790578918568942
22.05363283,/uas1/imu/data,9.722702335968108,0.5837320984599774
22.065378922,/uas1/imu/data_raw,9.713939370100286,0.6019060089484747
22.074181219,/uas1/imu/data,9.713939370100286,0.6086126397627347
22.085741565,/uas1/imu/data_raw,9.698914886440441,0.6323160057049381
22.094242602,/uas1/imu/data,9.698914886440441,0.6405450964804658
22.105873015,/uas1/imu/data_raw,10.465332113072943,0.6707020710969339
22.114145327,/uas1/imu/data,10.465332113072943,0.6814062661591307
22.126175798,/uas1/imu/data_raw,9.093877291469393,0.7165970382001092
22.133800785,/uas1/imu/data,9.093877291469393,0.7294717715062462
22.145659539,/uas1/imu/data_raw,9.618108357274629,0.7738834310654823
22.153877219,/uas1/imu/data,9.618108357274629,0.7889148757495852
22.16595312,/uas1/imu/data_raw,9.577984340086308,0.8394990738578297
22.173711235,/uas1/imu/data,9.577984340086308,0.8569710367045178
22.1853763,/uas1/imu/data_raw,9.522689408406775,0.9159070805609115
22.194683985,/uas1/imu/data,9.522689408406775,0.935968414956274
22.205652799,/uas1/imu/data_raw,9.455988098102981,1.003552281664323
22.213613165,/uas1/imu/data,9.455988098102981,1.025329805405791
22.225800145,/uas1/imu/data_raw,9.37691533155956,1.1022479842321722
22.233867845,/uas1/imu/data,9.37691533155956,1.1302420426440574
22.245573507,/uas1/imu/data_raw,9.26869951197593,1.2183535197783912
22.253950387,/uas1/imu/data,9.26869951197593,1.2482332311199011
22.265335768,/uas1/imu/data_raw,8.604063244546724,1.3452009098713793
22.275934815,/uas1/imu/data,8.604063244546724,1.3787234140570075
22.287756721,/uas1/imu/data_raw,8.968457169854277,1.4934101530366168
22.299716706,/uas1/imu/data,8.968457169854277,1.5639187200155162
22.307788839,/uas1/imu/data_raw,8.770651541778257,1.6552757328816912
22.314692325,/uas1/imu/data,8.770651541778257,1.6976146390640257
22.329722036,/uas1/imu/data_raw,8.507976313514218,1.8424885384792997
22.335171738,/uas1/imu/data,8.507976313514218,1.8877894429463564
22.345347059,/uas1/imu/data_raw,9.025376446089494,2.048561832105303
22.353164483,/uas1/imu/data,9.025376446089494,2.0994836709792573
22.365005592,/uas1/imu/data_raw,7.651895914969471,2.2746215702900128
22.373014117,/uas1/imu/data,7.651895914969471,2.333982787566827
22.385065934,/uas1/imu/data_raw,7.8503640960634415,2.5354106522568083
22.393869974,/uas1/imu/data,7.8503640960634415,2.5582484997396597
22.405179055,/uas1/imu/data_raw,6.708557566374803,2.820551402352737
22.413614874,/uas1/imu/data,6.708557566374803,2.8963346694209084
22.425624161,/uas1/imu/data_raw,97.20709080908952,6.783926920188691
22.433358247,/uas1/imu/data,97.20709080908952,8.373163503936565
22.445835445,/uas1/imu/data_raw,1.8110971621670005,10.671114038725102
22.45374571,/uas1/imu/data,1.8110971621670005,11.312751433536175
22.465260853,/uas1/imu/data_raw,1.563643177548248,10.673873493091993
22.47393404,/uas1/imu/data,1.563643177548248,10.6544484828597
22.486192497,/uas1/imu/data_raw,1.4760344791148032,10.576772001097185
22.495517929,/uas1/imu/data,1.4760344791148032,10.547742245350516
22.505516271,/uas1/imu/data_raw,1.4302535486371557,10.450322887493938
22.513904008,/uas1/imu/data,1.4302535486371557,10.41748832721237
22.526231072,/uas1/imu/data_raw,1.4037980724894272,10.306855224801234
22.534816193,/uas1/imu/data,1.4037980724894272,10.270393254688155
22.545766539,/uas1/imu/data_raw,1.3877729669690362,10.15118248380178
22.554189333,/uas1/imu/data,1.3877729669690362,10.112981757654742
22.565465251,/uas1/imu/data_raw,1.381989505797233,9.992261170888815
22.574042819,/uas1/imu/data,1.381989505797233,9.954054945969666
22.585344824,/uas1/imu/data_raw,1.3762948962524721,9.834542933978915
22.594480071,/uas1/imu/data,1.3762948962524721,9.796817908923476
22.605539023,/uas1/imu/data_raw,1.3690187990053946,9.67891179454652
22.613557556,/uas1/imu/data,1.3690187990053946,9.64228982215028
22.625891364,/uas1/imu/data_raw,1.3634686067770994,9.530644368402067
22.633666529,/uas1/imu/data,1.3634686067770994,9.496638937071937
22.645809594,/uas1/imu/data_raw,1.3573485252913535,9.393221453815759
22.65351918,/uas1/imu/data,1.3573485252913535,9.361573163598544
22.665536244,/uas1/imu/data_raw,1.3515585573353488,9.263826231029544
22.674180288,/uas1/imu/data,1.3515585573353488,9.233280243924842
22.685613703,/uas1/imu/data_raw,1.3418162442514259,9.139694376019163
22.694778437,/uas1/imu/data,1.3418162442514259,9.111296713277348
22.705637241,/uas1/imu/data_raw,1.482808220937851,9.020130640970784
22.713609289,/uas1/imu/data,1.482808220937851,8.990173049034315
22.726539457,/uas1/imu/data_raw,1.8613470745229523,8.888161365342363
22.733608195,/uas1/imu/data,1.8613470745229523,8.854378024423296
22.74540433,/uas1/imu/data_raw,2.362308593749775,8.746537947724722
22.753970519,/uas1/imu/data,2.362308593749775,8.715083882777723
22.765728329,/uas1/imu/data_raw,2.9537681972391154,8.638062923735404
22.773767783,/uas1/imu/data,2.9537681972391154,8.625278486967218
22.785705236,/uas1/imu/data_raw,3.575497524180587,8.631100199885005
22.793889092,/uas1/imu/data,3.575497524180587,8.642494210451552
22.806113612,/uas1/imu/data_raw,3.873608827849593,8.66774032091783
22.8136106,/uas1/imu/data,3.873608827849593,8.669059879969538
22.826436899,/uas1/imu/data_raw,182.38209369837227,7.407165197501874
22.833809467,/uas1/imu/data,182.38209369837227,7.389972940219859
22.845695594,/uas1/imu/data_raw,8.452365073379115,7.401932144171332
22.85375495,/uas1/imu/data,8.452365073379115,7.340721587013647
22.86525477,/uas1/imu/data_raw,8.136414306347055,7.2524351799377555
22.874190261,/uas1/imu/data,8.136414306347055,7.235690183523482
22.885516748,/uas1/imu/data_raw,7.8421754690341965,7.213080069153044
22.894184909,/uas1/imu/data,7.8421754690341965,7.2125110059678414
22.905493679,/uas1/imu/data_raw,7.648523957792231,7.2191237153428585
22.913869291,/uas1/imu/data,7.648523957792231,7.252896409906884
22.926397518,/uas1/imu/data_raw,6.9622574451500725,7.312945303198631
22.933822345,/uas1/imu/data,6.9622574451500725,7.326093119044294
22.945633309,/uas1/imu/data_raw,6.36571185225061,7.371562840220126
22.953755255,/uas1/imu/data,6.36571185225061,7.387916946699634
22.965179155,/uas1/imu/data_raw,5.638366266334856,7.442573109473183
22.973586699,/uas1/imu/data,5.638366266334856,5.791505241506633
22.985368052,/uas1/imu/data_raw,1.8458645089582828,14.810577444254156
22.994287175,/uas1/imu/data,1.8458645089582828,15.28771913565208
23.005500791,/uas1/imu/data_raw,1.6405615099483613,14.77256495575668
23.013812317,/uas1/imu/data,1.6405615099483613,14.764237705046584
23.02580367,/uas1/imu/data_raw,1.5472204103266083,14.738132714098494
23.033985597,/uas1/imu/data,1.5472204103266083,5.746983721979256
23.045835556,/uas1/imu/data_raw,1.3711580587143974,7.244857378121441
23.053606059,/uas1/imu/data,1.3711580587143974,7.291839111046006
23.065389566,/uas1/imu/data_raw,1.4390904525377486,7.174127386160038
23.074117802,/uas1/imu/data,1.4390904525377486,7.144581792523815
23.086142163,/uas1/imu/data_raw,1.410598103931423,7.004896431794213
23.0943962,/uas1/imu/data,1.410598103931423,6.958138841700105
23.105702457,/uas1/imu/data_raw,1.3721927096563855,6.805677804268042
23.114026344,/uas1/imu/data,1.3721927096563855,6.756401046174499
23.125710658,/uas1/imu/data_raw,1.339555195913143,6.604199577971527
23.133748052,/uas1/imu/data,1.339555195913143,6.557115179387215
23.145868373,/uas1/imu/data_raw,1.3227191326822085,6.4144724461096745
23.153544418,/uas1/imu/data,1.3227191326822085,6.370192941409946
23.165363057,/uas1/imu/data_raw,1.3092830434294356,6.234551131005785
23.174328836,/uas1/imu/data,1.3092830434294356,6.191757826491359
23.185459783,/uas1/imu/data_raw,1.29845657066253,6.059725120563291
23.19431085,/uas1/imu/data,1.29845657066253,6.018691445638683
23.205913537,/uas1/imu/data_raw,1.2906948343131792,5.896101879751631
23.213827363,/uas1/imu/data,1.2906948343131792,5.859027838616034
23.225798135,/uas1/imu/data_raw,1.2831902429704567,5.7501123944555195
23.233774276,/uas1/imu/data,1.2831902429704567,5.717697736743274
23.245321284,/uas1/imu/data_raw,1.2803138571426063,5.622041108194556
23.253260401,/uas1/imu/data,1.2803138571426063,5.593550220164438
23.26566048,/uas1/imu/data_raw,1.2759101603861156,5.510739233048899
23.274659387,/uas1/imu/data,1.2759101603861156,5.486675795874988
23.285575096,/uas1/imu/data_raw,1.2760524516571055,5.41848820540611
23.29415902,/uas1/imu/data,1.2760524516571055,5.398880375454353
23.30586564,/uas1/imu/data_raw,1.445427604223016,5.332688974501838
23.313578038,/uas1/imu/data,1.445427604223016,5.307108376141215
23.326069894,/uas1/imu/data_raw,1.7827251234031778,5.198049126601258
23.33369619,/uas1/imu/data,1.7827251234031778,5.152663029445787
23.345491318,/uas1/imu/data_raw,2.2792160696676955,4.970635665736272
23.353894599,/uas1/imu/data,2.2792160696676955,4.900111955997877
23.365709813,/uas1/imu/data_raw,2.8840111178139236,4.639751951806175
23.374460518,/uas1/imu/data,2.8840111178139236,4.551381157265575
23.385424243,/uas1/imu/data_raw,3.3475848117962665,4.285180160332165
23.394548517,/uas1/imu/data,3.3475848117962665,4.20927831839452
23.405682929,/uas1/imu/data_raw,3.865954827295474,4.008563270775957
23.41368992,/uas1/imu/data,3.865954827295474,3.9571452504987468
23.425801009,/uas1/imu/data_raw,4.457028070765199,3.833949310422064
23.433582269,/uas1/imu/data,4.457028070765199,3.804807539826841
23.445504401,/uas1/imu/data_raw,207.6048252445046,4.0786199686193205
23.453490647,/uas1/imu/data,207.6048252445046,4.872910529430439
23.465359478,/uas1/imu/data_raw,6.61824258603883,4.892003161314255
23.473643284,/uas1/imu/data,6.61824258603883,4.810355552352902
23.485551101,/uas1/imu/data_raw,6.176677508669013,4.68611590221418
23.494171885,/uas1/imu/data,6.176677508669013,4.659241586149426
23.505685382,/uas1/imu/data_raw,5.910882520335716,4.608780210239707
23.513732021,/uas1/imu/data,5.910882520335716,4.601092888112308
23.52574481,/uas1/imu/data_raw,5.582634297705722,4.599727057960863
23.533849882,/uas1/imu/data,5.582634297705722,4.6056868318080735
23.545593403,/uas1/imu/data_raw,5.1270523225580185,4.644241382367083
23.553714699,/uas1/imu/data,5.1270523225580185,4.662037000657224
23.565514021,/uas1/imu/data_raw,4.564203419289264,4.732515105468704
23.573869046,/uas1/imu/data,4.564203419289264,4.758083325663079
23.585589668,/uas1/imu/data_raw,3.992560903211178,4.845838896188166
23.594353694,/uas1/imu/data,3.992560903211178,4.916098352593606
23.605825202,/uas1/imu/data_raw,1.9866408459157103,5.171106362147469
23.613638961,/uas1/imu/data,1.9866408459157103,5.203657828096715
23.625673241,/uas1/imu/data_raw,1.468501546897659,5.13608680432939
23.633658048,/uas1/imu/data,1.468501546897659,5.202746763008205
23.645639152,/uas1/imu/data_raw,105.82513553784239,3.8858568440852594
23.653627487,/uas1/imu/data,105.82513553784239,2.844425495959949
23.665540231,/uas1/imu/data_raw,5.996080071681159,2.402080163428956
23.673580186,/uas1/imu/data,5.996080071681159,2.347878233993688
23.685827015,/uas1/imu/data_raw,6.6873677529814595,2.172198792854365
23.694460658,/uas1/imu/data,6.6873677529814595,2.1284913543099027
23.705574178,/uas1/imu/data_raw,7.236647738968127,2.026631434101312
23.71387254,/uas1/imu/data,7.236647738968127,2.0039282635291347
23.726239656,/uas1/imu/data_raw,7.595935813181655,1.9646686690790034
23.733644749,/uas1/imu/data,7.595935813181655,1.961478237427776
23.745762387,/uas1/imu/data_raw,7.764816173162632,1.9808345525102227
23.753743619,/uas1/imu/data,7.764816173162632,1.995750777804697
23.765720842,/uas1/imu/data_raw,7.739011799727918,2.0677477852731605
23.77364533,/uas1/imu/data,7.739011799727918,2.096922630322688
23.785299584,/uas1/imu/data_raw,7.520613492727481,2.199307772088602
23.794072758,/uas1/imu/data,7.520613492727481,2.234927352859644
23.806042196,/uas1/imu/data_raw,7.165039862961538,2.3507013478768135
23.813996166,/uas1/imu/data,7.165039862961538,2.3883762972958946
23.826028883,/uas1/imu/data_raw,7.27112812112647,2.4801995857799786
23.833985154,/uas1/imu/data,7.27112812112647,2.5057062983423406
23.845527898,/uas1/imu/data_raw,31.863159137526306,1.848470875979557
23.853864741,/uas1/imu/data,31.863159137526306,1.7939016370136498
23.865840254,/uas1/imu/data_raw,9.67549932256182,1.576823775496005
23.873703944,/uas1/imu/data,9.67549932256182,1.5337853835623418
23.885857007,/uas1/imu/data_raw,9.411231995868235,1.4541593491559064
23.894524117,/uas1/imu/data,9.411231995868235,1.4392057473108089
23.905852727,/uas1/imu/data_raw,9.193092740013569,1.4254092836049967
23.91413209,/uas1/imu/data,9.193092740013569,1.430315252725548
23.92591887,/uas1/imu/data_raw,8.947900891375072,1.4737115469235496
23.933712027,/uas1/imu/data,8.947900891375072,1.4959896124364342
23.945851195,/uas1/imu/data_raw,9.850602477015038,1.5912971764318178
23.953398418,/uas1/imu/data,9.850602477015038,1.6266037293252396
23.965887142,/uas1/imu/data_raw,8.434432905108267,1.7460893609507602
23.973834829,/uas1/imu/data,8.434432905108267,1.7906260067633977
23.985365601,/uas1/imu/data_raw,8.055135680146245,1.9314454433264103
23.994431005,/uas1/imu/data,8.055135680146245,1.834268724406648
24.005296694,/uas1/imu/data_raw,16.223613566377814,0.6219641065209854
24.01446915,/uas1/imu/data,16.223613566377814,0.5137345574840114
24.025869777,/uas1/imu/data_raw,7.049730091504054,0.3517768426748376
24.034899101,/uas1/imu/data,7.049730091504054,0.31879018640877466
24.045906391,/uas1/imu/data_raw,10.165340511315492,0.1262486105000022
24.053961452,/uas1/imu/data,10.165340511315492,0.08636401828177227
24.065691611,/uas1/imu/data_raw,8.688826767844231,0.10583531553323154
24.07373188,/uas1/imu/data,8.688826767844231,0.16950166764959856
24.085466646,/uas1/imu/data_raw,8.63744675034607,0.36883650233585835
24.09406184,/uas1/imu/data,8.63744675034607,0.4331104849952085
24.105283636,/uas1/imu/data_raw,9.1169069794909,0.6392441964994503
24.113465352,/uas1/imu/data,9.1169069794909,0.703443052405105
24.126005892,/uas1/imu/data_raw,8.32923588135644,0.28204767770554834
24.13373116,/uas1/imu/data,8.32923588135644,0.19209668132650742
24.145490685,/uas1/imu/data_raw,8.570688293712662,0.03804922741188723
24.153686345,/uas1/imu/data,8.570688293712662,0.08248841169505974
24.165978515,/uas1/imu/data_raw,8.710048387454796,0.2764076046514362
24.173821284,/uas1/imu/data,8.710048387454796,0.3407597241777336
24.185578775,/uas1/imu/data_raw,8.457333481199166,0.0780948322231821
24.194050351,/uas1/imu/data,8.457333481199166,0.011508430539720161
24.2059122,/uas1/imu/data_raw,9.802639757498445,0.0018782367924946477
24.214160267,/uas1/imu/data,9.802639757498445,0.0011941427030916288
24.225621134,/uas1/imu/data_raw,9.8058379596795,0.0017650163510581464
24.233984745,/uas1/imu/data,9.8058379596795,0.0018835451861622559
24.2458613,/uas1/imu/data_raw,9.805079479820408,0.0018381461668933365
24.254020743,/uas1/imu/data,9.805079479820408,0.0018735911381562178
24.265694945,/uas1/imu/data_raw,9.807025187664204,0.0015882255528116914
24.273615069,/uas1/imu/data,9.807025187664204,0.0015326133486029251
24.285842672,/uas1/imu/data_raw,9.804591067597427,0.0016765490926188382
24.29451742,/uas1/imu/data,9.804591067597427,0.0016530956195456253
24.305508301,/uas1/imu/data_raw,9.806333457436022,0.0015311689075659712
24.314074452,/uas1/imu/data,9.806333457436022,0.001549182679013427
24.325914449,/uas1/imu/data_raw,9.808615252995416,0.001133787772722041
24.333250137,/uas1/imu/data,9.808615252995416,0.0012691238170410193
24.345582176,/uas1/imu/data_raw,9.807958765771584,0.0012700363779168296
24.354103475,/uas1/imu/data,9.807958765771584,0.0011715329335802449
24.365612648,/uas1/imu/data_raw,9.80852688197818,0.0014253952090873597
24.374072505,/uas1/imu/data,9.80852688197818,0.0012699482774650866
24.385763602,/uas1/imu/data_raw,9.806202798933562,0.001282829434480605
24.394319868,/uas1/imu/data,9.806202798933562,0.0011591741135097034
24.405410825,/uas1/imu/data_raw,9.804722419738383,0.00119378123020992
24.413476937,/uas1/imu/data,9.804722419738383,0.001248159712648545
24.424979808,/uas1/imu/data_raw,9.808628162544164,0.0012088468942717673
24.433109562,/uas1/imu/data,9.808628162544164,0.0011535983175520177
24.445298544,/uas1/imu/data_raw,9.80659060068895,0.0011330044989540206
24.453730112,/uas1/imu/data,9.80659060068895,0.0012510059947096902
24.465655739,/uas1/imu/data_raw,9.807332100568015,0.000835379130140348
24.473795672,/uas1/imu/data,9.807332100568015,0.0008718693884493232
24.485465109,/uas1/imu/data_raw,9.808233614023676,0.0009427426646202438
24.494080813,/uas1/imu/data,9.808233614023676,0.001002667291441566
24.505811346,/uas1/imu/data_raw,9.809329195435678,0.0007093027655161197
24.513899384,/uas1/imu/data,9.809329195435678,0.0008432579847731805
24.526246899,/uas1/imu/data_raw,9.809032860597425,0.0008930061966314149
24.53418891,/uas1/imu/data,9.809032860597425,0.000825285091813206
24.545679509,/uas1/imu/data_raw,9.806464356724323,0.0009881766677457345
24.553562183,/uas1/imu/data,9.806464356724323,0.0009285601810748794
24.565311204,/uas1/imu/data_raw,9.806582681537732,0.000789633378707814
24.574190224,/uas1/imu/data,9.806582681537732,0.0008307318934426692
24.585436073,/uas1/imu/data_raw,9.809598353691783,0.000620034732660571
24.593869177,/uas1/imu/data,9.809598353691783,0.0006568050225372742
24.605496244,/uas1/imu/data_raw,9.807046465142642,0.000712074378714169
24.613409369,/uas1/imu/data,9.807046465142642,0.0007453027467820498
24.625519068,/uas1/imu/data_raw,9.807884092402139,0.0006935199193349137
24.63335343,/uas1/imu/data,9.807884092402139,0.000665460160096836
24.645575085,/uas1/imu/data_raw,9.810029644492577,0.0009171507190230202
24.653413968,/uas1/imu/data,9.810029644492577,0.0008784442070952376
24.665471944,/uas1/imu/data_raw,9.808588890500209,0.0008467241277641677
24.673887668,/uas1/imu/data,9.808588890500209,0.0006632088490476139
24.685489889,/uas1/imu/data_raw,9.80563188839172,0.0007394481187480271
24.694836752,/uas1/imu/data,9.80563188839172,0.0006873486002780433
24.7056614,/uas1/imu/data_raw,9.805583261578976,0.0005774486665569284
24.713509915,/uas1/imu/data,9.805583261578976,0.0003728093924473975
24.726281098,/uas1/imu/data_raw,9.807914190765727,0.0007218046109637219
24.733588118,/uas1/imu/data,9.807914190765727,0.0007536731230364902
24.745472522,/uas1/imu/data_raw,9.806338934310777,0.0007970184522978029
24.754017232,/uas1/imu/data,9.806338934310777,0.0006286787279254694
24.765375681,/uas1/imu/data_raw,9.80294729098835,0.0007887079120494773
24.77358112,/uas1/imu/data,9.80294729098835,0.0007194400810687485
24.784857775,/uas1/imu/data_raw,9.804666099888339,0.0005411255081119535
24.793414487,/uas1/imu/data,9.804666099888339,0.000671674745696579
24.805574404,/uas1/imu/data_raw,9.803011928949294,0.0003539041526511052
24.813590289,/uas1/imu/data,9.803011928949294,0.00045083750835271023
24.825523726,/uas1/imu/data_raw,9.802942810006272,0.00039066943922704743
24.8335984,/uas1/imu/data,9.802942810006272,0.0005631449108740418
24.845390438,/uas1/imu/data_raw,9.803441206038183,0.0004203397874929077
24.853627734,/uas1/imu/data,9.803441206038183,0.0005269261727174254
24.865485987,/uas1/imu/data_raw,9.802541923869034,0.0006937580688625474
24.873748056,/uas1/imu/data,9.802541923869034,0.0005700174806217658
24.885776831,/uas1/imu/data_raw,9.803235934777138,0.0007130981123212728
24.89489198,/uas1/imu/data,9.803235934777138,0.00045816333893623003
24.90608631,/uas1/imu/data_raw,9.801423647570507,0.0004983530190495583
24.914153025,/uas1/imu/data,9.801423647570507,0.0005276644750814208
24.92628781,/uas1/imu/data_raw,9.80274144628628,0.0006507463059347848
24.933726678,/uas1/imu/data,9.80274144628628,0.0005660863844108081
24.946406144,/uas1/imu/data_raw,9.8003898238406,0.0002957945373612882
24.95356074,/uas1/imu/data,9.8003898238406,0.0002483871248788035
24.965563103,/uas1/imu/data_raw,9.80136524205647,0.0005260702002132001
24.974128703,/uas1/imu/data,9.80136524205647,0.0006034142633724296
24.985371204,/uas1/imu/data_raw,9.803058890769703,0.00048011724092229975
24.994317371,/uas1/imu/data,9.803058890769703,0.00032420905252732293
25.005720707,/uas1/imu/data_raw,9.803605169353965,0.00037204607429741204
25.013721683,/uas1/imu/data,9.803605169353965,0.0004664115755772104
25.025836287,/uas1/imu/data_raw,9.80413879926137,0.00020963399459764803
25.033824257,/uas1/imu/data,9.80413879926137,0.00042058097759941634
25.045727893,/uas1/imu/data_raw,9.803484624866417,0.0006887890691534799
25.053616635,/uas1/imu/data,9.803484624866417,0.0006035966968487672
25.06565879,/uas1/imu/data_raw,9.803968505340805,0.0004564839736556573
25.073826994,/uas1/imu/data,9.803968505340805,0.0003391092695623157
25.085544881,/uas1/imu/data_raw,9.805625547133031,0.0006583456912060813
25.094676987,/uas1/imu/data,9.805625547133031,0.0005834122838074629
25.105721525,/uas1/imu/data_raw,9.80483717858851,0.0005822897435449705
25.11364114,/uas1/imu/data,9.80483717858851,0.0005218215176183339
25.125877838,/uas1/imu/data_raw,9.805029806841233,0.0002241641641327019
25.133706002,/uas1/imu/data,9.805029806841233,0.000147118312045201
25.145624512,/uas1/imu/data_raw,9.804020580443387,0.0001575899418219016
25.153677528,/uas1/imu/data,9.804020580443387,0.00022898854391331476
25.16551647,/uas1/imu/data_raw,9.800817489076646,0.0004337232277071829
25.173794892,/uas1/imu/data,9.800817489076646,0.0003626687573079208
25.185562,/uas1/imu/data_raw,9.801461926463105,0.0003377387025871972
25.194409873,/uas1/imu/data,9.801461926463105,0.0003450380258278654
25.205979705,/uas1/imu/data_raw,9.804323397840372,0.00054850872726046
25.213641274,/uas1/imu/data,9.804323397840372,0.00048378178514227034
25.226093255,/uas1/imu/data_raw,9.80445648229288,0.0003334002419006759
25.233664174,/uas1/imu/data,9.80445648229288,0.00041687280606779735
25.245603594,/uas1/imu/data_raw,9.803307277626907,0.0005859441136625261
25.253746887,/uas1/imu/data,9.803307277626907,0.0005058775256889682
25.265502583,/uas1/imu/data_raw,9.8048947567675,0.00042628090603629364
25.273971337,/uas1/imu/data,9.8048947567675,0.00035325746317074665
25.285529478,/uas1/imu/data_raw,9.808874975268413,0.0003386734107881634
25.294250527,/uas1/imu/data,9.808874975268413,0.00041949131105208364
25.305860103,/uas1/imu/data_raw,9.805030041236051,0.00047887756130368534
25.313789835,/uas1/imu/data,9.805030041236051,0.0005341929385129945
25.32549432,/uas1/imu/data_raw,9.805646327807926,0.00016651557649662897
25.333388716,/uas1/imu/data,9.805646327807926,0.00019161256147343057
25.34549405,/uas1/imu/data_raw,9.808394680890661,0.0004829707758955945
25.35383351,/uas1/imu/data,9.808394680890661,0.00038337471520967135
25.365340353,/uas1/imu/data_raw,9.80444335817483,0.0005083533028203191
25.373527364,/uas1/imu/data,9.80444335817483,0.0003748186735251057
25.385622605,/uas1/imu/data_raw,9.809176256787627,0.0004803281732379106
25.394565041,/uas1/imu/data,9.809176256787627,0.0003417065774690467
25.40571908,/uas1/imu/data_raw,9.806413950279035,0.00030556016625908893
25.413731455,/uas1/imu/data,9.806413950279035,0.0003522047013937642
25.425686842,/uas1/imu/data_raw,9.807023981270165,0.0002906251081693534
25.433314979,/uas1/imu/data,9.807023981270165,0.00013087988000050249
25.445620713,/uas1/imu/data_raw,9.808900224932032,0.0006262665158521606
25.453836541,/uas1/imu/data,9.808900224932032,0.0004266092163271245
25.465297973,/uas1/imu/data_raw,9.806527850455836,0.0005160432606323741
25.473579506,/uas1/imu/data,9.806527850455836,0.0004853760314143833
25.48582951,/uas1/imu/data_raw,9.807072742398029,0.00019219065446099987
25.495256944,/uas1/imu/data,9.807072742398029,0.00022661691736258942
25.505539812,/uas1/imu/data_raw,9.810273874389654,0.0004183289329099735
25.513960125,/uas1/imu/data,9.810273874389654,0.00028506340107529527
25.525789398,/uas1/imu/data_raw,9.810863825478352,0.0005659366915032027
25.534845287,/uas1/imu/data,9.810863825478352,0.000365655602399424
25.545736992,/uas1/imu/data_raw,9.805634182946346,0.0002413461174926635
25.553780068,/uas1/imu/data,9.805634182946346,0.0003113831473103201
25.565710332,/uas1/imu/data_raw,9.812073941325249,0.0003039635422202502
25.57346699,/uas1/imu/data,9.812073941325249,0.00045658180305125685
25.585482041,/uas1/imu/data_raw,9.8075425783364,0.00027917669985119675
25.594710776,/uas1/imu/data,9.8075425783364,0.00015556569876405037
25.605832249,/uas1/imu/data_raw,9.809276216119446,0.0004269941910242758
25.614062636,/uas1/imu/data,9.809276216119446,0.0001970288303206248
25.625824398,/uas1/imu/data_raw,9.81091689096749,0.00048474127531853594
25.633517639,/uas1/imu/data,9.81091689096749,0.0005468371473501521
25.645667962,/uas1/imu/data_raw,9.811931749874288,0.00040347751390128813
25.653678299,/uas1/imu/data,9.811931749874288,0.00034528016358876916
25.665543416,/uas1/imu/data_raw,9.808556119315217,0.00028409602614328324
25.673994243,/uas1/imu/data,9.808556119315217,0.00027253251013315184
25.685809686,/uas1/imu/data_raw,9.805218468368203,0.00034463032921364393
25.694004338,/uas1/imu/data,9.805218468368203,0.00028027901681168744
25.706142981,/uas1/imu/data_raw,9.809661192547429,0.00032867458270822644
25.713795404,/uas1/imu/data,9.809661192547429,0.0003870364272940381
25.726133532,/uas1/imu/data_raw,9.809328074475621,0.0002493033114788587
25.733714626,/uas1/imu/data,9.809328074475621,0.0002496337654803482
25.745733616,/uas1/imu/data_raw,9.8093771494701,0.0003022164335685528
25.753821805,/uas1/imu/data,9.8093771494701,0.00017906833640754437
25.765241083,/uas1/imu/data_raw,9.808226453011592,0.00038974329169390694
25.773832868,/uas1/imu/data,9.808226453011592,0.0003930654730683109
25.78548742,/uas1/imu/data_raw,9.810165728488819,0.0004068104406390288
25.794870109,/uas1/imu/data,9.810165728488819,0.0004162651421595752
25.805534301,/uas1/imu/data_raw,9.80958087169931,0.000411951901215567
25.813588923,/uas1/imu/data,9.80958087169931,0.0003716177512311514
25.826170061,/uas1/imu/data_raw,9.81008685198772,0.0004685835080010896
25.833378316,/uas1/imu/data,9.81008685198772,0.00037288422560579775
25.845573738,/uas1/imu/data_raw,9.810136566095142,0.00035100050095151613
25.853350742,/uas1/imu/data,9.810136566095142,0.000361306981661298
25.865474006,/uas1/imu/data_raw,9.808066144251354,0.00043209973314237664
25.873959094,/uas1/imu/data,9.808066144251354,0.00037515796881815416
25.885688762,/uas1/imu/data_raw,9.808713233121487,0.00030939651165822076
25.893734603,/uas1/imu/data,9.808713233121487,0.0002631935352668786
25.905384444,/uas1/imu/data_raw,9.808578041225191,0.00035464898543268163
25.913426879,/uas1/imu/data,9.808578041225191,0.0003091975498913527
25.925760523,/uas1/imu/data_raw,9.810542182232052,0.0003168292722421081
25.93391485,/uas1/imu/data,9.810542182232052,0.0004466510204554612
25.945711538,/uas1/imu/data_raw,9.812691541056854,0.0005718375063808304
25.953600786,/uas1/imu/data,9.812691541056854,0.0005151041752395337
25.965501027,/uas1/imu/data_raw,9.809865402682052,0.0003100318532848085
25.974268037,/uas1/imu/data,9.809865402682052,0.00028673585982075836
25.985490724,/uas1/imu/data_raw,9.81071343484261,0.00041329637573619103
25.994278382,/uas1/imu/data,9.81071343484261,0.00037937992474764
26.005720474,/uas1/imu/data_raw,9.813461294915157,0.00018250819321520922
26.013135406,/uas1/imu/data,9.813461294915157,0.00025890889561521006
26.025908202,/uas1/imu/data_raw,9.811401141750554,0.00025379038320583295
26.034756976,/uas1/imu/data,9.811401141750554,0.00027131789425175563
26.046163053,/uas1/imu/data_raw,9.810945898315682,0.00021248857937770894
26.054049721,/uas1/imu/data,9.810945898315682,0.00022583270239588506
26.065824689,/uas1/imu/data_raw,9.810211029539435,0.00027015229920533473
26.073814241,/uas1/imu/data,9.810211029539435,0.00037593414930502057
26.085783381,/uas1/imu/data_raw,9.8072532024418,0.0005439130935062259
26.095168794,/uas1/imu/data,9.8072532024418,0.0004841635545331389
26.105691319,/uas1/imu/data_raw,9.80875317441954,0.0003759607861978692
26.114247918,/uas1/imu/data,9.80875317441954,0.0003046298545034466
26.126211152,/uas1/imu/data_raw,9.810908018525817,0.00037490169984151554
26.13382125,/uas1/imu/data,9.810908018525817,0.0002935247503886007
26.145836687,/uas1/imu/data_raw,9.80880457689249,0.00028792491376877224
26.15384159,/uas1/imu/data,9.80880457689249,0.0003885453275225051
26.165669847,/uas1/imu/data_raw,9.808344046139972,0.0006254077142500649
26.173559439,/uas1/imu/data,9.808344046139972,0.0005634661506491291
26.185312094,/uas1/imu/data_raw,9.807370887747625,0.00024914820054284257
26.193881964,/uas1/imu/data,9.807370887747625,0.00037618660289143315
26.20556827,/uas1/imu/data_raw,9.805410781715842,0.00024345351171426572
26.213654604,/uas1/imu/data,9.805410781715842,0.00022241330979377733
26.225786159,/uas1/imu/data_raw,9.808563064598681,0.0002811716033384344
26.233536428,/uas1/imu/data,9.808563064598681,0.0003987102429149556
26.246019241,/uas1/imu/data_raw,9.807329597013315,0.0002955444904059349
26.2538639,/uas1/imu/data,9.807329597013315,0.00019648239996168087
26.26556304,/uas1/imu/data_raw,9.809281338994527,0.0004777910321298156
26.273693576,/uas1/imu/data,9.809281338994527,0.0003705844142385985
26.285402195,/uas1/imu/data_raw,9.811414593125622,0.0006358504909623523
26.294017886,/uas1/imu/data,9.811414593125622,0.0004406178617315914
26.305522193,/uas1/imu/data_raw,9.807713980251272,0.00023646454281707021
26.314036123,/uas1/imu/data,9.807713980251272,0.00032758659292832584
26.325791079,/uas1/imu/data_raw,9.808612148450003,0.00046166635641738704
26.333529615,/uas1/imu/data,9.808612148450003,0.0004468973093359551
26.346232858,/uas1/imu/data_raw,9.811410228658625,0.0006279677569328413
26.354159859,/uas1/imu/data,9.811410228658625,0.0004402002516375193
26.365583737,/uas1/imu/data_raw,9.807347128429429,0.000409139614719623
26.373991926,/uas1/imu/data,9.807347128429429,0.00028326417637721825
26.38542952,/uas1/imu/data_raw,9.808818608770261,0.00033523430314675104
26.394117322,/uas1/imu/data,9.808818608770261,0.00037522129910278374
26.405314936,/uas1/imu/data_raw,9.811972730943761,0.00037148479144711075
26.413399596,/uas1/imu/data,9.811972730943761,0.000337967348551234
26.426063221,/uas1/imu/data_raw,9.810368156741522,0.00046087762483197907
26.433483909,/uas1/imu/data,9.810368156741522,0.00048239782122179995
26.445799176,/uas1/imu/data_raw,9.807009782446144,0.0004168548780869262
26.453249493,/uas1/imu/data,9.807009782446144,0.00024300607117012604
26.465270706,/uas1/imu/data_raw,9.809621592178434,0.0004627321813890455
26.473607578,/uas1/imu/data,9.809621592178434,0.00041100408328358947
26.485463766,/uas1/imu/data_raw,9.808835252315635,0.00034738775521338375
26.494351629,/uas1/imu/data,9.808835252315635,0.0003333333524185697
26.505637337,/uas1/imu/data_raw,9.809839567712373,0.0004441983909070744
26.514268515,/uas1/imu/data,9.809839567712373,0.00034554638477679947
26.526164967,/uas1/imu/data_raw,9.811470038944103,0.0004309982263296378
26.533694087,/uas1/imu/data,9.811470038944103,0.0004291415320553042
26.545589132,/uas1/imu/data_raw,9.809796333770297,0.00028043585884506076
26.553346135,/uas1/imu/data,9.809796333770297,0.00022496699145178024
26.565876698,/uas1/imu/data_raw,9.810819413527376,0.00016758301320423546
26.574054455,/uas1/imu/data,9.810819413527376,0.00022968958107366224
26.585509801,/uas1/imu/data_raw,9.81133476905579,0.00025954731589797184
26.593993056,/uas1/imu/data,9.81133476905579,0.00024123927753758436
26.605831998,/uas1/imu/data_raw,9.81133312790596,0.0003957088015478271
26.613854918,/uas1/imu/data,9.81133312790596,0.0002518181795828733
26.625887014,/uas1/imu/data_raw,9.811945364116502,0.00029607711982950174
26.6339766,/uas1/imu/data,9.811945364116502,0.000505765929715415
26.646073699,/uas1/imu/data_raw,9.811105894707048,0.0003401027639187043
26.653829543,/uas1/imu/data,9.811105894707048,0.00040067642739813374
26.665350064,/uas1/imu/data_raw,9.811541494038513,0.0002793678339956549
26.673613142,/uas1/imu/data,9.811541494038513,0.00021893389073445016
26.686010407,/uas1/imu/data_raw,9.811305517370668,0.0006257650087613633
26.694691126,/uas1/imu/data,9.811305517370668,0.0004902764462410291
26.70565163,/uas1/imu/data_raw,9.810423209889162,0.00020150629726234102
26.714330859,/uas1/imu/data,9.810423209889162,0.0002834039818839518
26.726136258,/uas1/imu/data_raw,9.807624326436866,0.0002486714940271613
26.733933637,/uas1/imu/data,9.807624326436866,0.0002828531383570583
26.745536702,/uas1/imu/data_raw,9.806982784023683,0.00032775544509639116
26.753914786,/uas1/imu/data,9.806982784023683,0.000357818292044986
26.765347403,/uas1/imu/data_raw,9.805263891766986,0.00028612838996877095
26.774121024,/uas1/imu/data,9.805263891766986,0.0001636938936743901
26.785432833,/uas1/imu/data_raw,9.811232767569997,0.0002278458069891597
26.794121498,/uas1/imu/data,9.811232767569997,0.0003690914330249579
26.805436269,/uas1/imu/data_raw,9.809061871545461,0.00022796316820378534
26.813845018,/uas1/imu/data,9.809061871545461,0.00025709917565488734
26.825673878,/uas1/imu/data_raw,9.806819413753193,0.00020546558497276508
26.833620492,/uas1/imu/data,9.806819413753193,0.00017234512798803878
26.845563107,/uas1/imu/data_raw,9.814456934960115,0.0002486279271411591
26.853733927,/uas1/imu/data,9.814456934960115,0.00024476506901115967
26.865414945,/uas1/imu/data_raw,9.807995058904355,0.00018762349348249309
26.873917107,/uas1/imu/data,9.807995058904355,0.0003963387657188257
26.885302847,/uas1/imu/data_raw,9.807003814978108,0.0001918584085437025
26.89457141,/uas1/imu/data,9.807003814978108,0.00034988242283532847
26.90643623,/uas1/imu/data_raw,9.808166179522662,0.00037848674004612094
26.914018802,/uas1/imu/data,9.808166179522662,0.0003261156390952843
26.926116562,/uas1/imu/data_raw,9.806825245748847,0.0002202647939344338
26.933627455,/uas1/imu/data,9.806825245748847,0.00024648234362886756
26.945534656,/uas1/imu/data_raw,9.806346382594668,0.00022115673618104025
26.953735385,/uas1/imu/data,9.806346382594668,0.00021162307870310995
26.965478134,/uas1/imu/data_raw,9.80252825343531,0.0004705541312720564
26.974024487,/uas1/imu/data,9.80252825343531,0.00033132297740318177
26.985474267,/uas1/imu/data_raw,9.805389849880147,0.0001275049590461601
26.994088311,/uas1/imu/data,9.805389849880147,0.00023996171888546484
27.005568122,/uas1/imu/data_raw,9.804667619748578,0.00019683347961907294
27.013881241,/uas1/imu/data,9.804667619748578,0.0002588866968479673
27.02586108,/uas1/imu/data_raw,9.806200927320361,0.0003217728426994859
27.033862641,/uas1/imu/data,9.806200927320361,0.000352623721153987
27.045516256,/uas1/imu/data_raw,9.806516351717688,0.00017294331171941772
27.053503337,/uas1/imu/data,9.806516351717688,0.0001366705245867467
27.065396246,/uas1/imu/data_raw,9.807062307434103,0.0003175917516149304
27.07383266,/uas1/imu/data,9.807062307434103,0.00022351669135268828
27.085495377,/uas1/imu/data_raw,9.807295144819069,0.0003593729207603209
27.094128566,/uas1/imu/data,9.807295144819069,0.0003172380815733691
27.105156994,/uas1/imu/data_raw,9.807367016035585,0.00030962055780934394
27.113478559,/uas1/imu/data,9.807367016035585,0.00034372534352736364
27.125850497,/uas1/imu/data_raw,9.80877924486881,0.0004575584932863116
27.133691447,/uas1/imu/data,9.80877924486881,0.000331013810159001
27.145876821,/uas1/imu/data_raw,9.806160697647545,0.0002863487248598156
27.153735247,/uas1/imu/data,9.806160697647545,0.0003717327596863046
27.165199519,/uas1/imu/data_raw,9.808230018388567,6.450560313999882e-05
27.173790462,/uas1/imu/data,9.808230018388567,0.00026362271825775745
27.185628167,/uas1/imu/data_raw,9.808764312264035,0.00013992459213096593
27.195002323,/uas1/imu/data,9.808764312264035,0.00023240691396827023
27.205680313,/uas1/imu/data_raw,9.806717382093213,0.0003648903383507264
27.213573082,/uas1/imu/data,9.806717382093213,0.0004841599817787177
27.225999837,/uas1/imu/data_raw,9.80745571868905,0.00019076034335581535
27.233622531,/uas1/imu/data,9.80745571868905,0.0004119006525307377
27.245721268,/uas1/imu/data_raw,9.809358794983165,0.00045638557249173063
27.253971114,/uas1/imu/data,9.809358794983165,0.0003409022335648872
27.265412212,/uas1/imu/data_raw,9.809406985832089,0.00020308061109133442
27.273563663,/uas1/imu/data,9.809406985832089,0.00016270271462979086
27.28540114,/uas1/imu/data_raw,9.810986186712412,0.0001286760717345989
27.294186982,/uas1/imu/data,9.810986186712412,0.00031294806484628916
27.305710974,/uas1/imu/data_raw,9.8076791975381,0.0002110761211864997
27.313735636,/uas1/imu/data,9.8076791975381,0.0001273141556186761
27.325681395,/uas1/imu/data_raw,9.809122444040408,0.0004969484741764564
27.3335044,/uas1/imu/data,9.809122444040408,0.00027059693660040613
27.345851988,/uas1/imu/data_raw,9.807247531741304,0.0002998582405247684
27.353931403,/uas1/imu/data,9.807247531741304,0.0003181474184449636
27.365354094,/uas1/imu/data_raw,9.808125920407834,0.00027927223505861315
27.373961989,/uas1/imu/data,9.808125920407834,0.0003992586395465171
27.385286125,/uas1/imu/data_raw,9.807900950074293,0.0002894745345053868
27.394374811,/uas1/imu/data,9.807900950074293,0.00029925633439311684
27.405357602,/uas1/imu/data_raw,9.809597520099617,0.00041144129938091217
27.413455744,/uas1/imu/data,9.809597520099617,0.0002577049972020374
27.425722528,/uas1/imu/data_raw,9.80912364650125,0.00018426456219316123
27.433484096,/uas1/imu/data,9.80912364650125,0.00027983505858667336
27.445628062,/uas1/imu/data_raw,9.809769118070728,0.0002569224586625611
27.453769297,/uas1/imu/data,9.809769118070728,0.00021107717431959522
27.465523832,/uas1/imu/data_raw,9.808570249059295,0.0005995532705473364
27.474219843,/uas1/imu/data,9.808570249059295,0.00045794612253943393
27.485817905,/uas1/imu/data_raw,9.809212223892464,0.0003614021692371368
27.494172884,/uas1/imu/data,9.809212223892464,0.00030992729781081696
27.505794723,/uas1/imu/data_raw,9.807776258382633,0.00036059432917605186
27.5138309,/uas1/imu/data,9.807776258382633,0.0002957714331349761
27.525931607,/uas1/imu/data_raw,9.811507418344021,0.00038756804923049964
27.534238055,/uas1/imu/data,9.811507418344021,0.00044688293363570283
27.545784828,/uas1/imu/data_raw,9.810095738181197,0.0004372157019842951
27.553844366,/uas1/imu/data,9.810095738181197,0.00038559689720140983
27.565494484,/uas1/imu/data_raw,9.809942820695253,0.00014753383374041957
27.573706127,/uas1/imu/data,9.809942820695253,0.00016755627489352745
27.585730106,/uas1/imu/data_raw,9.808950971080588,0.0004438698162236997
27.594548114,/uas1/imu/data,9.808950971080588,0.00025641754844279465
27.605797066,/uas1/imu/data_raw,9.806303528427646,0.0003741843302681515
27.613919975,/uas1/imu/data,9.806303528427646,0.00047292214410908043
27.625928467,/uas1/imu/data_raw,9.808814741041632,0.00022931435829173766
27.633320295,/uas1/imu/data,9.808814741041632,0.0002124300524085121
27.645649363,/uas1/imu/data_raw,9.80591769223034,0.0004338840948236215
27.653876245,/uas1/imu/data,9.80591769223034,0.0003767579521907278
27.665468006,/uas1/imu/data_raw,9.808799149923239,0.00034772614146420203
27.67347169,/uas1/imu/data,9.808799149923239,0.00028153614571373316
27.685551886,/uas1/imu/data_raw,9.808412717961561,0.00033875993297329985
27.694310171,/uas1/imu/data,9.808412717961561,0.0002574210949004456
27.705722584,/uas1/imu/data_raw,9.807572179103312,0.00040271394626368846
27.713641553,/uas1/imu/data,9.807572179103312,0.0002635402612274195
27.727037792,/uas1/imu/data_raw,9.807988112943326,0.0004834417733854205
27.733690253,/uas1/imu/data,9.807988112943326,0.00018906954840695729
27.745318693,/uas1/imu/data_raw,9.80791691026349,0.0005684556742139982
27.753427014,/uas1/imu/data,9.80791691026349,0.0004106291838521949
27.765329029,/uas1/imu/data_raw,9.808756695593448,0.0004179390384108938
27.773921147,/uas1/imu/data,9.808756695593448,0.0004527507371765275
27.785390813,/uas1/imu/data_raw,9.812133370287269,0.0005375333233081549
27.793973037,/uas1/imu/data,9.812133370287269,0.00034830218242604897
27.805618571,/uas1/imu/data_raw,9.812664629350397,0.0003789045144673582
27.813512315,/uas1/imu/data,9.812664629350397,0.00032634564004785794
27.826550388,/uas1/imu/data_raw,9.810912393346063,0.00034156049405173304
27.833973477,/uas1/imu/data,9.810912393346063,0.0003265471748781547
27.845644613,/uas1/imu/data_raw,9.812158655771777,0.0004283945506812055
27.853655313,/uas1/imu/data,9.812158655771777,0.00037611965240935067
27.865312656,/uas1/imu/data_raw,9.813912477218725,0.0001982300960683021
27.873817201,/uas1/imu/data,9.813912477218725,0.0003035155518425632
27.885490561,/uas1/imu/data_raw,9.811109750285652,0.0006537796096199288
27.894969227,/uas1/imu/data,9.811109750285652,0.00039822940975541856
27.905864574,/uas1/imu/data_raw,9.813074803600593,0.00045901243845977436
27.913862786,/uas1/imu/data,9.813074803600593,0.0003251245729390882
27.926213458,/uas1/imu/data_raw,9.811532682169503,0.00035684570894212707
27.93349913,/uas1/imu/data,9.811532682169503,0.0003180738739724041
27.945627186,/uas1/imu/data_raw,9.81013964096453,0.0004239629863033765
27.953621698,/uas1/imu/data,9.81013964096453,0.0003019028700416359
27.965528884,/uas1/imu/data_raw,9.811539193866256,0.0004093956608636263
27.973506069,/uas1/imu/data,9.811539193866256,0.00025876095178315416
27.985550076,/uas1/imu/data_raw,9.810230634387668,0.000508002245611216
27.994623872,/uas1/imu/data,9.810230634387668,0.0004242101468117279
28.00553541,/uas1/imu/data_raw,9.810290868518608,0.00038890714153649495
28.013707508,/uas1/imu/data,9.810290868518608,0.0002445607061604626
28.02615697,/uas1/imu/data_raw,9.808468157925889,0.00047586985400951265
28.033516127,/uas1/imu/data,9.808468157925889,0.00042614306843790495
28.045713092,/uas1/imu/data_raw,9.807166493847006,0.00023983627113670505
28.053737454,/uas1/imu/data,9.807166493847006,0.00022305864912916136
28.065386395,/uas1/imu/data_raw,9.809687329483337,0.00039920914882994764
28.073891053,/uas1/imu/data,9.809687329483337,0.00039891405492957916
28.085461411,/uas1/imu/data_raw,9.810567993448837,0.00030943811978118816
28.095614411,/uas1/imu/data,9.810567993448837,0.0002817782170449611
28.105991889,/uas1/imu/data_raw,9.811396679238241,0.00021758677053826305
28.113798979,/uas1/imu/data,9.811396679238241,0.00034408236845718875
28.125411151,/uas1/imu/data_raw,9.81089477800158,0.0003001615070711103
28.133109596,/uas1/imu/data,9.81089477800158,0.0003958908640548996
28.145280884,/uas1/imu/data_raw,9.807475931507865,0.00033141899742276097
28.153811116,/uas1/imu/data,9.807475931507865,0.0002668509514159551
28.165511283,/uas1/imu/data_raw,9.808956194651653,0.0003974477928664346
28.173495973,/uas1/imu/data,9.808956194651653,0.00031124283373801633
28.185301427,/uas1/imu/data_raw,9.811858602043632,0.0004914948993211356
28.194012404,/uas1/imu/data,9.811858602043632,0.0004902637652080576
28.206054269,/uas1/imu/data_raw,9.808671594552155,0.0006486027603753829
28.213686487,/uas1/imu/data,9.808671594552155,0.00039567236270995285
28.225645142,/uas1/imu/data_raw,9.807122599405911,0.0005532278868837674
28.233953185,/uas1/imu/data,9.807122599405911,0.00045186426213785906
28.245879322,/uas1/imu/data_raw,9.807194136732443,0.00025818765625309554
28.253831923,/uas1/imu/data,9.807194136732443,0.00026401764098118086
28.265648264,/uas1/imu/data_raw,9.80582295404049,0.0002494825856340006
28.27474932,/uas1/imu/data,9.80582295404049,0.00022911370047254021
28.285489689,/uas1/imu/data_raw,9.808283471270984,0.00046461285445010577
28.294388954,/uas1/imu/data,9.808283471270984,0.0003750303573133489
28.305783405,/uas1/imu/data_raw,9.805942203267419,0.00043119710558261467
28.313458646,/uas1/imu/data,9.805942203267419,0.0004312005632064364
28.325646226,/uas1/imu/data_raw,9.806656035487086,0.00063063157160953
28.33403828,/uas1/imu/data,9.806656035487086,0.0004078842885424138
28.345636058,/uas1/imu/data_raw,9.80805833677973,0.00045963185752316305
28.35368551,/uas1/imu/data,9.80805833677973,0.000498967391880455
28.365730965,/uas1/imu/data_raw,9.80840013596997,0.00028875370651362564
28.373965609,/uas1/imu/data,9.80840013596997,0.00025921116162913875
28.385344298,/uas1/imu/data_raw,9.806421075842165,0.000374667033157599
28.394372166,/uas1/imu/data,9.806421075842165,0.00047526372332310683
28.405715712,/uas1/imu/data_raw,9.80907174134004,0.00033151591867879894
28.414055402,/uas1/imu/data,9.80907174134004,0.0002016984409395551
28.426052519,/uas1/imu/data_raw,9.80879836217068,0.0004182107531851101
28.434042234,/uas1/imu/data,9.80879836217068,0.0003357820562129897
28.445830083,/uas1/imu/data_raw,9.809234458436375,0.0005908841353882691
28.453425218,/uas1/imu/data,9.809234458436375,0.0005294539143684608
28.465787421,/uas1/imu/data_raw,9.811998746925303,0.0002701491071262194
28.473733316,/uas1/imu/data,9.811998746925303,0.00028927411234827116
28.485783401,/uas1/imu/data_raw,9.808340697023773,0.0004719200896509367
28.494123429,/uas1/imu/data,9.808340697023773,0.0004551717096082173
28.505773198,/uas1/imu/data_raw,9.806358913429307,0.00028188385853700773
28.513625105,/uas1/imu/data,9.806358913429307,0.00017246692998329895
28.526113201,/uas1/imu/data_raw,9.807739850641669,0.00034707286979417595
28.533723818,/uas1/imu/data,9.807739850641669,0.00037970311162577374
28.545752039,/uas1/imu/data_raw,9.808998262706195,0.0004089942853888589
28.553993676,/uas1/imu/data,9.808998262706195,0.00047700029429398127
28.565791927,/uas1/imu/data_raw,9.80760124231669,0.0006486538389509299
28.573796437,/uas1/imu/data,9.80760124231669,0.00041481696025302123
28.585628756,/uas1/imu/data_raw,9.806546376704091,0.00036033835424381286
28.594305634,/uas1/imu/data,9.806546376704091,0.0002490371642792032
28.605415175,/uas1/imu/data_raw,9.8048269615432,0.0003023124288804977
28.614049842,/uas1/imu/data,9.8048269615432,0.0002866083671480842
28.625568871,/uas1/imu/data_raw,9.808141615214167,0.00032138619234760925
28.633537985,/uas1/imu/data,9.808141615214167,0.000272364868231005
28.645698185,/uas1/imu/data_raw,9.806580493567164,0.0004450991627591571
28.654041625,/uas1/imu/data,9.806580493567164,0.0004299300487226304
28.665618997,/uas1/imu/data_raw,9.806630030456637,0.0004656796556581383
28.673527278,/uas1/imu/data,9.806630030456637,0.0005122204170598987
28.685422435,/uas1/imu/data_raw,9.808071150938847,0.00043999390207765396
28.694106594,/uas1/imu/data,9.808071150938847,0.00038138829146809275
28.706222,/uas1/imu/data_raw,9.809412864804724,0.00040673095534038764
28.714018644,/uas1/imu/data,9.809412864804724,0.00034072720900029204
28.726338925,/uas1/imu/data_raw,9.80980286108992,0.0004920847579025694
28.733674976,/uas1/imu/data,9.80980286108992,0.0004258547219081939
28.745689468,/uas1/imu/data_raw,9.808182183543185,0.00037052466523806283
28.753754685,/uas1/imu/data,9.808182183543185,0.0003471689914902751
28.765613625,/uas1/imu/data_raw,9.808157258212596,0.00014934488338215224
28.774612209,/uas1/imu/data,9.808157258212596,0.00035508015732566413
28.785517658,/uas1/imu/data_raw,9.809569844753206,0.00038742251742512754
28.79401901,/uas1/imu/data,9.809569844753206,0.00037226825704151127
28.805987319,/uas1/imu/data_raw,9.806955572354655,0.0003275432230382389
28.814003493,/uas1/imu/data,9.806955572354655,0.00026224288679009794
28.826838099,/uas1/imu/data_raw,9.811179265454191,0.0007087419397854761
28.834050195,/uas1/imu/data,9.811179265454191,0.0006798323454885812
28.84501671,/uas1/imu/data_raw,9.811110299233832,0.0003649384390196938
28.853025608,/uas1/imu/data,9.811110299233832,0.00030560184707471193
28.86494517,/uas1/imu/data_raw,9.81120638161344,0.0005830106499507075
28.873035713,/uas1/imu/data,9.81120638161344,0.0005269805104383978
28.885084755,/uas1/imu/data_raw,9.812927451532305,0.0005920707795056793
28.893279401,/uas1/imu/data,9.812927451532305,0.0007687616267448348
28.905338383,/uas1/imu/data_raw,9.811069548300228,0.0002013877154258108
28.912983374,/uas1/imu/data,9.811069548300228,0.0003726975545875626
28.92506595,/uas1/imu/data_raw,9.814059087430813,0.0005812259929885352
28.933097431,/uas1/imu/data,9.814059087430813,0.0005425036727806943
28.945344716,/uas1/imu/data_raw,9.80961414156385,0.0004941185864312032
28.953538012,/uas1/imu/data,9.80961414156385,0.0005403342900220985
28.964986634,/uas1/imu/data_raw,9.809525943887515,0.00044515425570033386
28.973799385,/uas1/imu/data,9.809525943887515,0.0004980559593070689
28.985513319,/uas1/imu/data_raw,9.811036183969163,0.0005093144465252026
28.99428282,/uas1/imu/data,9.811036183969163,0.000358574295536904
29.005437272,/uas1/imu/data_raw,9.80831212988807,0.00047907232911832047
29.01355687,/uas1/imu/data,9.80831212988807,0.00043995684571384507
29.025789956,/uas1/imu/data_raw,9.808355437671715,0.00034379608379153545
29.033395736,/uas1/imu/data,9.808355437671715,0.0003729658570410042
29.045178082,/uas1/imu/data_raw,9.809996531860172,0.00034955278977914756
29.053132134,/uas1/imu/data,9.809996531860172,0.0003198283174249272
29.065414967,/uas1/imu/data_raw,9.809253504189812,0.0005335263072522225
29.07394118,/uas1/imu/data,9.809253504189812,0.00037859458221095946
29.085499685,/uas1/imu/data_raw,9.811690889618053,0.00048012119574139685
29.09416806,/uas1/imu/data,9.811690889618053,0.00037615851291700523
29.105332868,/uas1/imu/data_raw,9.809992727514798,0.00034338387109312797
29.113531075,/uas1/imu/data,9.809992727514798,0.0005209728317403103
29.125630021,/uas1/imu/data_raw,9.813626303492526,0.0005911303255906316
29.133517439,/uas1/imu/data,9.813626303492526,0.0006302330500374471
29.145522999,/uas1/imu/data_raw,9.811237788771702,0.00024799089938751776
29.154084496,/uas1/imu/data,9.811237788771702,0.00021545380308111558
29.165516696,/uas1/imu/data_raw,9.813472927364039,0.0005468732992754092
29.174144057,/uas1/imu/data,9.813472927364039,0.0004255436300260257
29.18542755,/uas1/imu/data_raw,9.810957698778829,0.0007395898519278658
29.194361717,/uas1/imu/data,9.810957698778829,0.000600791475774933
29.205432232,/uas1/imu/data_raw,9.812440513543324,0.00029604905430906365
29.213737399,/uas1/imu/data,9.812440513543324,0.00041025176045809486
29.225867434,/uas1/imu/data_raw,9.812710652451521,0.00021540011602501062
29.233472926,/uas1/imu/data,9.812710652451521,0.00016838846609588525
29.245762586,/uas1/imu/data_raw,9.810958505793486,0.00047491050351157357
29.253486932,/uas1/imu/data,9.810958505793486,0.0002762050422794165
29.265401762,/uas1/imu/data_raw,9.81512655365586,0.00042736492061015474
29.273927673,/uas1/imu/data,9.81512655365586,0.00038836413531429626
29.285323032,/uas1/imu/data_raw,9.811442161240453,0.0004631272124208923
29.294542698,/uas1/imu/data,9.811442161240453,0.0004928577736427707
29.30622743,/uas1/imu/data_raw,9.813981640249429,0.0003770519496896827
29.31373034,/uas1/imu/data,9.813981640249429,0.0005598969072737288
29.325880346,/uas1/imu/data_raw,9.814025682192087,0.00047716224932946305
29.334049759,/uas1/imu/data,9.814025682192087,0.00038993301829657115
29.34574228,/uas1/imu/data_raw,9.813542404966475,0.00045689504085899736
29.353421404,/uas1/imu/data,9.813542404966475,0.0004921060005235867
29.365291836,/uas1/imu/data_raw,9.813495139464097,0.0006701612629420349
29.373797209,/uas1/imu/data,9.813495139464097,0.000541957539397294
29.385336193,/uas1/imu/data_raw,9.815407209011012,0.000503189833107074
29.394396377,/uas1/imu/data,9.815407209011012,0.00040671964179537
29.405517557,/uas1/imu/data_raw,9.817344756240043,0.0005810613690673754
29.413820111,/uas1/imu/data,9.817344756240043,0.0006371299386500689
29.42610414,/uas1/imu/data_raw,9.816065225937953,0.0005657193466257993
29.433665175,/uas1/imu/data,9.816065225937953,0.00042201661080176886
29.445860523,/uas1/imu/data_raw,9.813678850806882,0.0004451925993094542
29.453465757,/uas1/imu/data,9.813678850806882,0.00044847530799906266
29.465193807,/uas1/imu/data_raw,9.81421615790315,0.0003388500470250798
29.47377876,/uas1/imu/data,9.81421615790315,0.0004259230850247137
29.485631957,/uas1/imu/data_raw,9.815479215233449,0.0004737413998394001
29.494297975,/uas1/imu/data,9.815479215233449,0.000536104483406001
29.505612957,/uas1/imu/data_raw,9.816327048616547,0.0006591796449535375
29.513625597,/uas1/imu/data,9.816327048616547,0.0006500648104495329
29.525721568,/uas1/imu/data_raw,9.820607260573098,0.00037034174875976393
29.533238411,/uas1/imu/data,9.820607260573098,0.00042791893232312154
29.545994099,/uas1/imu/data_raw,9.816441474007913,0.0004418611622710684
29.554033977,/uas1/imu/data,9.816441474007913,0.00041820302449828813
29.565183662,/uas1/imu/data_raw,9.815668047030078,0.0004988135104691399
29.573757703,/uas1/imu/data,9.815668047030078,0.0003940816923603339
29.584869492,/uas1/imu/data_raw,9.8165597164438,0.00045969429863738627
29.59359316,/uas1/imu/data,9.8165597164438,0.00033796860810471915
29.605581331,/uas1/imu/data_raw,9.81737103879396,0.00032713723214174465
29.613623215,/uas1/imu/data,9.81737103879396,0.00043916105719548037
29.625806662,/uas1/imu/data_raw,9.815595409087818,0.0005222587464657858
29.633496973,/uas1/imu/data,9.815595409087818,0.0006001054290871449
29.645879,/uas1/imu/data_raw,9.81600530726081,0.00038976749566589555
29.653369653,/uas1/imu/data,9.81600530726081,0.0004777227689551868
29.665559372,/uas1/imu/data_raw,9.814879304150637,0.0004697957958305944
29.67341281,/uas1/imu/data,9.814879304150637,0.0004230187060064587
29.685502977,/uas1/imu/data_raw,9.815138568597758,0.0004213636962541898
29.69416204,/uas1/imu/data,9.815138568597758,0.0005094823869229651
29.705430306,/uas1/imu/data_raw,9.817908171560134,0.00036358629150575416
29.713683321,/uas1/imu/data,9.817908171560134,0.0004829446504324587
29.726232791,/uas1/imu/data_raw,9.817280807409382,0.0006105129707879096
29.733429227,/uas1/imu/data,9.817280807409382,0.00047757193281547405
29.74572823,/uas1/imu/data_raw,9.816513710940836,0.0005105811700318471
29.753684537,/uas1/imu/data,9.816513710940836,0.000308944691366947
29.765424515,/uas1/imu/data_raw,9.8122440565119,0.000586115551844628
29.773678214,/uas1/imu/data,9.8122440565119,0.0004458111668200713
29.785589688,/uas1/imu/data_raw,9.813259861120635,0.0005548519529518817
29.794356665,/uas1/imu/data,9.813259861120635,0.0006348789896340741
29.805490767,/uas1/imu/data_raw,9.813719311757968,0.0004697421537751508
29.81371105,/uas1/imu/data,9.813719311757968,0.0004559618985961133
29.826303216,/uas1/imu/data_raw,9.812602228704243,0.0005238814524100517
29.833607246,/uas1/imu/data,9.812602228704243,0.0005989592213266643
29.845824278,/uas1/imu/data_raw,9.814819828120322,0.000534892929987755
29.853494846,/uas1/imu/data,9.814819828120322,0.00045486304845673484
29.86546329,/uas1/imu/data_raw,9.814854083203771,0.0004185008701238913
29.873854937,/uas1/imu/data,9.814854083203771,0.0004663293655621186
29.885475996,/uas1/imu/data_raw,9.81451547516536,0.0007014486537160253
29.894346639,/uas1/imu/data,9.81451547516536,0.0006753482858906767
29.905856451,/uas1/imu/data_raw,9.812380588325109,0.0004849742082264198
29.914185117,/uas1/imu/data,9.812380588325109,0.00047867180101635477
29.92585357,/uas1/imu/data_raw,9.81357312732342,0.0003502250730008623
29.933607494,/uas1/imu/data,9.81357312732342,0.00046567802359927533
29.945633701,/uas1/imu/data_raw,9.815111695406582,0.00031641586486511357
29.953491606,/uas1/imu/data,9.815111695406582,0.0003670317002663785
29.965231877,/uas1/imu/data_raw,9.815379542822644,0.0006861212033472664
29.973618791,/uas1/imu/data,9.815379542822644,0.0005212897455914897
29.985814892,/uas1/imu/data_raw,9.816044933857642,0.0005534381062258061
29.99562542,/uas1/imu/data,9.816044933857642,0.0005031881908495702
30.005967918,/uas1/imu/data_raw,9.816165286584619,0.0004307926101113874
30.013535513,/uas1/imu/data,9.816165286584619,0.0005039253885441101
30.025985539,/uas1/imu/data_raw,9.816994981971424,0.0004159685010899904
30.033312469,/uas1/imu/data,9.816994981971424,0.00043577875840617266
30.045572404,/uas1/imu/data_raw,9.819529140439657,0.00044725194277710705
30.053420125,/uas1/imu/data,9.819529140439657,0.00044769740078958473
30.065224071,/uas1/imu/data_raw,9.816805494315599,0.0007391743552551536
30.073549775,/uas1/imu/data,9.816805494315599,0.0005186752856222039
30.085598438,/uas1/imu/data_raw,9.820151284637076,0.00020992163441663033
30.094086531,/uas1/imu/data,9.820151284637076,0.00018421352299235856
30.105552029,/uas1/imu/data_raw,9.822126402070843,0.00048776880951851827
30.1135135,/uas1/imu/data,9.822126402070843,0.00044602813341891427
30.125850229,/uas1/imu/data_raw,9.82063734725506,0.0003829405158708111
30.133425868,/uas1/imu/data,9.82063734725506,0.0005318992226670414
30.145786381,/uas1/imu/data_raw,9.820570004325422,0.00026667845666644995
30.153495186,/uas1/imu/data,9.820570004325422,0.00011642450895403878
30.165424445,/uas1/imu/data_raw,9.82366476791778,0.00032515367792303055
30.174053799,/uas1/imu/data,9.82366476791778,0.000346057595416084
30.185492214,/uas1/imu/data_raw,9.822197471070563,0.000366173790396749
30.194478555,/uas1/imu/data,9.822197471070563,0.0003551158607260332
30.205584705,/uas1/imu/data_raw,9.822887227268735,0.0003396145400477367
30.213485221,/uas1/imu/data,9.822887227268735,0.0003073757217879401
30.225622394,/uas1/imu/data_raw,9.82218157727375,0.000523730235903652
30.233873304,/uas1/imu/data,9.82218157727375,0.00031927756372811613
30.245558757,/uas1/imu/data_raw,9.824867362923673,0.0005269959904243086
30.253756288,/uas1/imu/data,9.824867362923673,0.00047540848384222234
30.265379116,/uas1/imu/data_raw,9.82402104011724,0.000559345374651861
30.274052939,/uas1/imu/data,9.82402104011724,0.0005792192733657358
30.285564048,/uas1/imu/data_raw,9.823871784450576,0.0005235207317390866
30.294504845,/uas1/imu/data,9.823871784450576,0.0005727570686198347
30.305610853,/uas1/imu/data_raw,9.823851211652597,0.00026473874926175674
30.313572983,/uas1/imu/data,9.823851211652597,0.00028795289566701957
30.325920443,/uas1/imu/data_raw,9.825213831002365,0.00040203386059842975
30.333787708,/uas1/imu/data,9.825213831002365,0.00040392609003762095
30.345752689,/uas1/imu/data_raw,9.819875805901816,0.00045151193429660697
30.35372597,/uas1/imu/data,9.819875805901816,0.00045057151949516854
30.365321793,/uas1/imu/data_raw,9.823873257356533,0.00033045444210471047
30.373700867,/uas1/imu/data,9.823873257356533,0.00033832275203341504
30.38554491,/uas1/imu/data_raw,9.822521393478722,0.0003248913983080494
30.39469709,/uas1/imu/data,9.822521393478722,0.0002885808993930391
30.405668204,/uas1/imu/data_raw,9.822470681537101,0.0002867241433471257
30.413482549,/uas1/imu/data,9.822470681537101,0.0003828101373767791
30.425535899,/uas1/imu/data_raw,9.821375167410363,0.0003914478922878898
30.43367747,/uas1/imu/data,9.821375167410363,0.0004971012168437214
30.445792642,/uas1/imu/data_raw,9.820493717051558,0.0004574161964407909
30.453716252,/uas1/imu/data,9.820493717051558,0.0005088803619658784
30.465277387,/uas1/imu/data_raw,9.822083202227136,0.0003035289899299717
30.473904416,/uas1/imu/data,9.822083202227136,0.0002833992108748537
30.485485148,/uas1/imu/data_raw,9.822573813395037,0.0004773468238921702
30.494199394,/uas1/imu/data,9.822573813395037,0.0004812324501256105
30.506009891,/uas1/imu/data_raw,9.818492816477699,0.0003382758189027139
30.513751744,/uas1/imu/data,9.818492816477699,0.00037358263772072563
30.526196241,/uas1/imu/data_raw,9.818002068121633,0.0003349034510316087
30.533456833,/uas1/imu/data,9.818002068121633,0.0004159494159349983
30.545847815,/uas1/imu/data_raw,9.820570736166456,0.000275240999019073
30.553976822,/uas1/imu/data,9.820570736166456,0.00042260149070885375
30.565372269,/uas1/imu/data_raw,9.818205988667525,0.0005887627847961661
30.573747096,/uas1/imu/data,9.818205988667525,0.0005044826291748514
30.585375807,/uas1/imu/data_raw,9.817242121814667,0.00066593843742952
30.594380125,/uas1/imu/data,9.817242121814667,0.0006425124247847885
30.605952681,/uas1/imu/data_raw,9.819173892123738,0.00023042410798619989
30.613992304,/uas1/imu/data,9.819173892123738,0.0003727035316592358
30.625770288,/uas1/imu/data_raw,9.820391760777705,0.00044352271661602505
30.633984369,/uas1/imu/data,9.820391760777705,0.00038622000704479953
30.645676762,/uas1/imu/data_raw,9.819025592184518,0.0002718978329573745
30.653526167,/uas1/imu/data,9.819025592184518,0.0004861660768801518
30.665928528,/uas1/imu/data_raw,9.819986426767832,0.0006080758105908978
30.674351429,/uas1/imu/data,9.819986426767832,0.0005448555689122627
30.685677177,/uas1/imu/data_raw,9.817839538975829,0.00029378712334893116
30.69460404,/uas1/imu/data,9.817839538975829,0.0002847132369037563
30.705433426,/uas1/imu/data_raw,9.818899358984853,0.0005009623843671308
30.713897738,/uas1/imu/data,9.818899358984853,0.0003995133270006212
30.726462248,/uas1/imu/data_raw,9.81723414394669,0.0003249144633017315
30.733670008,/uas1/imu/data,9.81723414394669,0.00046546190448398166
30.745633511,/uas1/imu/data_raw,9.818225727141515,0.0005049946481311165
30.75362167,/uas1/imu/data,9.818225727141515,0.0003695609704217169
30.765349256,/uas1/imu/data_raw,9.82118930297757,0.0005805159964439952
30.773355567,/uas1/imu/data,9.82118930297757,0.0004807757624866032
30.785531554,/uas1/imu/data_raw,9.820917641174832,0.0004586413725985295
30.794399077,/uas1/imu/data,9.820917641174832,0.0004933403249516802
30.805655228,/uas1/imu/data_raw,9.817248756598147,0.0004716970285203693
30.814243122,/uas1/imu/data,9.817248756598147,0.0004933601269310711
30.82605587,/uas1/imu/data_raw,9.815995597363155,0.0005132158303150315
30.833949432,/uas1/imu/data,9.815995597363155,0.0004713887095549381
30.845826302,/uas1/imu/data_raw,9.81966924183618,0.0004444099038218059
30.853783643,/uas1/imu/data,9.81966924183618,0.00034391933559825127
30.86550585,/uas1/imu/data_raw,9.819516209085187,0.00011095402230642455
30.873850579,/uas1/imu/data,9.819516209085187,0.00025589780320986943
30.885504114,/uas1/imu/data_raw,9.81903035728039,0.0004419084356551482
30.894072717,/uas1/imu/data,9.81903035728039,0.0003801627045140289
30.905724382,/uas1/imu/data_raw,9.818371215826488,0.0003218662489024538
30.914437188,/uas1/imu/data,9.818371215826488,0.000368269342047393
30.925778631,/uas1/imu/data_raw,9.82046589242977,0.00029284784188564393
30.934126558,/uas1/imu/data,9.82046589242977,0.0003579277359220872
30.945544421,/uas1/imu/data_raw,9.820144330299033,0.0006056064168849243
30.953944765,/uas1/imu/data,9.820144330299033,0.0004014094533002305
30.965869652,/uas1/imu/data_raw,9.818419287498966,0.00035783932996361604
30.973889565,/uas1/imu/data,9.818419287498966,0.0005174220904363869
30.985610582,/uas1/imu/data_raw,9.819156187530659,0.00046327201104016323
30.99377567,/uas1/imu/data,9.819156187530659,0.0004641521410853587
31.005820445,/uas1/imu/data_raw,9.818933904994253,0.0004494593482259748
31.013392312,/uas1/imu/data,9.818933904994253,0.0002887229452222876
31.02579215,/uas1/imu/data_raw,9.823585606871985,0.0003654637278141523
31.033470834,/uas1/imu/data,9.823585606871985,0.00040432845018588274
31.045645206,/uas1/imu/data_raw,9.822474917957159,0.0003009787837286169
31.0534709,/uas1/imu/data,9.822474917957159,0.0003665634908884762
31.065357894,/uas1/imu/data_raw,9.821740294300769,0.00047439277257917925
31.073664223,/uas1/imu/data,9.821740294300769,0.0005698586595998871
31.085543102,/uas1/imu/data_raw,9.826603648224932,0.0004027618655683346
31.095361822,/uas1/imu/data,9.826603648224932,0.0004055820576026407
31.106143904,/uas1/imu/data_raw,9.822334254007034,0.00048653325650070445
31.114151665,/uas1/imu/data,9.822334254007034,0.00034570062140015345
31.126331371,/uas1/imu/data_raw,9.822291263977442,0.0005151214420549677
31.13397416,/uas1/imu/data,9.822291263977442,0.0004343723929638288
31.145409321,/uas1/imu/data_raw,9.822643803988885,0.0006643529693772603
31.153628754,/uas1/imu/data,9.822643803988885,0.000559934816503308
31.16563117,/uas1/imu/data_raw,9.822629804638153,0.00044352237146854745
31.173712419,/uas1/imu/data,9.822629804638153,0.000475041497295575
31.185628386,/uas1/imu/data_raw,9.820974063683018,0.00041470759342471616
31.194999812,/uas1/imu/data,9.820974063683018,0.0004591500523514451
31.2057089,/uas1/imu/data_raw,9.822668166246196,0.0003557429879539862
31.214223572,/uas1/imu/data,9.822668166246196,0.0003837499816357247
31.225853513,/uas1/imu/data_raw,9.82429632539771,0.0003249733239285555
31.233412409,/uas1/imu/data,9.82429632539771,0.0002619563535063909
31.245431229,/uas1/imu/data_raw,9.821935396892355,0.00038414224072191237
31.253691393,/uas1/imu/data,9.821935396892355,0.0004030367380077277
31.265339338,/uas1/imu/data_raw,9.823079472508685,0.0002596853544172355
31.274003915,/uas1/imu/data,9.823079472508685,0.0004251990077873534
31.285482192,/uas1/imu/data_raw,9.820666584658415,0.0003482168871013397
31.294330954,/uas1/imu/data,9.820666584658415,0.00032596497649006387
31.30575474,/uas1/imu/data_raw,9.825085223662265,0.00044559530339166516
31.313861222,/uas1/imu/data,9.825085223662265,0.0004165979277949566
31.325747988,/uas1/imu/data_raw,9.82184121793333,0.0004280582423638207
31.333335906,/uas1/imu/data,9.82184121793333,0.00045189362788063006
31.345587802,/uas1/imu/data_raw,9.819928658324493,0.0003857539708390001
31.353401605,/uas1/imu/data,9.819928658324493,0.00040673325147343604
31.365168497,/uas1/imu/data_raw,9.819245137858987,0.0003355911739687208
31.373876322,/uas1/imu/data,9.819245137858987,0.0002601958099717601
31.385612134,/uas1/imu/data_raw,9.818094303034753,0.00025892807931168614
31.394261884,/uas1/imu/data,9.818094303034753,0.0004393140917147076
31.405317078,/uas1/imu/data_raw,9.818094586084959,0.00034348470415219913
31.41363897,/uas1/imu/data,9.818094586084959,0.00045242946533945367
31.425827918,/uas1/imu/data_raw,9.819922732367562,0.0005046339451079246
31.433510742,/uas1/imu/data,9.819922732367562,0.00044886509599280095
31.445389597,/uas1/imu/data_raw,9.820292569394656,0.00048646838257998044
31.453831006,/uas1/imu/data,9.820292569394656,0.0002343765363789421
31.465574079,/uas1/imu/data_raw,9.821445726224944,0.0005072801599742141
31.473668795,/uas1/imu/data,9.821445726224944,0.0004936135880676665
31.485452249,/uas1/imu/data_raw,9.818650147847102,0.0004892816028900467
31.49371548,/uas1/imu/data,9.818650147847102,0.0004562455498785737
31.505269683,/uas1/imu/data_raw,9.820769133236404,0.0005333118358950069
31.513644767,/uas1/imu/data,9.820769133236404,0.0004038829419782387
31.526043559,/uas1/imu/data_raw,9.816374793903162,0.0004527942723599563
31.533452097,/uas1/imu/data,9.816374793903162,0.0004353143225347245
31.545561552,/uas1/imu/data_raw,9.817838540688761,0.0001641083248705593
31.554103793,/uas1/imu/data,9.817838540688761,0.00030680868027621285
31.565343655,/uas1/imu/data_raw,9.818974678419409,0.00032932444712467326
31.573884741,/uas1/imu/data,9.818974678419409,0.00040618539197932675
31.585456884,/uas1/imu/data_raw,9.819247836715968,0.00029129698922803507
31.594388682,/uas1/imu/data,9.819247836715968,0.0002391368813215626
31.605410629,/uas1/imu/data_raw,9.818939780004351,0.00037399873936892097
31.613623905,/uas1/imu/data,9.818939780004351,0.0004888231532651902
31.625849686,/uas1/imu/data_raw,9.820318219575752,0.00042213191582977575
31.633871985,/uas1/imu/data,9.820318219575752,0.0004908676076081758
31.645721856,/uas1/imu/data_raw,9.819839212270402,0.0003533623883966523
31.653701694,/uas1/imu/data,9.819839212270402,0.0004853945858667371
31.665456826,/uas1/imu/data_raw,9.81651671425942,0.000505460575044096
31.673805054,/uas1/imu/data,9.81651671425942,0.0005114088323425362
31.685464656,/uas1/imu/data_raw,9.812888389034962,0.0004693128714607794
31.694499291,/uas1/imu/data,9.812888389034962,0.0004525554261181344
31.70582497,/uas1/imu/data_raw,9.81403611281815,0.0005172772821385254
31.713832374,/uas1/imu/data,9.81403611281815,0.00037877248582009264
31.726046602,/uas1/imu/data_raw,9.81448102271444,0.0004226465658995921
31.733423494,/uas1/imu/data,9.81448102271444,0.0005231628782453163
31.745595052,/uas1/imu/data_raw,9.814109034563648,0.0005296324127025898
31.753787282,/uas1/imu/data,9.814109034563648,0.0004759936696625854
31.765371383,/uas1/imu/data_raw,9.816101679201836,0.0003928225519812105
31.774197839,/uas1/imu/data,9.816101679201836,0.0003763421710540364
31.785239072,/uas1/imu/data_raw,9.815525456859609,0.0003125323787508951
31.79427175,/uas1/imu/data,9.815525456859609,0.00044085746360894427
31.805793669,/uas1/imu/data_raw,9.816780108934125,0.0005563334138725811
31.813562117,/uas1/imu/data,9.816780108934125,0.0005267327665303632
31.825677394,/uas1/imu/data_raw,9.81549124363825,0.0005159558319204984
31.83352266,/uas1/imu/data,9.81549124363825,0.0005346909378658516
31.845070446,/uas1/imu/data_raw,9.817438856564412,0.0004405473480105133
31.853013682,/uas1/imu/data,9.817438856564412,0.0004687004467973766
31.864951236,/uas1/imu/data_raw,9.81821468419233,0.0004985450519394847
31.873246131,/uas1/imu/data,9.81821468419233,0.0004798006102991351
31.885514866,/uas1/imu/data_raw,9.820634183991576,0.0006431129861856627
31.894026911,/uas1/imu/data,9.820634183991576,0.0004823517525219005
31.905496584,/uas1/imu/data_raw,9.819616028519604,0.00036569519877592777
31.913516669,/uas1/imu/data,9.819616028519604,0.00035027123833138754
31.92602388,/uas1/imu/data_raw,9.82053577990243,0.0004283836644525297
31.93325754,/uas1/imu/data,9.82053577990243,0.0005303523517332008
31.94542788,/uas1/imu/data_raw,9.820820924491002,0.0007016653477054312
31.953389982,/uas1/imu/data,9.820820924491002,0.0004907228650939577
31.965424089,/uas1/imu/data_raw,9.819478049381024,0.0002753815064257227
31.973731465,/uas1/imu/data,9.819478049381024,0.00037577978218581153
31.985417216,/uas1/imu/data_raw,9.817227126132282,0.00032221864489436315
31.994145214,/uas1/imu/data,9.817227126132282,0.0003067404879634556
32.005660167,/uas1/imu/data_raw,9.816707462781471,0.0004312906949915778
32.013727448,/uas1/imu/data,9.816707462781471,0.0004968464472830429
32.02567373,/uas1/imu/data_raw,9.820511816189084,0.0004853649107567264
32.033469516,/uas1/imu/data,9.820511816189084,0.0003755005919453188
32.045575731,/uas1/imu/data_raw,9.818367118444177,0.00036880699461088617
32.05352912,/uas1/imu/data,9.818367118444177,0.0004598930136258648
32.065610846,/uas1/imu/data_raw,9.818562730934564,0.0005160004798618992
32.073948503,/uas1/imu/data,9.818562730934564,0.0005149493156056848
32.085416467,/uas1/imu/data_raw,9.817822389949365,0.00038937007737919365
32.09466316,/uas1/imu/data,9.817822389949365,0.000420547171392734
32.105669962,/uas1/imu/data_raw,9.816947148350904,0.00037954397322359187
32.113951719,/uas1/imu/data,9.816947148350904,0.00041025273402645344
32.125967784,/uas1/imu/data_raw,9.81493321453901,0.0001716402473892687
32.133610032,/uas1/imu/data,9.81493321453901,0.00019542489323437135
32.14548532,/uas1/imu/data_raw,9.816824893123716,0.0005670665438160028
32.153358767,/uas1/imu/data,9.816824893123716,0.000598828966088908
32.165152565,/uas1/imu/data_raw,9.816551330012143,0.0005580910989526339
32.173805719,/uas1/imu/data,9.816551330012143,0.00047295027445263204
32.185481203,/uas1/imu/data_raw,9.816109088450297,0.0005000373655099749
32.194332441,/uas1/imu/data,9.816109088450297,0.0005371435117326139
32.205295328,/uas1/imu/data_raw,9.816830771573288,0.0005304615810267907
32.213542847,/uas1/imu/data,9.816830771573288,0.0005451868144327762
32.22639187,/uas1/imu/data_raw,9.813586384024253,0.00048228279207378157
32.233659028,/uas1/imu/data,9.813586384024253,0.0005360636548165529
32.245742217,/uas1/imu/data_raw,9.815332451067443,0.00043187548899045335
32.253386795,/uas1/imu/data,9.815332451067443,0.00031751846610269147
32.265183168,/uas1/imu/data_raw,9.814581767849015,0.0006827990551920057
32.274040773,/uas1/imu/data,9.814581767849015,0.0004487675271492231
32.285583803,/uas1/imu/data_raw,9.816462463426632,0.0002860041085944356
32.294331848,/uas1/imu/data,9.816462463426632,0.0002810513113903813
32.306075286,/uas1/imu/data_raw,9.81530464947031,0.0005106856201727067
32.313777688,/uas1/imu/data,9.81530464947031,0.0005707475015534127
32.326068987,/uas1/imu/data_raw,9.813455884313896,0.0005590243633331306
32.333927187,/uas1/imu/data,9.813455884313896,0.0005281495089222639
32.34561953,/uas1/imu/data_raw,9.813146625841048,0.0007645248782525559
32.353808437,/uas1/imu/data,9.813146625841048,0.000537440155629477
32.365472754,/uas1/imu/data_raw,9.814043235591935,0.0006696901013114609
32.373743014,/uas1/imu/data,9.814043235591935,0.0006007050275306357
32.385378579,/uas1/imu/data_raw,9.813290546990533,0.0006001888550452077
32.39436001,/uas1/imu/data,9.813290546990533,0.0005726162401890164
32.405529423,/uas1/imu/data_raw,9.812327383494518,0.0004949198970883818
32.413957843,/uas1/imu/data,9.812327383494518,0.0004492869579715901
32.426738364,/uas1/imu/data_raw,9.815673481337303,0.0006327646696083484
32.435967092,/uas1/imu/data,9.815673481337303,0.00052588489462805
32.445484512,/uas1/imu/data_raw,9.813159077232513,0.0004473654252086221
32.453552708,/uas1/imu/data,9.813159077232513,0.00045306467988538626
32.465143503,/uas1/imu/data_raw,9.81531013585392,0.0003821553938983324
32.473211976,/uas1/imu/data,9.81531013585392,0.00042739249837403173
32.485726795,/uas1/imu/data_raw,9.81251797522305,0.0006105166358967657
32.494650203,/uas1/imu/data,9.81251797522305,0.0005668993190667907
32.50562535,/uas1/imu/data_raw,9.8142207336251,0.00018417977897845227
32.513806177,/uas1/imu/data,9.8142207336251,0.0003326862083383233
32.526668135,/uas1/imu/data_raw,9.81320781446611,0.0004799648144852861
32.534292046,/uas1/imu/data,9.81320781446611,0.0004042470836506206
32.545206917,/uas1/imu/data_raw,9.813000738883524,0.0005293432577009684
32.553796363,/uas1/imu/data,9.813000738883524,0.0005868643878394658
32.565503837,/uas1/imu/data_raw,9.81143979589977,0.00029934150013176397
32.57368597,/uas1/imu/data,9.81143979589977,0.00040315563078048827
32.585603893,/uas1/imu/data_raw,9.814568681444966,0.0005165205686329415
32.59437637,/uas1/imu/data,9.814568681444966,0.0006503518131700719
32.60548308,/uas1/imu/data_raw,9.81765921377462,0.0005671519178659866
32.613691577,/uas1/imu/data,9.81765921377462,0.0005061630776797673
32.62552845,/uas1/imu/data_raw,9.81545410984365,0.000394566076902146
32.633741011,/uas1/imu/data,9.81545410984365,0.0003960946925624569
32.645534101,/uas1/imu/data_raw,9.814704122509118,0.0003081576012457555
32.653376735,/uas1/imu/data,9.814704122509118,0.000555159452041948
32.665271348,/uas1/imu/data_raw,9.817241583041108,0.0005470116235188573
32.673779386,/uas1/imu/data,9.817241583041108,0.0006396094071310981
32.68556231,/uas1/imu/data_raw,9.815815844144797,0.00023527791686735137
32.694395952,/uas1/imu/data,9.815815844144797,0.00026197873970987783
32.705529774,/uas1/imu/data_raw,9.820957875528169,0.00039854645982474697
32.713714435,/uas1/imu/data,9.820957875528169,0.00041850268135763287
32.72658368,/uas1/imu/data_raw,9.820993515569514,0.000559455738122638
32.733403567,/uas1/imu/data,9.820993515569514,0.00040971175300286985
32.745786343,/uas1/imu/data_raw,9.820986290237384,0.0005339078877076109
32.754022068,/uas1/imu/data,9.820986290237384,0.0005473014399821758
32.765391985,/uas1/imu/data_raw,9.819439610536973,0.0005079678906675907
32.774062511,/uas1/imu/data,9.819439610536973,0.0005846249462997004
32.78563091,/uas1/imu/data_raw,9.82109454259086,0.0006049369215159213
32.79438961,/uas1/imu/data,9.82109454259086,0.0006628511642065947
32.805841956,/uas1/imu/data_raw,9.820452446567167,0.0004871549624461301
32.813395971,/uas1/imu/data,9.820452446567167,0.0005209132465522916
32.825851072,/uas1/imu/data_raw,9.819512092886525,0.00033061773607660967
32.834052406,/uas1/imu/data,9.819512092886525,0.0005200041866717617
32.845732693,/uas1/imu/data_raw,9.820979904383758,0.0004475374147166539
32.853751891,/uas1/imu/data,9.820979904383758,0.00037545155759070945
32.865321862,/uas1/imu/data_raw,9.822218880113258,0.00046964229735086435
32.87370681,/uas1/imu/data,9.822218880113258,0.0005184036009433566
32.885598481,/uas1/imu/data_raw,9.822481579436005,0.0005630714930027408
32.894408722,/uas1/imu/data,9.822481579436005,0.0004354661890010033
32.906082845,/uas1/imu/data_raw,9.822846851238147,0.0005783633783027318
32.914043109,/uas1/imu/data,9.822846851238147,0.00040156431202084696
32.925501357,/uas1/imu/data_raw,9.824828494266951,0.0005831335115912613
32.933187201,/uas1/imu/data,9.824828494266951,0.00040466095146143464
32.945380472,/uas1/imu/data_raw,9.822933447007102,0.000663368926089231
32.953867358,/uas1/imu/data,9.822933447007102,0.0005079132288639761
32.965416825,/uas1/imu/data_raw,9.82472918118757,0.00045014913773245007
32.973899974,/uas1/imu/data,9.82472918118757,0.0005914623724266429
32.985783634,/uas1/imu/data_raw,9.825331806174674,0.00031250141064125854
32.994000952,/uas1/imu/data,9.825331806174674,0.00030568336352767325
33.005396158,/uas1/imu/data_raw,9.825441952403905,0.0005353768549345133
33.014024906,/uas1/imu/data,9.825441952403905,0.00042237638271747
33.025564386,/uas1/imu/data_raw,9.828121920340294,0.00029090591216216703
33.033577412,/uas1/imu/data,9.828121920340294,0.0005287797665342385
33.045654293,/uas1/imu/data_raw,9.826770126849388,0.0005317110424874891
33.053514688,/uas1/imu/data,9.826770126849388,0.0005628939374586746
33.065190749,/uas1/imu/data_raw,9.826421349619398,0.0003459696844270326
33.074135653,/uas1/imu/data,9.826421349619398,0.00035442831091463557
33.085564066,/uas1/imu/data_raw,9.82331724257353,0.0006004635482890011
33.094074841,/uas1/imu/data,9.82331724257353,0.0005090397610657864
33.105184106,/uas1/imu/data_raw,9.825704026073765,0.0004624205495398308
33.112994629,/uas1/imu/data,9.825704026073765,0.0006052783084693446
33.12492869,/uas1/imu/data_raw,9.822819744341434,0.0003449389415745724
33.132988799,/uas1/imu/data,9.822819744341434,0.0004284837324114511
33.145074718,/uas1/imu/data_raw,9.820830305432718,0.0003617397127427637
33.15384798,/uas1/imu/data,9.820830305432718,0.0003152189756698525
33.165321539,/uas1/imu/data_raw,9.82314952096259,0.00051308261385104
33.173896174,/uas1/imu/data,9.82314952096259,0.0004683713286195238
33.185398997,/uas1/imu/data_raw,9.821766396929918,0.00034254805841319553
33.194225592,/uas1/imu/data,9.821766396929918,0.00034031931847232876
33.205487948,/uas1/imu/data_raw,9.824550926632796,0.0005502826450193496
33.213727476,/uas1/imu/data,9.824550926632796,0.0006928516664268647
33.22557646,/uas1/imu/data_raw,9.824457886959925,9.676209359893862e-05
33.233668725,/uas1/imu/data,9.824457886959925,0.00022813713156786346
33.245497474,/uas1/imu/data_raw,9.82507516932701,0.0004937675446378894
33.25375225,/uas1/imu/data,9.82507516932701,0.0005601120223644674
33.26541629,/uas1/imu/data_raw,9.826662733813873,0.00036267966473327274
33.273772532,/uas1/imu/data,9.826662733813873,0.0005421236327716503
33.285429136,/uas1/imu/data_raw,9.827333904215289,0.00032739185918828043
33.294330864,/uas1/imu/data,9.827333904215289,0.00035324240327330156
33.305639213,/uas1/imu/data_raw,9.825479193154527,0.0005839799232279982
33.313748572,/uas1/imu/data,9.825479193154527,0.0005900335665531407
33.325624683,/uas1/imu/data_raw,9.825380353872035,0.00044814608204006486
33.334059594,/uas1/imu/data,9.825380353872035,0.00037464246027928133
33.345616432,/uas1/imu/data_raw,9.82172504018348,0.0005103931834710938
33.353573903,/uas1/imu/data,9.82172504018348,0.0005491605351136756
33.365281168,/uas1/imu/data_raw,9.824018878459437,0.0006200289319744541
33.373956738,/uas1/imu/data,9.824018878459437,0.0005546247399886451
33.385696535,/uas1/imu/data_raw,9.819241307088724,0.0003569141592950333
33.39462584,/uas1/imu/data,9.819241307088724,0.0003103902016803537
33.405405977,/uas1/imu/data_raw,9.82288479258313,0.0004095508083558047
33.413863844,/uas1/imu/data,9.82288479258313,0.0004391630528400016
33.425988829,/uas1/imu/data_raw,9.821479429500378,0.00042160794623659776
33.434117444,/uas1/imu/data,9.821479429500378,0.0005662297311009628
33.44566608,/uas1/imu/data_raw,9.82122764974807,0.0005281439153676828
33.453684371,/uas1/imu/data,9.82122764974807,0.0005945949254926676
33.465559601,/uas1/imu/data_raw,9.81874780915617,0.0005179626208254207
33.473823194,/uas1/imu/data,9.81874780915617,0.0004358045093848772
33.485568818,/uas1/imu/data_raw,9.818141072196166,0.0005040824145705454
33.494554658,/uas1/imu/data,9.818141072196166,0.0004059000307074315
33.505577922,/uas1/imu/data_raw,9.816827759078828,0.0003488895469979941
33.513899751,/uas1/imu/data,9.816827759078828,0.000351879620909692
33.52580856,/uas1/imu/data_raw,9.81387085775145,0.0006036340309550185
33.533384798,/uas1/imu/data,9.81387085775145,0.0004265147951452726
33.545867677,/uas1/imu/data_raw,9.818783111214534,0.0005386694090363503
33.554369794,/uas1/imu/data,9.818783111214534,0.0004486404062461194
33.56604425,/uas1/imu/data_raw,9.817545314707694,0.00044600612166911715
33.573825463,/uas1/imu/data,9.817545314707694,0.0003850476978525341
33.585536433,/uas1/imu/data_raw,9.819211484115716,0.0004103443551179204
33.593984821,/uas1/imu/data,9.819211484115716,0.0004941260216263456
33.605783285,/uas1/imu/data_raw,9.817186024620902,0.0005685692524623325
33.614030577,/uas1/imu/data,9.817186024620902,0.0004982062864412838
33.625748325,/uas1/imu/data_raw,9.81868330734687,0.00039609953495682213
33.633675418,/uas1/imu/data,9.81868330734687,0.0004712083908275491
33.645793617,/uas1/imu/data_raw,9.815718927942099,0.0002483445454293774
33.65340341,/uas1/imu/data,9.815718927942099,0.00040318293691443967
33.665323422,/uas1/imu/data_raw,9.814430607180675,0.00048126059309653565
33.673604984,/uas1/imu/data,9.814430607180675,0.0003895977057989584
33.685499043,/uas1/imu/data_raw,9.818091462646109,0.0005397644682727867
33.694436854,/uas1/imu/data,9.818091462646109,0.0005830298794583042
33.705476815,/uas1/imu/data_raw,9.817930292945602,0.00037782623108145096
33.713728659,/uas1/imu/data,9.817930292945602,0.0003649964836727708
33.726564479,/uas1/imu/data_raw,9.81637647733964,0.0003117737091376617
33.733414774,/uas1/imu/data,9.81637647733964,0.00021891384837897086
33.745826672,/uas1/imu/data_raw,9.814356610599367,0.0005030058933543134
33.753673049,/uas1/imu/data,9.814356610599367,0.000413543251765696
33.765311101,/uas1/imu/data_raw,9.813707159946851,0.00032700036004343347
33.77338719,/uas1/imu/data,9.813707159946851,0.00029287377918293267
33.785335808,/uas1/imu/data_raw,9.815660855077171,0.000566104971198458
33.794509992,/uas1/imu/data,9.815660855077171,0.0005029609492182535
33.805824459,/uas1/imu/data_raw,9.816807786577746,0.00035128751353689106
33.813502509,/uas1/imu/data,9.816807786577746,0.0004084335963212176
33.826716583,/uas1/imu/data_raw,9.818048715316616,0.0005712753404574252
33.833941347,/uas1/imu/data,9.818048715316616,0.0006702102533472645
33.846062358,/uas1/imu/data_raw,9.818516329690365,0.00040483193505720335
33.854427166,/uas1/imu/data,9.818516329690365,0.000373546718002639
33.865250645,/uas1/imu/data_raw,9.817608257024375,0.00044514627195500376
33.872993957,/uas1/imu/data,9.817608257024375,0.0004227231166550484
33.885361493,/uas1/imu/data_raw,9.81836199923259,0.0005390821469273737
33.894043974,/uas1/imu/data,9.81836199923259,0.00045698440828043156
33.905473407,/uas1/imu/data_raw,9.81729007271347,0.0006113820043881608
33.913380239,/uas1/imu/data,9.81729007271347,0.0006480379384299127
33.92505574,/uas1/imu/data_raw,9.817170992611095,0.0004546986297837119
33.933102046,/uas1/imu/data,9.817170992611095,0.0006253791196504942
33.945213092,/uas1/imu/data_raw,9.81818070501514,0.0003750431049791037
33.953273135,/uas1/imu/data,9.81818070501514,0.0003498192628697877
33.965277771,/uas1/imu/data_raw,9.819997653071066,0.00042948398576343267
33.973655472,/uas1/imu/data,9.819997653071066,0.0004510612408350289
33.985789674,/uas1/imu/data_raw,9.819592988307242,0.000484338824927161
33.99440325,/uas1/imu/data,9.819592988307242,0.000505679042172161
34.005476158,/uas1/imu/data_raw,9.817219047636598,0.0005300799736248224
34.013512271,/uas1/imu/data,9.817219047636598,0.00035698202277050417
34.025866148,/uas1/imu/data_raw,9.81920750039371,0.00030899380262583133
34.03376159,/uas1/imu/data,9.81920750039371,0.0004652062379471798
34.046137664,/uas1/imu/data_raw,9.817068006052889,0.000536672124495692
34.054829379,/uas1/imu/data,9.817068006052889,0.0005331499043815244
34.065122819,/uas1/imu/data_raw,9.816011343445398,0.0004852144440867848
34.073368878,/uas1/imu/data,9.816011343445398,0.0004710871619781804
34.085541361,/uas1/imu/data_raw,9.814828332779486,0.000375917136333893
34.094519285,/uas1/imu/data,9.814828332779486,0.00023147468830248715
34.105993602,/uas1/imu/data_raw,9.817184749843,0.00042984586419525994
34.113868469,/uas1/imu/data,9.817184749843,0.0003371041455305876
34.126008944,/uas1/imu/data_raw,9.816509018447091,0.00046779927830461
34.133490829,/uas1/imu/data,9.816509018447091,0.0003446719302749837
34.145600679,/uas1/imu/data_raw,9.816204610193314,0.00037826832811399915
34.153723758,/uas1/imu/data,9.816204610193314,0.00039929582288444524
34.165476434,/uas1/imu/data_raw,9.815003221515164,0.00045825728124927815
34.173622015,/uas1/imu/data,9.815003221515164,0.0004603686348730993
34.185410423,/uas1/imu/data_raw,9.817276973173726,0.0005672835007994307
34.193794351,/uas1/imu/data,9.817276973173726,0.0004365413301661182
34.205556206,/uas1/imu/data_raw,9.818019654149628,0.0002091681439507841
34.213694279,/uas1/imu/data,9.818019654149628,0.0004070712992131055
34.225754332,/uas1/imu/data_raw,9.818105781725063,0.0005312488733943965
34.233545572,/uas1/imu/data,9.818105781725063,0.00047768010096463647
34.245527778,/uas1/imu/data_raw,9.8185681673208,0.0003275589690518917
34.253674839,/uas1/imu/data,9.8185681673208,0.00021011978198705815
34.265404898,/uas1/imu/data_raw,9.817377566548926,0.0006027604598279021
34.273460246,/uas1/imu/data,9.817377566548926,0.0003903360287167377
34.285418522,/uas1/imu/data_raw,9.817242599873673,0.00043692145205949173
34.294331026,/uas1/imu/data,9.817242599873673,0.0004527649913841181
34.305658589,/uas1/imu/data_raw,9.815303135852306,0.0004487722132714833
34.313658876,/uas1/imu/data,9.815303135852306,0.0005651169792664656
34.325605479,/uas1/imu/data_raw,9.815209246924354,0.0007319987895229716
34.333649314,/uas1/imu/data,9.815209246924354,0.00043715626077317883
34.345511383,/uas1/imu/data_raw,9.816468954146178,0.0003268571011019598
34.353650053,/uas1/imu/data,9.816468954146178,0.00031791731590393287
34.365247807,/uas1/imu/data_raw,9.815986061142267,0.0005074754865952502
34.373505326,/uas1/imu/data,9.815986061142267,0.000388596045913895
34.38565492,/uas1/imu/data_raw,9.81667092214684,0.0005017723148201733
34.394570849,/uas1/imu/data,9.81667092214684,0.0003974178614048437
34.405367565,/uas1/imu/data_raw,9.817154252600341,0.0004989728390789409
34.413949376,/uas1/imu/data,9.817154252600341,0.0004641097202805748
34.425953743,/uas1/imu/data_raw,9.81603803550318,0.0005011439069824596
34.433571243,/uas1/imu/data,9.81603803550318,0.0005280463736684515
34.446231586,/uas1/imu/data_raw,9.815233281283039,0.00047165682760655895
34.453842817,/uas1/imu/data,9.815233281283039,0.0003452024518064879
34.465409269,/uas1/imu/data_raw,9.817308694545721,0.000540579015097751
34.473581057,/uas1/imu/data,9.817308694545721,0.0004421358417267552
34.485431502,/uas1/imu/data_raw,9.817793098354633,0.000345726686267535
34.493959694,/uas1/imu/data,9.817793098354633,0.00037253745552287044
34.505598013,/uas1/imu/data_raw,9.814466057108117,0.0005488898751347372
34.513791384,/uas1/imu/data,9.814466057108117,0.0004904257597258592
34.525792703,/uas1/imu/data_raw,9.818765355057366,0.00048299349772605116
34.534115015,/uas1/imu/data,9.818765355057366,0.0005223613711913027
34.545315705,/uas1/imu/data_raw,9.817361472727313,0.0003499583340304504
34.55398617,/uas1/imu/data,9.817361472727313,0.0003461701907699063
34.565500982,/uas1/imu/data_raw,9.819957148222016,0.0006123763391175343
34.573832739,/uas1/imu/data,9.819957148222016,0.0005268615893240836
34.585530851,/uas1/imu/data_raw,9.816787625481778,0.000424411266989884
34.593720444,/uas1/imu/data,9.816787625481778,0.0005437191182883604
34.605560372,/uas1/imu/data_raw,9.821031215631171,0.00044595158509302735
34.613736616,/uas1/imu/data,9.821031215631171,0.0003627977688731876
34.625733857,/uas1/imu/data_raw,9.816585571307577,0.00034079988542516193
34.633808557,/uas1/imu/data,9.816585571307577,0.00029751849317231487
34.645630047,/uas1/imu/data_raw,9.81785187590354,0.000548354633837901
34.653608532,/uas1/imu/data,9.81785187590354,0.0004586789261661195
34.665529764,/uas1/imu/data_raw,9.818045797988038,0.0005157467939435696
34.673936786,/uas1/imu/data,9.818045797988038,0.00046307307932951403
34.68570489,/uas1/imu/data_raw,9.815615676474254,0.0007206853837695042
34.694621839,/uas1/imu/data,9.815615676474254,0.0005280739201520074
34.705986449,/uas1/imu/data_raw,9.815940637493785,0.0004528158174658522
34.713920635,/uas1/imu/data,9.815940637493785,0.0005071777066215834
34.726566839,/uas1/imu/data_raw,9.81330779202145,0.00044647053481531223
34.733533786,/uas1/imu/data,9.81330779202145,0.00042832181258219127
34.745874814,/uas1/imu/data_raw,9.813088793964443,0.0005401923541029996
34.753824261,/uas1/imu/data,9.813088793964443,0.0004378537898404368
34.765640527,/uas1/imu/data_raw,9.812647867364817,0.0003873997762448408
34.774091718,/uas1/imu/data,9.812647867364817,0.0003603702049951392
34.785620967,/uas1/imu/data_raw,9.81470954081475,0.0003073030795424263
34.794326113,/uas1/imu/data,9.81470954081475,0.00026446083420032595
34.805485434,/uas1/imu/data_raw,9.817579462032258,0.0004997202905117096
34.813419085,/uas1/imu/data,9.817579462032258,0.00046592467326450474
34.825646107,/uas1/imu/data_raw,9.81569260786138,0.0005246478106745054
34.833688407,/uas1/imu/data,9.81569260786138,0.0003993910135019613
34.845685994,/uas1/imu/data_raw,9.81872035303399,0.0005497839677398344
34.853321572,/uas1/imu/data,9.81872035303399,0.0006201284034729501
34.865518291,/uas1/imu/data_raw,9.814751478978677,0.000375872293454457
34.874294203,/uas1/imu/data,9.814751478978677,0.0003787496601271497
34.885514799,/uas1/imu/data_raw,9.817825123008918,0.0006143156401668085
34.894461473,/uas1/imu/data,9.817825123008918,0.000575886432643463
34.905840149,/uas1/imu/data_raw,9.81559444280889,0.00037732804575859723
34.913663365,/uas1/imu/data,9.81559444280889,0.00030310076923648126
34.925754101,/uas1/imu/data_raw,9.818994985843812,0.00017975485139596
34.933627409,/uas1/imu/data,9.818994985843812,0.00031335443403748836
34.945891715,/uas1/imu/data_raw,9.819494398583318,0.0003876259332313075
34.953728595,/uas1/imu/data,9.819494398583318,0.000452920737743684
34.965539462,/uas1/imu/data_raw,9.823190872036404,0.0004736690633302825
34.973985635,/uas1/imu/data,9.823190872036404,0.00039179670618058544
34.985286549,/uas1/imu/data_raw,9.819860249560003,0.0002548074018099723
34.994303944,/uas1/imu/data,9.819860249560003,0.0002929840152543213
35.005899826,/uas1/imu/data_raw,9.821515951184935,0.00045964120620977186
35.014431491,/uas1/imu/data,9.821515951184935,0.0004245860913272098
35.025574138,/uas1/imu/data_raw,9.822474875607345,0.00019171695636994475
35.033645124,/uas1/imu/data,9.822474875607345,0.0002735568011899334
35.045693367,/uas1/imu/data_raw,9.823981812614848,0.00040126631844981394
35.053993119,/uas1/imu/data,9.823981812614848,0.0003774932938417079
35.065358554,/uas1/imu/data_raw,9.825990369022612,0.0005747662799361459
35.073868966,/uas1/imu/data,9.825990369022612,0.0004021299805850501
35.085642393,/uas1/imu/data_raw,9.823422965413974,0.0005912232304664853
35.094931301,/uas1/imu/data,9.823422965413974,0.0006120410221058692
35.105572817,/uas1/imu/data_raw,9.822100118315788,0.0006386514510677586
35.113938608,/uas1/imu/data,9.822100118315788,0.000566188026939235
35.126307848,/uas1/imu/data_raw,9.823218804322648,0.0004113210886732961
35.133738139,/uas1/imu/data,9.823218804322648,0.0005169896260036226
35.145690233,/uas1/imu/data_raw,9.824789041411718,0.0007536093629333918
35.153705965,/uas1/imu/data,9.824789041411718,0.0005042894553721419
35.165833369,/uas1/imu/data_raw,9.821749429816899,0.0004388796474402836
35.173669792,/uas1/imu/data,9.821749429816899,0.000399062350941263
35.185481017,/uas1/imu/data_raw,9.82197935480813,0.0002567098631156184
35.193652291,/uas1/imu/data,9.82197935480813,0.0002501617794449887
35.205374005,/uas1/imu/data_raw,9.823715784976596,0.00046440424577940477
35.213836088,/uas1/imu/data,9.823715784976596,0.0003611713296734879
35.22559184,/uas1/imu/data_raw,9.821436338477017,0.0004727372552107365
35.233629668,/uas1/imu/data,9.821436338477017,0.0004340384066357644
35.245942223,/uas1/imu/data_raw,9.821418486183179,0.0004910298339921929
35.253984245,/uas1/imu/data,9.821418486183179,0.00024846419064478045
35.265851743,/uas1/imu/data_raw,9.821372616807997,0.00045610836261714344
35.2739804,/uas1/imu/data,9.821372616807997,0.0003921984198118416
35.285623149,/uas1/imu/data_raw,9.822252065791545,0.0005448582886617808
35.294265536,/uas1/imu/data,9.822252065791545,0.00046869309708245905
35.306132753,/uas1/imu/data_raw,9.819329268381818,0.0004586905809947213
35.31393687,/uas1/imu/data,9.819329268381818,0.0005421115450385482
35.326313238,/uas1/imu/data_raw,9.82093534707695,9.558771347415318e-05
35.333933589,/uas1/imu/data,9.82093534707695,0.00039913217819307674
35.345358328,/uas1/imu/data_raw,9.82362343165099,0.0005085152083052552
35.353603911,/uas1/imu/data,9.82362343165099,0.0005368088009005194
35.365587663,/uas1/imu/data_raw,9.821237305755682,0.00038151245555944084
35.373935373,/uas1/imu/data,9.821237305755682,0.00043338389104493946
35.385744282,/uas1/imu/data_raw,9.821501334294819,0.0005268020137372567
35.39388573,/uas1/imu/data,9.821501334294819,0.00042699334545514477
35.405415785,/uas1/imu/data_raw,9.823608119806172,0.00047887985323009506
35.413726374,/uas1/imu/data,9.823608119806172,0.00044110247992129787
35.425831275,/uas1/imu/data_raw,9.822683926250681,0.0005000229306178349
35.434072313,/uas1/imu/data,9.822683926250681,0.0003993562462767837
35.445387562,/uas1/imu/data_raw,9.823237734665607,0.00037390316842554573
35.453884338,/uas1/imu/data,9.823237734665607,0.0004539802211504762
35.465621398,/uas1/imu/data_raw,9.82287415518606,0.0004076368223709828
35.473822549,/uas1/imu/data,9.82287415518606,0.00048818803155284413
35.485827609,/uas1/imu/data_raw,9.823966632736308,0.0004685246739359747
35.493934602,/uas1/imu/data,9.823966632736308,0.0004775751273696367
35.505662754,/uas1/imu/data_raw,9.822709382060367,0.0003422433538165774
35.513512414,/uas1/imu/data,9.822709382060367,0.0005423763254095559
35.52572109,/uas1/imu/data_raw,9.820925343325031,0.0005189572847258177
35.533618274,/uas1/imu/data,9.820925343325031,0.0004948386021978266
35.54571995,/uas1/imu/data_raw,9.818593085343078,0.00040424431688895047
35.554099576,/uas1/imu/data,9.818593085343078,0.00032646198355490744
35.565893163,/uas1/imu/data_raw,9.820996500808254,0.0003941649208104349
35.57415136,/uas1/imu/data,9.820996500808254,0.00034649586356545
35.585531376,/uas1/imu/data_raw,9.8190307179958,0.00032061648881122443
35.594090819,/uas1/imu/data,9.8190307179958,0.0003507527516172096
35.605610688,/uas1/imu/data_raw,9.817256934468213,0.0005344119081868271
35.614349358,/uas1/imu/data,9.817256934468213,0.00045236721176469146
35.625892312,/uas1/imu/data_raw,9.81836804011776,0.0006872108869442245
35.633747545,/uas1/imu/data,9.81836804011776,0.0006274510033417166
35.645515959,/uas1/imu/data_raw,9.81798836992333,0.000332261243432917
35.654029874,/uas1/imu/data,9.81798836992333,0.00036072094418145993
35.665365436,/uas1/imu/data_raw,9.818740737318826,0.00033536446483173
35.673877826,/uas1/imu/data,9.818740737318826,0.0003237799853524579
35.68539344,/uas1/imu/data_raw,9.816919856544718,0.0003582644894374844
35.694115754,/uas1/imu/data,9.816919856544718,0.0003073696502356307
35.705618351,/uas1/imu/data_raw,9.816837557620726,0.0004827572500891972
35.714075848,/uas1/imu/data,9.816837557620726,0.0004499204821146272
35.726341834,/uas1/imu/data_raw,9.81565534966622,0.0004224393827226091
35.733552801,/uas1/imu/data,9.81565534966622,0.00033720989486538247
35.745657524,/uas1/imu/data_raw,9.817219799767715,0.0006039582227287549
35.753721644,/uas1/imu/data,9.817219799767715,0.0004924071733752039
35.765479302,/uas1/imu/data_raw,9.81497553244327,0.0004732204785226108
35.774077243,/uas1/imu/data,9.81497553244327,0.0004148283433905705
35.785545326,/uas1/imu/data_raw,9.815746575142585,0.0003800266462561599
35.794165072,/uas1/imu/data,9.815746575142585,0.0004699962706723467
35.805291054,/uas1/imu/data_raw,9.816066249018844,0.0005040239366630808
35.813497765,/uas1/imu/data,9.816066249018844,0.00037832281940742185
35.825660993,/uas1/imu/data_raw,9.817738276526102,0.00036952820882886836
35.833507435,/uas1/imu/data,9.817738276526102,0.0003391447855384908
35.845692143,/uas1/imu/data_raw,9.817221422428005,0.00046381238643370494
35.853701644,/uas1/imu/data,9.817221422428005,0.000472506561382814
35.865298344,/uas1/imu/data_raw,9.817283776683029,0.000726389641813826
35.873168522,/uas1/imu/data,9.817283776683029,0.0005725710579121331
35.885397729,/uas1/imu/data_raw,9.814357623429986,0.00046476313623986816
35.894800598,/uas1/imu/data,9.814357623429986,0.0004443887415237304
35.905924854,/uas1/imu/data_raw,9.816622280226346,0.0004626722091252148
35.91370215,/uas1/imu/data,9.816622280226346,0.0004876950096666039
35.926078484,/uas1/imu/data_raw,9.816985459124217,0.0003560246429622852
35.933434667,/uas1/imu/data,9.816985459124217,0.0005696988582508223
35.945579783,/uas1/imu/data_raw,9.815993193480432,0.0003773539180676391
35.953609996,/uas1/imu/data,9.815993193480432,0.0002903544766936764
35.965425875,/uas1/imu/data_raw,9.813490380847743,0.00038535488976656145
35.973833908,/uas1/imu/data,9.813490380847743,0.0003646689627321811
35.985404916,/uas1/imu/data_raw,9.817293444437299,0.00041044953671781766
35.994873401,/uas1/imu/data,9.817293444437299,0.0005120290030717871
36.00559457,/uas1/imu/data_raw,9.818654967280146,0.0006645480992691254
36.013767458,/uas1/imu/data,9.818654967280146,0.0005609134917174315
36.025525982,/uas1/imu/data_raw,9.817521359116444,0.0005216438789653802
36.033520227,/uas1/imu/data,9.817521359116444,0.000477489149369659
36.045485616,/uas1/imu/data_raw,9.815728842395382,0.0004215314723546462
36.053785874,/uas1/imu/data,9.815728842395382,0.0002007027630024799
36.065325122,/uas1/imu/data_raw,9.816250742067517,0.0002201523119246711
36.073553062,/uas1/imu/data,9.816250742067517,0.000352587277647301
36.085284761,/uas1/imu/data_raw,9.81525107622905,0.0004514225330100266
36.093975225,/uas1/imu/data,9.81525107622905,0.0004982114428363975
36.105570846,/uas1/imu/data_raw,9.816693002639832,0.0005053567505553803
36.11337666,/uas1/imu/data,9.816693002639832,0.0004155765601860552
36.125763791,/uas1/imu/data_raw,9.815305654656107,0.000413367599219067
36.133605209,/uas1/imu/data,9.815305654656107,0.00038270735106738646
36.145520313,/uas1/imu/data_raw,9.816624034747736,0.00023465384363461278
36.153570126,/uas1/imu/data,9.816624034747736,0.00031485801376718384
36.165381726,/uas1/imu/data_raw,9.817305458955008,0.00040943064622394395
36.173450344,/uas1/imu/data,9.817305458955008,0.00045656168385831646
36.1855462,/uas1/imu/data_raw,9.818837995294924,0.0005073397775138106
36.194073133,/uas1/imu/data,9.818837995294924,0.0005751156276502885
36.205624913,/uas1/imu/data_raw,9.820981463474006,0.0003286715768527662
36.213591163,/uas1/imu/data,9.820981463474006,0.00040559329245487715
36.225787308,/uas1/imu/data_raw,9.822136764966594,0.0005267588773962862
36.233796625,/uas1/imu/data,9.822136764966594,0.0004794971139165308
36.245613323,/uas1/imu/data_raw,9.821487142243857,0.0006174084935105777
36.253814549,/uas1/imu/data,9.821487142243857,0.0005346795206070196
36.265490191,/uas1/imu/data_raw,9.821092464420873,0.0003590651903524562
36.273846685,/uas1/imu/data,9.821092464420873,0.0003670471760756912
36.28562505,/uas1/imu/data_raw,9.818939390638434,0.0005311579530662816
36.294050208,/uas1/imu/data,9.818939390638434,0.0006050068511596582
36.305752008,/uas1/imu/data_raw,9.820516133073573,0.0004258302983802371
36.313719448,/uas1/imu/data,9.820516133073573,0.0003402424495779884
36.32563008,/uas1/imu/data_raw,9.819593509764273,0.00047166477544412265
36.333490896,/uas1/imu/data,9.819593509764273,0.0005995371487787038
36.345498387,/uas1/imu/data_raw,9.818464654614038,0.000593695779930225
36.353758336,/uas1/imu/data,9.818464654614038,0.0004330178130213447
36.365488412,/uas1/imu/data_raw,9.82080683085867,0.00029306894142130897
36.373651396,/uas1/imu/data,9.82080683085867,0.0003874622419760382
36.385624105,/uas1/imu/data_raw,9.815771698566875,0.0006802188218750457
36.395798934,/uas1/imu/data,9.815771698566875,0.0004853494816863081
36.406255295,/uas1/imu/data_raw,9.820516065425677,0.0004092159027234397
36.413544632,/uas1/imu/data,9.820516065425677,0.00031639513327031316
36.425505928,/uas1/imu/data_raw,9.819261764020462,0.0003981719470140727
36.433205767,/uas1/imu/data,9.819261764020462,0.00042602204059135555
36.445541117,/uas1/imu/data_raw,9.818944521405912,0.0003601759952394271
36.453429304,/uas1/imu/data,9.818944521405912,0.00031421047214297596
36.46541892,/uas1/imu/data_raw,9.819767391651515,0.0005291115440462419
36.473808903,/uas1/imu/data,9.819767391651515,0.0004654293069806362
36.485629515,/uas1/imu/data_raw,9.815970337023742,0.0002859009616432195
36.494986406,/uas1/imu/data,9.815970337023742,0.00044601057795815355
36.506731459,/uas1/imu/data_raw,9.816215100189444,0.0004746885957027236
36.514543021,/uas1/imu/data,9.816215100189444,0.0004497018296919602
36.527107343,/uas1/imu/data_raw,9.815186399584451,0.00035341318250050983
36.533464,/uas1/imu/data,9.815186399584451,0.0004275568627327898
36.546290156,/uas1/imu/data_raw,9.814982650601179,0.000440347359197399
36.554086841,/uas1/imu/data,9.814982650601179,0.0004014704300916926
36.565035185,/uas1/imu/data_raw,9.814513850286168,0.00042638250118243984
36.574112177,/uas1/imu/data,9.814513850286168,0.0003796535640709374
36.585730332,/uas1/imu/data_raw,9.816569408154953,0.00023636140065356974
36.594354262,/uas1/imu/data,9.816569408154953,0.0004326412182972077
36.605593802,/uas1/imu/data_raw,9.813413416313399,0.000611044332145212
36.613662933,/uas1/imu/data,9.813413416313399,0.0006063735980683171
36.626295149,/uas1/imu/data_raw,9.81225701047062,0.00030878425675867117
36.633602492,/uas1/imu/data,9.81225701047062,0.0004367293741158824
36.645519635,/uas1/imu/data_raw,9.814306141913796,0.00035405282927773805
36.653620099,/uas1/imu/data,9.814306141913796,0.00041094067869810113
36.66522078,/uas1/imu/data_raw,9.813894409831327,0.0004270929161772644
36.674073343,/uas1/imu/data,9.813894409831327,0.0005184126404954539
36.685515636,/uas1/imu/data_raw,9.81246100603762,0.00056549097563712
36.694754553,/uas1/imu/data,9.81246100603762,0.0004792570181015356
36.70546351,/uas1/imu/data_raw,9.813115923455156,0.0005617818688149012
36.713638182,/uas1/imu/data,9.813115923455156,0.0006592553983089854
36.727030739,/uas1/imu/data_raw,9.812598544853444,0.0004524565964241385
36.733573499,/uas1/imu/data,9.812598544853444,0.0005315180309474698
36.745526733,/uas1/imu/data_raw,9.810917224112329,0.000546564149584415
36.753543514,/uas1/imu/data,9.810917224112329,0.0004546706070155845
36.765385869,/uas1/imu/data_raw,9.811854592144059,0.0006554564329250538
36.773704666,/uas1/imu/data,9.811854592144059,0.00051089194690199
36.785788958,/uas1/imu/data_raw,9.813833123237984,0.00041558161365609604
36.794096504,/uas1/imu/data,9.813833123237984,0.0004335926793206066
36.805966591,/uas1/imu/data_raw,9.809762189468609,0.0002812205961558694
36.814011885,/uas1/imu/data,9.809762189468609,0.00012237117786247884
36.825840991,/uas1/imu/data_raw,9.810449540761303,0.0004511358847993941
36.833746601,/uas1/imu/data,9.810449540761303,0.0003288667648777857
36.84517527,/uas1/imu/data_raw,9.812398520502793,0.00045089100474874456
36.854019412,/uas1/imu/data,9.812398520502793,0.00046046830304064836
36.865658006,/uas1/imu/data_raw,9.813682493771276,0.0003903374233028461
36.873358412,/uas1/imu/data,9.813682493771276,0.0005621312989554545
36.885124106,/uas1/imu/data_raw,9.811805479665711,0.000352317199473271
36.893173854,/uas1/imu/data,9.811805479665711,0.0005312674858747415
36.905056147,/uas1/imu/data_raw,9.81310474039547,0.0005984906418001932
36.913394221,/uas1/imu/data,9.81310474039547,0.0004365247295248843
36.925188568,/uas1/imu/data_raw,9.809953066668962,0.00036667221810880637
36.933748447,/uas1/imu/data,9.809953066668962,0.0005017156713994775
