time_s,vx_mps,vy_mps,vz_mps,speed_mps
0.993342632,0.011490099132061005,0.049679066985845566,0.09662695229053497,0.1092556633937392
1.026274077,0.01170292403548956,0.04974190145730972,0.09684644639492035,0.10950091036559162
1.061794704,0.011979330331087112,0.04999200627207756,0.09713253378868103,0.1098973801621222
1.093851337,0.01323658786714077,0.049391500651836395,0.09778229147195816,0.11034538558776201
1.125839749,0.014382966794073582,0.0489102341234684,0.09842422604560852,0.11084407520697243
1.161910958,0.015395328402519226,0.04847904294729233,0.09908567368984222,0.11137865357543482
1.193585016,0.016362210735678673,0.04813964664936066,0.09973369538784027,0.11194622599890794
1.226214544,0.01707141101360321,0.047629464417696,0.10002055764198303,0.11208974487313812
1.261784602,0.01787436567246914,0.047084990888834,0.10042040795087814,0.1123421009604837
1.29372438,0.01851564273238182,0.046812091022729874,0.10076619684696198,0.11264114398706292
1.325859555,0.01904819905757904,0.0464886911213398,0.10120121389627457,0.11298547687022438
1.361663538,0.01929386332631111,0.04581599310040474,0.10179121047258377,0.11328198848583368
1.393513044,0.019497999921441078,0.04534444585442543,0.1024186909198761,0.11369203587113104
1.426112506,0.0197328869253397,0.044992148876190186,0.10302917659282684,0.11414329378593122
1.461674781,0.02025149017572403,0.04426063224673271,0.10379765182733536,0.11464326821094512
1.49357584,0.020616652444005013,0.04351281002163887,0.1043694019317627,0.1149407806375525
1.526505279,0.020887713879346848,0.042926859110593796,0.10491660237312317,0.11526710405716915
1.561803659,0.02114182710647583,0.04243937507271767,0.10542458295822144,0.11559593462521872
1.59379832,0.021857475861907005,0.04205125942826271,0.10570141673088074,0.11583974779613522
1.625738622,0.022706367075443268,0.04175722971558571,0.10593366622924805,0.11610851381382287
1.661804871,0.02357311174273491,0.04149150848388672,0.10636008530855179,0.11657488846379534
1.693616452,0.024019841104745865,0.041381802409887314,0.10638278722763062,0.11664777647133923
1.726961381,0.023982973769307137,0.04144658148288727,0.10555580258369446,0.1159095751287389
1.761646656,0.02403125911951065,0.04163815826177597,0.10485803335905075,0.11535356430656821
1.794059403,0.024117883294820786,0.04185039922595024,0.10425945371389389,0.11490501250473625
1.826422854,0.024142654612660408,0.042034368962049484,0.10373444855213165,0.1145014924016223
1.861910417,0.023758795112371445,0.04217799752950668,0.10299690067768097,0.11380608670013566
1.893687993,0.023473333567380905,0.042382027953863144,0.10255121439695358,0.11341951003481503
1.926095746,0.02315913699567318,0.04260725528001785,0.10226941853761673,0.11318461819921995
1.961807718,0.022546863183379173,0.04256964847445488,0.10177039355039597,0.11259551063009197
1.993753003,0.02178344875574112,0.042178574949502945,0.10104796290397644,0.11164336805878007
2.02646883,0.021148420870304108,0.041863370686769485,0.10057433694601059,0.11097294608459782
2.061698718,0.02041035145521164,0.04158153012394905,0.10012121498584747,0.11031710558302565
2.09390233,0.01898619532585144,0.041035622358322144,0.09892373532056808,0.10876719783583662
2.125783215,0.017645537853240967,0.040606897324323654,0.09791846573352814,0.1074630682981202
2.161822263,0.016457514837384224,0.0402679443359375,0.09705966711044312,0.1063622870911251
2.193867919,0.015336886048316956,0.04011347517371178,0.09636735171079636,0.10550344752624616
2.226312989,0.014106323942542076,0.04084106162190437,0.09471847116947174,0.10410845052279942
2.261456301,0.012795047834515572,0.04173080250620842,0.09295371919870377,0.10269161134080612
2.29353853,0.011811652220785618,0.042581237852573395,0.0918193832039833,0.10189934286933429
2.325168071,0.010965929366648197,0.043103404343128204,0.09076594561338425,0.10107725736254099
2.361721491,0.010198904201388359,0.04267708957195282,0.08966387063264847,0.09982465285724715
2.393865924,0.009454872459173203,0.04233390465378761,0.08865661919116974,0.09869929190659525
2.426568114,0.008764156140387058,0.042032524943351746,0.08790700137615204,0.09783243059902665
2.461065687,0.008065985515713692,0.04162726551294327,0.08659224212169647,0.09641631476097437
2.493830807,0.00751968938857317,0.04134790971875191,0.08540109544992447,0.0951816288506232
2.526457024,0.006933655124157667,0.04115336015820503,0.08434677869081497,0.09410660816971896
2.562265953,0.00641640042886138,0.040965307503938675,0.08343084901571274,0.09316669566340968
2.593502343,0.006111337803304195,0.040313705801963806,0.08251090347766876,0.09203582192784805
2.626417876,0.005785794463008642,0.03965729475021362,0.0817161500453949,0.09101486484478782
2.662884713,0.005365499760955572,0.03893721103668213,0.0809708833694458,0.09000654945407212
2.693715525,0.004715423099696636,0.03860652074217796,0.08052817732095718,0.0894286643166546
2.726654469,0.003100696485489607,0.038501206785440445,0.08005622029304504,0.08888731996319232
2.761528993,0.001645365497097373,0.03853890672326088,0.07971186935901642,0.08855471007096202
2.793790605,0.000293122575385496,0.03875602036714554,0.07940395921468735,0.08835781671425869
2.826810883,-0.0012302814284339547,0.03891102597117424,0.07900042831897736,0.08807184118152876
2.861725377,-0.003743003821000457,0.03893563896417618,0.07789505273103714,0.0871644038534295
2.893876091,-0.005584413185715675,0.03906617686152458,0.07726235687732697,0.08675726848768435
2.926158357,-0.007226563524454832,0.03927766904234886,0.07666069269180298,0.08643969174956795
2.961582614,-0.009022830985486507,0.039660289883613586,0.07657797634601593,0.08670949506193594
2.993831858,-0.011036968789994717,0.040148571133613586,0.07687913626432419,0.08743068132463955
3.026218439,-0.012989044189453125,0.040719833225011826,0.07719071209430695,0.08823392839749643
3.061843054,-0.015270702540874481,0.041268154978752136,0.07760865241289139,0.08921523356908935
3.093543449,-0.016303982585668564,0.04136071354150772,0.07639442384243011,0.08838911961906454
3.126130753,-0.017208067700266838,0.04155596345663071,0.07531879842281342,0.08772649023323681
3.161917643,-0.018042610958218575,0.041831351816654205,0.07434815913438797,0.08719545040694844
3.193479591,-0.018883567303419113,0.04215219244360924,0.07351825386285782,0.08682355724657587
3.227866035,-0.019482046365737915,0.04142053797841072,0.07207061350345612,0.08537789191460678
3.261574032,-0.02018732950091362,0.04071187600493431,0.07052160054445267,0.08389446503537018
3.293735822,-0.020782383158802986,0.040230683982372284,0.06948249787092209,0.0829351125509063
3.326004505,-0.021090354770421982,0.03986101970076561,0.06854984909296036,0.08205355425936602
3.361586628,-0.020501740276813507,0.03944772481918335,0.06756033003330231,0.08087547552872046
3.394687179,-0.01999218948185444,0.039158038794994354,0.06674044579267502,0.07992075291908633
3.42631795,-0.01955207623541355,0.03892344981431961,0.06600737571716309,0.07908408360492022
3.461709394,-0.019156118854880333,0.03862178698182106,0.06473741680383682,0.07777874037090829
3.493725882,-0.0188542902469635,0.03834128752350807,0.0635891929268837,0.0766102085023236
3.526280492,-0.018694769591093063,0.03813878074288368,0.06258191913366318,0.07563436790950374
3.561828481,-0.018632622435688972,0.038015443831682205,0.0617348775267601,0.07485682127765508
3.593765683,-0.018916970118880272,0.03747120499610901,0.06052472069859505,0.07365585365727542
3.626325721,-0.019309068098664284,0.03694220632314682,0.05930296704173088,0.07248729970700676
3.661563703,-0.019856750965118408,0.03652217984199524,0.058039695024490356,0.07139164081205604
3.69336682,-0.02037506178021431,0.03618459776043892,0.05733897164463997,0.07079707569453089
3.72645662,-0.021275721490383148,0.03577519953250885,0.05709598585963249,0.0706574329268374
3.762220929,-0.022148150950670242,0.03550145402550697,0.05694122985005379,0.07066256070434694
3.79362796,-0.02306186780333519,0.03533134236931801,0.05687471851706505,0.07081586761871844
3.826597475,-0.024001969024538994,0.03551500663161278,0.05668599531054497,0.07106836340767637
3.861659185,-0.025208303704857826,0.036250364035367966,0.05583089962601662,0.07118031203516455
3.893730362,-0.026162439957261086,0.03682819753885269,0.05532655492424965,0.07142700524496362
3.926045536,-0.027132174000144005,0.037411317229270935,0.05492521449923515,0.07178120025877406
3.962024367,-0.027670038864016533,0.037409570068120956,0.05466606095433235,0.07178777892984722
3.99356885,-0.02787068858742714,0.03695964068174362,0.05456260219216347,0.07155325205496407
4.026039705,-0.028213385492563248,0.036599669605493546,0.05451231822371483,0.07146414327693867
4.061710971,-0.028791747987270355,0.03626265004277229,0.05458632484078407,0.07157940625564493
4.093600558,-0.028272144496440887,0.03608400374650955,0.05419857054948807,0.07098488945130213
4.126422799,-0.027840547263622284,0.035953719168901443,0.05391474440693855,0.0705306008657216
4.16152068,-0.027425704523921013,0.035835254937410355,0.05370445176959038,0.07014629644489347
4.19378925,-0.02710663713514805,0.035801470279693604,0.053513117134571075,0.06985820464643144
4.22564641,-0.025845656171441078,0.035668663680553436,0.05294925719499588,0.0688757965412423
4.261649506,-0.024515341967344284,0.03555404767394066,0.05231194198131561,0.06783532687054149
4.293939189,-0.023622823879122734,0.03545859828591347,0.05191090330481529,0.06715721764894463
4.329451919,-0.022603711113333702,0.03546226769685745,0.05165741220116615,0.06661072302279727
4.363063761,-0.020964503288269043,0.0357479564845562,0.05163904279470444,0.06621191381993789
4.396549888,-0.019578974694013596,0.03612075373530388,0.051653698086738586,0.0660011335244421
4.42596384,-0.01828036643564701,0.03648809716105461,0.05171369016170502,0.06587760455266203
4.461878151,-0.017201129347085953,0.03673088550567627,0.05164296180009842,0.06566606661231282
4.493609709,-0.016612272709608078,0.0368763692677021,0.051579270511865616,0.06554582642306467
4.526642423,-0.01609193906188011,0.03699822351336479,0.051583290100097656,0.06548782225320213
4.561705941,-0.015684176236391068,0.03711673989892006,0.051682669669389725,0.06553429719691449
4.593638697,-0.01526713091880083,0.036515429615974426,0.05160796269774437,0.06503724856067299
4.62661399,-0.014895763248205185,0.03582419455051422,0.05155795440077782,0.06452502878676117
4.66159541,-0.014558668248355389,0.03498411178588867,0.05147617310285568,0.06391900574890373
4.693778964,-0.014457724057137966,0.03424961492419243,0.051452141255140305,0.0634774349442912
4.726370671,-0.014804122038185596,0.033120185136795044,0.05152281001210213,0.0630135592103814
4.761247351,-0.015135270543396473,0.03217360004782677,0.05161644145846367,0.06267753970358385
4.793330064,-0.015512833371758461,0.031261906027793884,0.05172332003712654,0.062395966242807514
4.82585488,-0.015761414542794228,0.030446967110037804,0.05178503319621086,0.0621057940752889
4.861762869,-0.01576722040772438,0.029735246673226357,0.05156661942601204,0.06157845705383126
4.893663737,-0.015897346660494804,0.02936151623725891,0.05143820866942406,0.06132465717567426
4.926411862,-0.016084911301732063,0.029099855571985245,0.051287807524204254,0.06112254221263061
4.961519714,-0.01682445965707302,0.02933475188910961,0.051036037504673004,0.06122309397054748
4.993608658,-0.017897386103868484,0.02996726892888546,0.050684764981269836,0.0615410353960156
5.025782491,-0.018907111138105392,0.030480632558465004,0.05041918531060219,0.06187602168964703
5.061345515,-0.020209025591611862,0.031183622777462006,0.05016326904296875,0.0624273706475512
5.093638605,-0.021027976647019386,0.03176942840218544,0.04990210756659508,0.06278290151352679
5.126130473,-0.021893072873353958,0.0323154516518116,0.04972575977444649,0.06321587016283585
5.162120017,-0.022698651999235153,0.03279580548405647,0.04958973079919815,0.06363910009316122
5.193905526,-0.023550745099782944,0.033227238804101944,0.049562133848667145,0.06414898366250993
5.226688825,-0.025403453037142754,0.03270969167351723,0.04965056851506233,0.06465630912336226
5.261561965,-0.0276025403290987,0.032161448150873184,0.0497404970228672,0.0653481141568958
5.293980681,-0.02933439426124096,0.03184466436505318,0.04986340552568436,0.06603747834234484
5.32660284,-0.030822940170764923,0.03165833279490471,0.04969668760895729,0.06649860476300072
5.361177577,-0.03187980130314827,0.0316687673330307,0.048823244869709015,0.06635466671703968
5.393763582,-0.03288498520851135,0.03183769807219505,0.048105087131261826,0.06640151111689067
5.426330181,-0.0338670015335083,0.03200046718120575,0.04754820093512535,0.06657202944820846
5.461622516,-0.034989628940820694,0.031935401260852814,0.04708465561270714,0.06679153225727967
5.49391744,-0.03575512766838074,0.03181904926896095,0.04684178903698921,0.06697039832006804
5.526304036,-0.03647322952747345,0.03179466724395752,0.0466310977935791,0.06719863554233883
5.561755328,-0.03720955178141594,0.031751275062561035,0.04649457708001137,0.06748659059191983
5.593618694,-0.037987180054187775,0.03106072172522545,0.046634141355752945,0.06769444159271513
5.625943072,-0.03878205269575119,0.03025238774716854,0.046852320432662964,0.06792933464730817
5.661679976,-0.03982949256896973,0.029348431155085564,0.04718414321541786,0.06836711388189116
5.695189149,-0.04058832302689552,0.028715595602989197,0.04745939373970032,0.06873420873997121
5.726501583,-0.04129280522465706,0.02830340340733528,0.047796301543712616,0.06921462886570533
5.761483775,-0.04194622114300728,0.027921507135033607,0.048065315932035446,0.0696374225866824
5.793745713,-0.042523112148046494,0.02790813520550728,0.04839509353041649,0.07020800634701127
5.826176614,-0.04309230297803879,0.02766958810389042,0.04869251698255539,0.07066479952484468
5.861506968,-0.04349605366587639,0.026807645335793495,0.048910290002822876,0.07073028347967174
5.894165744,-0.043919339776039124,0.02621433511376381,0.04905496910214424,0.07086952635253187
5.926333508,-0.04427759349346161,0.02567082829773426,0.049230072647333145,0.07101476440801369
5.961787177,-0.04429417476058006,0.025049777701497078,0.049624260514974594,0.07107765128557143
5.993587493,-0.04408618062734604,0.024429859593510628,0.05012134835124016,0.07108135425420642
6.026123977,-0.043923839926719666,0.023901402950286865,0.05053645744919777,0.07109510748578028
6.061661397,-0.043690070509910583,0.023394636809825897,0.05100052058696747,0.07111388326315975
6.093832459,-0.04253476485610008,0.023229504004120827,0.051392752677202225,0.07064015221799333
6.12661689,-0.04144510254263878,0.023094182834029198,0.05165039747953415,0.07013416688986389
6.161668812,-0.04051200672984123,0.02299821935594082,0.051923733204603195,0.06975826010391518
6.193870909,-0.039760321378707886,0.02290530689060688,0.05226704478263855,0.06955127755980735
6.226082829,-0.039269931614398956,0.021969983354210854,0.05161270499229431,0.0684739294491376
6.261912981,-0.03880768269300461,0.020997846499085426,0.05088530480861664,0.06735176344436652
6.293519145,-0.03854535520076752,0.02040012553334236,0.05046045407652855,0.06669457965186458
6.325930653,-0.03809947520494461,0.02001774124801159,0.05007869377732277,0.066031473904551
6.36146876,-0.03734408691525459,0.02000690996646881,0.049644239246845245,0.06526413842485387
6.393704895,-0.03673038259148598,0.01998499035835266,0.04928791895508766,0.06463605649994185
6.425863758,-0.03620156645774841,0.02003644034266472,0.049002692103385925,0.06413482820573528
6.461249576,-0.035033561289310455,0.0208892822265625,0.04868196323513985,0.06351099174930556
6.493884971,-0.03389667719602585,0.021947504952549934,0.04837459698319435,0.06301412009907191
6.526769637,-0.03285811096429825,0.022932108491659164,0.04817288741469383,0.0626591105736758
6.561918519,-0.03189972788095474,0.023846503347158432,0.048033710569143295,0.06239780213921984
6.593646342,-0.030645843595266342,0.024650949984788895,0.04764437675476074,0.06178044756367241
6.626317508,-0.0293393786996603,0.02539398893713951,0.047254301607608795,0.06114427885783349
6.661608762,-0.027930131182074547,0.026293929666280746,0.046861693263053894,0.060559732996635335
6.693817376,-0.02684902586042881,0.0267059113830328,0.04661189019680023,0.060056175370822085
6.726116553,-0.02560272440314293,0.026323039084672928,0.04631034657359123,0.05910203112654118
6.762385243,-0.02455437369644642,0.026054032146930695,0.04606533795595169,0.05834162510364346
6.793760517,-0.0237063430249691,0.025868292897939682,0.045874595642089844,0.05775498075834106
6.826678155,-0.022715549916028976,0.025375284254550934,0.04568016156554222,0.05697875410748207
6.861122688,-0.0208338163793087,0.02376161888241768,0.04532834142446518,0.0552568635839287
6.893954983,-0.01954454928636551,0.02268333174288273,0.04511985555291176,0.054150940073838645
6.926126426,-0.018427275121212006,0.021726060658693314,0.044993773102760315,0.05325435003979241
6.962086988,-0.01711917109787464,0.020622752606868744,0.04483139142394066,0.05223234248211541
6.993855089,-0.015603403560817242,0.01944953016936779,0.04468691721558571,0.0511729518078006
7.025961567,-0.014173079282045364,0.018435467034578323,0.04457291215658188,0.0502741197758502
7.061109595,-0.012536886148154736,0.017425693571567535,0.04443523660302162,0.04934894692603355
7.093675252,-0.011501414701342583,0.01532237883657217,0.04337058216333389,0.04741376625548945
7.126273505,-0.01058885082602501,0.013398838229477406,0.04245045408606529,0.04575689762023485
7.161642514,-0.009807038120925426,0.011685372330248356,0.04162368178367615,0.044331217087178555
7.193640651,-0.009053792804479599,0.010210677981376648,0.04084845632314682,0.043067685019859726
7.226280251,-0.008047740906476974,0.009268037974834442,0.03926035389304161,0.04113439010618273
7.261518034,-0.006918267346918583,0.008305354043841362,0.037545084953308105,0.039070125838396204
7.29363778,-0.006110067944973707,0.007641015574336052,0.03638051822781563,0.037673069370889684
7.3261349,-0.005725121591240168,0.007000067736953497,0.03526866063475609,0.0364095645198623
7.361504501,-0.006046798080205917,0.006149007007479668,0.03408379480242729,0.03515791692257642
7.39404687,-0.006293539423495531,0.005471823737025261,0.03304389491677284,0.034080030586178936
7.427883483,-0.006474262103438377,0.004872435703873634,0.03218602389097214,0.033190312342348184
7.462091437,-0.006529584061354399,0.004768678452819586,0.031054049730300903,0.03208940271885223
7.493955936,-0.0065345363691449165,0.004902035463601351,0.03014400228857994,0.031231250234660727
7.526759589,-0.006526774726808071,0.005098243243992329,0.02933974377810955,0.030486249973956
7.561724416,-0.00649599963799119,0.005240469705313444,0.02867855876684189,0.029868382396311545
7.593330962,-0.0065390137024223804,0.005000135395675898,0.02819635346531868,0.029373362131644844
7.626113712,-0.00662101898342371,0.004750548396259546,0.027795860543847084,0.028965763684340458
7.661953779,-0.006755149457603693,0.004545153584331274,0.02740716002881527,0.028590958118692215
7.693720317,-0.006888687144964933,0.004548206925392151,0.026913251727819443,0.028150724953051678
7.726799867,-0.007009410299360752,0.004856076091527939,0.025919746607542038,0.0272863807044958
7.761782251,-0.007072641514241695,0.005227555055171251,0.025061946362257004,0.02656032276363502
7.793687395,-0.0071449303068220615,0.005586519371718168,0.024318983778357506,0.025955196007580877
7.82640768,-0.007327836938202381,0.005900152493268251,0.0234457328915596,0.025262845929527863
7.862043679,-0.008032194338738918,0.006098467856645584,0.02202957682311535,0.02422828328832544
7.893734364,-0.008451691828668118,0.006305176764726639,0.021058160811662674,0.023550636627723456
7.926315524,-0.008807471953332424,0.0064725736156105995,0.02021203190088272,0.022978076616212605
7.961569048,-0.009091193787753582,0.0063955108635127544,0.019358839839696884,0.022323016006598084
7.993690657,-0.009232384152710438,0.006063817068934441,0.018550338223576546,0.021589855089782437
8.02738053,-0.009427656419575214,0.0058194962330162525,0.017791176214814186,0.020958845222917653
8.061787198,-0.009583042934536934,0.005499056074768305,0.016917919740080833,0.02020619553331208
8.093801974,-0.009572403505444527,0.003915232606232166,0.016101129353046417,0.019136518013355593
8.126234792,-0.009552523493766785,0.002487670397385955,0.015430965460836887,0.018318130476621727
8.161790033,-0.00938235130161047,0.001241867197677493,0.014829330146312714,0.01759203747926425
8.194145736,-0.009235258214175701,4.367806832306087e-05,0.014405176043510437,0.017111428897104975
8.225849037,-0.008749391883611679,-0.00039233395364135504,0.013766875490546227,0.016316637062715838
8.261344477,-0.008196664974093437,-0.0008871320751495659,0.013019997626543045,0.015410796806507957
8.293550099,-0.00768210319802165,-0.0011703704949468374,0.012578252702951431,0.014785023425744092
8.326385295,-0.006927489303052425,-0.0010914456797763705,0.01209562923759222,0.013981616800967763
8.361600649,-0.00560580613091588,-0.0002691288245841861,0.011329502798616886,0.012643382710552742
8.394243313,-0.0043319701217114925,0.0004974498879164457,0.010662279091775417,0.011519445167077293
8.426270321,-0.0030696664471179247,0.0011587149929255247,0.010047580115497112,0.0105697369271295
8.461461748,-0.0010524735553190112,0.0020582741126418114,0.009529149159789085,0.00980555335597774
8.493741839,0.0006220928626134992,0.0028465306386351585,0.009203587658703327,0.009653795212134943
8.526092786,0.00212041730992496,0.003507428802549839,0.008944068104028702,0.009838423685870068
8.561544283,0.003538748947903514,0.0041251215152442455,0.008726597763597965,0.010280704263787195
8.592892069,0.004251730162650347,0.004503278061747551,0.008895165286958218,0.010838850868967336
8.625606577,0.004847450647503138,0.004795723594725132,0.009164655581116676,0.011423119298049678
8.660950548,0.00556535879150033,0.0050731380470097065,0.009471696801483631,0.012100536699724633
8.693586194,0.0061553968116641045,0.005156836938112974,0.009840808808803558,0.01270131470072121
8.72651569,0.006837327033281326,0.005183595698326826,0.010502182878553867,0.013561509891540174
8.76179867,0.00751371867954731,0.005168700125068426,0.011137229390442371,0.014394766683541414
8.79390816,0.008160006254911423,0.005155985709279776,0.01172618754208088,0.015187934849298756
8.825799646,0.008711390197277069,0.005037360358983278,0.012379361316561699,0.015953429260239172
8.861419813,0.00935844425112009,0.004330399911850691,0.0133720263838768,0.016886205370330434
8.893733053,0.009889775887131691,0.003802420338615775,0.014083868823945522,0.01762445541227629
8.925791274,0.010449118912220001,0.003295114729553461,0.014679661020636559,0.01831759577028138
8.961641022,0.011243964545428753,0.002979050623252988,0.01496030017733574,0.018950252312588203
8.993524369,0.01209697313606739,0.0029587610624730587,0.014955280348658562,0.019461537359276523
9.025952088,0.012860920280218124,0.0029942700639367104,0.014938724227249622,0.01993826484947294
9.061515231,0.013819625601172447,0.0029375457670539618,0.014845771715044975,0.020494100729364705
9.09361316,0.014519642107188702,0.002476801397278905,0.015101398341357708,0.021095183904075623
9.126121834,0.01518345344811678,0.002056811936199665,0.015309079550206661,0.021659539483252607
9.16182098,0.015784770250320435,0.0016396315768361092,0.015531185083091259,0.022205068647684824
9.193718443,0.0163832176476717,0.0011561681749299169,0.015768682584166527,0.022768352943941705
9.228261048,0.01780056022107601,0.00019095168681815267,0.016539093106985092,0.024298930172589373
9.261279474,0.019437119364738464,-0.0008551378268748522,0.017321866005659103,0.026049566442074457
9.293851401,0.020757868885993958,-0.0015797673258930445,0.017884692177176476,0.027445345684914094
9.326044007,0.022023655474185944,-0.002324010245501995,0.01822635903954506,0.028681746597884247
9.361881424,0.023282833397388458,-0.003409280674532056,0.01816270686686039,0.02972536705340714
9.39441436,0.02441965788602829,-0.0044295284897089005,0.018086113035678864,0.03070908495300958
9.425653298,0.02555474452674389,-0.005375502165406942,0.01795443333685398,0.03169073473122665
9.461681069,0.026984691619873047,-0.006391159724444151,0.01770404912531376,0.032900666556690404
9.49356648,0.02813907153904438,-0.007117887493222952,0.01744074933230877,0.03386224160799261
9.526002002,0.029291965067386627,-0.00788324698805809,0.01720023900270462,0.03487137826834332
9.561634003,0.030300864949822426,-0.008709193207323551,0.016916844993829727,0.03577949283563323
9.593838925,0.03132738173007965,-0.009050079621374607,0.016192520037293434,0.036407505989472795
9.625973759,0.032347071915864944,-0.00929941050708294,0.015422893688082695,0.037022665314956515
9.66163109,0.03364788740873337,-0.009609712287783623,0.014544478617608547,0.03789549782735212
9.693680217,0.034723151475191116,-0.00987356435507536,0.014027649536728859,0.038729310256809
9.726550861,0.036059968173503876,-0.010142984800040722,0.013750799931585789,0.03990345779611673
9.761569173,0.03728358820080757,-0.010469046421349049,0.013511443510651588,0.041014948346197976
9.793767926,0.03854919970035553,-0.010803323239088058,0.013215427286922932,0.04215922329600082
9.827632193,0.03960480913519859,-0.01126239076256752,0.013060826808214188,0.04319684651960653
9.861935555,0.04013810306787491,-0.01244233176112175,0.013148963451385498,0.04403151345782972
9.894207742,0.04059525951743126,-0.013251157477498055,0.013171641156077385,0.04468848174334766
9.926389799,0.041140854358673096,-0.014028654433786869,0.013191775418817997,0.04542461866966733
9.961668185,0.04154906049370766,-0.014622053131461143,0.01341298222541809,0.046043859067941215
9.99389241,0.04184972494840622,-0.014934870414435863,0.013778788037598133,0.046522089724541645
10.026017981,0.04219711199402809,-0.01525449100881815,0.01404551975429058,0.04701672448972631
10.061575659,0.04263244569301605,-0.015659037977457047,0.014356792904436588,0.04763243011487327
10.094722951,0.04366275668144226,-0.016490522772073746,0.014154268428683281,0.04877209219492572
10.126161924,0.04456865042448044,-0.017354566603899002,0.013958233408629894,0.049823466986536565
10.161760114,0.04546969011425972,-0.01819501630961895,0.013747794553637505,0.05086799772630266
10.19400123,0.04641502723097801,-0.018988247960805893,0.013545176945626736,0.05194593470101214
10.226181395,0.046611882746219635,-0.019566666334867477,0.012920263223350048,0.052177152532195695
10.261636698,0.04707564041018486,-0.020288750529289246,0.012245570309460163,0.05270392120395499
10.294082405,0.04752384126186371,-0.020977122709155083,0.011803478002548218,0.05327173038671082
10.325927873,0.04800364747643471,-0.021517155691981316,0.0113280164077878,0.053811356755334556
10.36195226,0.04834477975964546,-0.02162814512848854,0.01039889082312584,0.05397343163130244
10.393568588,0.0487152636051178,-0.021806612610816956,0.009573651477694511,0.05422508703811104
10.427408537,0.04920446500182152,-0.022085538133978844,0.008734256029129028,0.05463641275894025
10.461976573,0.049164846539497375,-0.022661322727799416,0.0075540803372859955,0.0546606056750927
10.493750447,0.048847559839487076,-0.023244546726346016,0.0065721445716917515,0.05449390919228286
10.526469581,0.048647429794073105,-0.023780949413776398,0.005604563280940056,0.05443819532423834
10.561700149,0.04847263917326927,-0.024256549775600433,0.004738770425319672,0.05440986032496339
10.593866702,0.04759171977639198,-0.024531694129109383,0.004194777458906174,0.05370634940161682
10.626483382,0.04655260220170021,-0.02466677688062191,0.003766023088246584,0.05281834514001109
10.662057321,0.04553990438580513,-0.024926815181970596,0.0032485690899193287,0.05201713378990015
10.693670387,0.04477676376700401,-0.025085419416427612,0.002659565070644021,0.05139367789046778
10.726310696,0.04344720020890236,-0.02514190413057804,0.0015757111832499504,0.05022208095087898
10.761843125,0.04232946038246155,-0.02524384669959545,0.0005700306501239538,0.049288537687835074
10.793759859,0.04137459024786949,-0.02536030113697052,-0.000275965197943151,0.04852914329274113
10.825781202,0.04055406525731087,-0.02508155256509781,-0.0010125625412911177,0.04769425301721392
10.861752181,0.03952120989561081,-0.02369304746389389,-0.0016212337650358677,0.046107645013166165
10.893529734,0.03887738659977913,-0.022768843919038773,-0.0020270906388759613,0.04509967337682672
10.926927834,0.03839287906885147,-0.021990885958075523,-0.0024333109613507986,0.04431177304792899
10.962135879,0.03815888985991478,-0.02177083119750023,-0.0027852982748299837,0.04402076615474709
10.993375787,0.03807026147842407,-0.02193676494061947,-0.0032418372575193644,0.04405764376245979
11.026148832,0.03813473880290985,-0.0220955740660429,-0.0036733876913785934,0.04422630974889628
11.062098268,0.038297105580568314,-0.022391511127352715,-0.004065909888595343,0.04454862163566606
11.093829143,0.03791651502251625,-0.021826831623911858,-0.004595462698489428,0.04399080548938047
11.126109966,0.03765631094574928,-0.021385613828897476,-0.005032323766499758,0.04359663422068918
11.161678887,0.037453632801771164,-0.02102689817547798,-0.0054383971728384495,0.04329527942791645
11.193583525,0.03729821741580963,-0.020693667232990265,-0.005775367841124535,0.04304346361118068
11.227081972,0.036797016859054565,-0.02120036818087101,-0.006510700564831495,0.042963534335235164
11.26180059,0.03649184852838516,-0.021788528189063072,-0.007345896679908037,0.04313185792075373
11.293688652,0.03644082695245743,-0.022295823320746422,-0.00788850151002407,0.043442675592124155
11.325999288,0.036477528512477875,-0.022802524268627167,-0.008126356638967991,0.04377902319174865
11.361685558,0.036465756595134735,-0.023086411878466606,-0.007726749870926142,0.04384559819463835
11.39480859,0.03662427142262459,-0.023564137518405914,-0.007348077837377787,0.044165598401115135
11.426603508,0.036881718784570694,-0.024067102000117302,-0.007008264772593975,0.04459374792850436
11.461035548,0.037299711257219315,-0.024090124294161797,-0.006168001797050238,0.04482908424838179
11.493074397,0.037664737552404404,-0.023877447471022606,-0.005321082659065723,0.04491190124329582
11.526464711,0.03805062547326088,-0.023769496008753777,-0.00455655949190259,0.045095468439963884
11.561600297,0.038501858711242676,-0.02374747022986412,-0.0038654289674013853,0.045401288612117625
11.593604681,0.038324445486068726,-0.023801811039447784,-0.003747774288058281,0.045269582974514604
11.625490623,0.03807049244642258,-0.023825116455554962,-0.0037999083288013935,0.04507147515381728
11.66155755,0.03789905458688736,-0.02396945282816887,-0.0039042739663273096,0.0450124023205363
11.69395622,0.03801397234201431,-0.023978056386113167,-0.0039887623861432076,0.045121164730624615
11.726182297,0.038519762456417084,-0.023639900609850883,-0.0042597344145178795,0.045395620249366074
11.761739572,0.03908739238977432,-0.0233675055205822,-0.00450423127040267,0.04576191273782052
11.793744477,0.03970326483249664,-0.02323138527572155,-0.00476597947999835,0.046246741080773916
11.825928031,0.04033340886235237,-0.022950341925024986,-0.004913201555609703,0.04666520775116393
11.861856239,0.04109153524041176,-0.021812455728650093,-0.005089815706014633,0.04679961236217149
11.893556211,0.04173339158296585,-0.021091308444738388,-0.0052342489361763,0.04705227546946184
11.9261359,0.042363498359918594,-0.020527878776192665,-0.0053547038696706295,0.04737860966588986
11.961599464,0.04465928673744202,-0.020382694900035858,-0.004686282481998205,0.04931396746142106
11.993628464,0.05192495882511139,-0.02045704424381256,-0.0013674783986061811,0.05582617670370659
12.026558726,0.06370701640844345,-0.024141844362020493,0.0013985761906951666,0.06814226738395841
12.061570518,0.0819697380065918,-0.020433630794286728,0.013459407724440098,0.08554371322662607
12.093914784,0.0998140200972557,-0.020060932263731956,0.02216264232993126,0.1041943488213726
12.125770217,0.12010370939970016,-0.01972171664237976,0.031564805656671524,0.12573855444943444
12.161670577,0.14263488352298737,-0.01852388121187687,0.04076368361711502,0.1494975654477495
12.193644726,0.1673685610294342,-0.019148821011185646,0.05084521323442459,0.17596632710844418
12.22621877,0.19374170899391174,-0.019166937097907066,0.060159116983413696,0.203770313436037
12.261978011,0.22932259738445282,-0.019161870703101158,0.07025584578514099,0.24060738730757983
12.293904649,0.2596636414527893,-0.017960265278816223,0.0759241133928299,0.27113142351246466
12.326076298,0.29217642545700073,-0.01919141784310341,0.07564163208007812,0.30241863470262015
12.361620292,0.32408714294433594,-0.016560925170779228,0.08147754520177841,0.3345823229587039
12.393570888,0.35863834619522095,-0.01575315371155739,0.07968582957983017,0.3677219828203487
12.426105126,0.39487046003341675,-0.014974461868405342,0.07409468293190002,0.40204096402484824
12.461864665,0.44430553913116455,-0.007936020381748676,0.05853697657585144,0.44821531672710174
12.493834451,0.4860907793045044,-0.00816539116203785,0.04234280809760094,0.4879998286221827
12.526685584,0.5302103161811829,-0.013631787151098251,0.02189520187675953,0.5308372677865664
12.56181209,0.5766159892082214,-0.028892170637845993,-0.0021142158657312393,0.5773432483743697
12.593603404,0.623305082321167,-0.05631311237812042,-0.028635041788220406,0.6264984899353874
12.626067994,0.6704456806182861,-0.09713052213191986,-0.059517767280340195,0.6800544931190242
12.661751553,0.7259900569915771,-0.1594136655330658,-0.11139509826898575,0.7515870857909139
12.693629357,0.7660942077636719,-0.2086813598871231,-0.17078249156475067,0.8121667960206519
12.727156358,0.7988653779029846,-0.2371150404214859,-0.25427213311195374,0.8712426482234811
12.761211034,0.8243446350097656,-0.23720768094062805,-0.3649442791938782,0.9321994894243151
12.793675322,0.3806218206882477,-0.0009544667555019259,0.1547347903251648,0.41087313945766357
12.82613944,-0.10322359949350357,0.22511173784732819,0.7523784041404724,0.7920881699823596
12.861797726,0.0400296151638031,0.15601478517055511,0.475253164768219,0.5018052948148162
12.893685675,0.05644955113530159,0.04991135001182556,0.26248884201049805,0.27308988788197963
12.926112401,0.05589267984032631,-0.0599583201110363,0.08090214431285858,0.11517008624069583
12.961937711,0.10979640483856201,-0.11515665799379349,-0.0017968567553907633,0.15912113338577097
12.99381816,0.21108849346637726,-0.1247859001159668,-0.014668448828160763,0.24565226710266935
13.026433877,0.32659274339675903,-0.12471947818994522,-0.038475483655929565,0.35170745104696205
13.06203269,0.4887092113494873,-0.11591730266809464,-0.09278931468725204,0.510767433609284
13.093076892,0.6321035623550415,-0.11140406876802444,-0.16510286927223206,0.6627403243517994
13.125560305,0.5581172108650208,-0.9499199986457825,0.9535043835639954,1.4570564279967706
13.16174527,0.6183715462684631,-0.9266434907913208,0.7431074976921082,1.3391266860856001
13.194024102,0.6174232363700867,-0.9018235802650452,0.5342661738395691,1.2165268460831224
13.22623804,0.580863893032074,-0.8304298520088196,0.3129499554634094,1.060638617041788
13.261321922,0.5671882629394531,-0.6573773622512817,0.0026789361145347357,0.8682480628918402
13.29362607,0.6156747341156006,-0.5127319097518921,-0.2630751132965088,0.8433017874652637
13.326412853,0.6940683722496033,-0.39411473274230957,-0.5206368565559387,0.9529533379584779
13.361700051,0.7780895233154297,-0.27457332611083984,-0.7371845245361328,1.106460501292462
13.394312682,0.8678798079490662,-0.12399621307849884,-0.894902229309082,1.2527730927529859
13.426741794,0.9290456175804138,0.029517970979213715,-1.0265361070632935,1.3848369756981374
13.461837901,0.5414902567863464,0.13302205502986908,-0.22789941728115082,0.6023659267554906
13.493455931,0.3033934235572815,0.4254530072212219,-0.04671666771173477,0.5246334700088031
13.526107797,0.43582937121391296,0.5458442568778992,-0.18915227055549622,0.7236516945572644
13.56173109,0.5633082985877991,0.6304567456245422,-0.32008543610572815,0.9040169432971729
13.593778332,0.5262381434440613,0.39258286356925964,-0.268489271402359,0.7093196580117189
13.626165696,0.6020368337631226,0.4287082254886627,-0.33649742603302,0.8120773420900325
13.661359964,0.5745859742164612,-0.5582498908042908,1.2026088237762451,1.4450120986945978
13.693713324,0.667813241481781,-0.4828689992427826,1.0084116458892822,1.3023175662998872
13.726537848,0.6959551572799683,-0.44847264885902405,0.7718372941017151,1.131907286965444
13.761834314,0.702164351940155,-0.41431111097335815,0.5441844463348389,0.9802169073446302
13.794337588,0.6853253245353699,-0.3730831742286682,0.3371436595916748,0.8500162954584553
13.82641872,0.6490417718887329,-0.31526923179626465,0.15288585424423218,0.7375798225289664
13.861730097,0.587043821811676,-0.2132265567779541,-0.0649755597114563,0.6279393574243121
13.89374904,0.5192469954490662,-0.100518599152565,-0.22355763614177704,0.5741946078950723
13.926035033,0.44460347294807434,0.03274272382259369,-0.3569585382938385,0.5711074611504261
13.961770951,0.364170640707016,0.18065690994262695,-0.4529140889644623,0.6085953882880528
13.99364996,0.29699891805648804,0.31145837903022766,-0.5452612042427063,0.6946398059764987
14.026272464,0.24282416701316833,0.4417555630207062,-0.6037796139717102,0.7865503008665164
14.061710251,0.3919883072376251,0.41709989309310913,-0.13866016268730164,0.5889429467662982
14.094002081,0.390992134809494,0.5369090437889099,-0.26140016317367554,0.713776026560455
14.126243364,0.3593289256095886,0.6731297373771667,0.056200526654720306,0.7651009210015778
14.161744667,0.43911027908325195,0.7375551462173462,-0.012917413376271725,0.8584709025218011
14.193613434,0.5282670259475708,0.785931408405304,-0.1022585779428482,0.952476270667322
14.227122273,0.6258806586265564,0.8219545483589172,-0.2134542167186737,1.0549400841022707
14.261757969,0.6565625071525574,0.777061939239502,-0.2650531530380249,1.0512624587364023
14.293717658,0.7200241088867188,0.8173677325248718,-0.418978214263916,1.1670764634670445
14.326214283,-0.9869278073310852,-1.6554032564163208,4.364315509796143,4.77091566759299
14.361607094,-0.8911529779434204,-1.5987300872802734,4.152040958404541,4.537569353997966
14.393857141,-0.8781015872955322,-1.5844154357910156,3.906890869140625,4.306417412903463
14.426419967,-0.898412823677063,-1.5808790922164917,3.651681900024414,4.079351051934676
14.461784199,-0.9580094218254089,-1.578662395477295,3.311563014984131,3.7916232161715584
14.493987815,-1.0116138458251953,-1.5701801776885986,3.0171477794647217,3.548522098930813
14.526560132,-1.0651999711990356,-1.5517520904541016,2.6965816020965576,3.288485649297673
14.561853984,-1.1069234609603882,-1.523206353187561,2.3556902408599854,3.015744295144807
14.593743774,-1.1225577592849731,-1.5056054592132568,2.008009672164917,2.7493793054526905
14.625857433,-1.1151564121246338,-1.4895811080932617,1.6593447923660278,2.4931608133137524
14.661630186,-1.0799858570098877,-1.4691497087478638,1.2316573858261108,2.200397744526049
14.693841941,-1.0358725786209106,-1.4566899538040161,0.903252124786377,2.0027086711709683
14.726661093,-0.9845880270004272,-1.450211524963379,0.5908201932907104,1.849755538131803
14.761901573,-0.9338686466217041,-1.4509950876235962,0.2956906855106354,1.750694255130978
14.793698702,-0.8909649848937988,-1.4586964845657349,0.016341764479875565,1.7093510732607144
14.826243633,-0.8520618081092834,-1.472269892692566,-0.24110819399356842,1.7180573689426908
14.862114627,-0.81657475233078,-1.5032944679260254,-0.5110760927200317,1.7854655852160917
14.893510778,-0.8238323926925659,-1.5453417301177979,-0.6919450759887695,1.8829680991132407
14.927106529,-0.8830479979515076,-1.607672095298767,-0.8535357713699341,2.0230933358835825
14.961655971,-1.0115379095077515,-1.6917235851287842,-0.993483304977417,2.207293978635639
14.993652693,-1.1815656423568726,-1.7698414325714111,-1.1417146921157837,2.4149427533251533
15.026090667,-1.3625942468643188,-1.8232365846633911,-1.293915033340454,2.618219020392907
15.061829387,-1.6199004650115967,-1.8511486053466797,-1.4361544847488403,2.848397510827088
15.093880822,-1.8321313858032227,-1.848435640335083,-1.4986976385116577,3.003250629399189
15.126692075,-2.023958206176758,-1.8066651821136475,-1.5178757905960083,3.108760655999338
15.162051356,-2.175894260406494,-1.7281672954559326,-1.4998587369918823,3.1576342828903226
15.193631953,-2.2714364528656006,-1.621698260307312,-1.4572415351867676,3.148472915361336
15.226030743,-2.3242244720458984,-1.500822901725769,-1.4050812721252441,3.1030214565933454
15.2618126,-2.2964446544647217,-1.3478387594223022,-1.3391751050949097,2.980556547782076
15.293588848,-2.2033133506774902,-1.2378029823303223,-1.2924073934555054,2.83849657653448
15.325984195,-2.059720754623413,-1.1428978443145752,-1.256391167640686,2.6696786015718956
15.361761706,-1.8817529678344727,-1.0576391220092773,-1.231485366821289,2.4851863014778925
15.393434675,-1.6721515655517578,-0.989461362361908,-1.21383535861969,2.2909650638147383
15.426183676,-1.4387106895446777,-0.9334127902984619,-1.1988664865493774,2.092469530930888
15.462137261,-1.116762399673462,-0.8664326071739197,-1.1778173446655273,1.8398688587759668
15.493930532,-0.8469869494438171,-0.8115739822387695,-1.1622509956359863,1.6513226813775312
15.526618852,-0.5806344747543335,-0.7553911209106445,-1.1560391187667847,1.4980582708769925
15.561410237,-0.3234767019748688,-0.6959834694862366,-1.1628940105438232,1.3933243148231265
15.594140256,-0.06595569103956223,-0.6313285827636719,-1.1808937788009644,1.3406849180197835
15.626224438,0.18654371798038483,-0.5614271759986877,-1.207049012184143,1.3442344849327896
15.661491153,0.49229687452316284,-0.4671701192855835,-1.2481313943862915,1.4207167594813717
15.693847259,0.7809175252914429,-0.5532622337341309,-0.40353405475616455,1.0386390200313786
15.726375223,0.9440299868583679,-0.5161025524139404,-0.48944851756095886,1.1819959018704822
15.76173804,1.0937402248382568,-0.34103986620903015,-0.25430741906166077,1.1735621556453313
15.793836734,-1.2904460430145264,-0.40585678815841675,3.3987843990325928,3.6581014356539456
15.826159103,-1.1682143211364746,-0.4333319664001465,3.166895866394043,3.403194193959
15.861685676,-1.1290889978408813,-0.43841901421546936,2.867398738861084,3.1127204700539886
15.893769254,-1.1338776350021362,-0.40115994215011597,2.6071126461029053,2.8711746968468526
15.926089362,-1.1240980625152588,-0.3409607410430908,2.3145523071289062,2.5955737445734335
15.961639207,-1.071341633796692,-0.2969966530799866,2.0064587593078613,2.2938737238675806
15.993931909,-0.9983408451080322,-0.2870354652404785,1.7086772918701172,1.9996629438656495
16.026538543,-0.9417299032211304,-0.30421045422554016,1.4425649642944336,1.7493978642066503
16.06252218,-0.9312612414360046,-0.3168475925922394,1.1346889734268188,1.501718669774347
16.09371629,-0.9579954743385315,-0.28853273391723633,0.8737787008285522,1.3283432107013968
16.126361629,-0.9821569919586182,-0.22813183069229126,0.5795284509658813,1.1629831101555737
16.161289423,-0.9767587780952454,-0.14964136481285095,0.2570299804210663,1.021036071588278
16.193600167,-0.9205864071846008,-0.055066436529159546,-0.07363494485616684,0.9251668771789456
16.229401534,-0.8134933114051819,0.03213527426123619,-0.3849727511405945,0.9005598606831037
16.261926096,-0.5929760336875916,0.10752404481172562,-0.6784934997558594,0.9074885266225111
16.29350902,-0.4622734785079956,0.13875646889209747,-0.845776379108429,0.9738007034547935
16.326312151,-0.38363975286483765,0.17670530080795288,-0.9994982481002808,1.0850810897197283
16.361577446,-0.3247227072715759,0.23840580880641937,-1.1549127101898193,1.2231539291718023
16.393823002,-0.2765262722969055,0.32539066672325134,-1.2892640829086304,1.3581412815827578
16.426275639,-0.21882475912570953,0.44353654980659485,-1.369454026222229,1.45602653690001
16.461648142,-0.13723914325237274,0.5980157852172852,-1.4225410223007202,1.54921929433443
16.49440655,-0.0904289186000824,0.6826920509338379,-1.5171265602111816,1.6661088876257886
16.525936727,-0.043435581028461456,0.7451015710830688,-1.6386362314224243,1.8006087025947703
16.561573496,0.034557584673166275,0.8084003925323486,-1.7029236555099487,1.885379112486469
16.593552917,0.13231821358203888,0.8638342618942261,-1.7449519634246826,1.951557095328635
16.626190349,0.23799745738506317,0.9018816351890564,-1.780004858970642,2.009589652534103
16.662060105,0.371399849653244,0.9291976094245911,-1.813952922821045,2.071659057831148
16.693042971,-0.1858230084180832,0.8028076887130737,0.15459054708480835,0.8384083806608537
16.726192442,-0.020600147545337677,0.856893002986908,0.11164462566375732,0.8643809964861624
16.761256278,0.15428492426872253,0.9061184525489807,0.07481249421834946,0.9221992177385184
16.793719312,0.32281309366226196,0.9261334538459778,0.02732001431286335,0.9811614805701125
16.826163019,0.4736241102218628,0.9247118830680847,-0.03144722059369087,1.0394232978694689
16.861777877,0.6010432243347168,0.9021890163421631,-0.07829876989126205,1.0868894498032435
16.893911099,0.6877465844154358,0.88430255651474,-0.14114612340927124,1.1291185075035606
16.926397662,0.5495827198028564,0.6625300645828247,0.32389020919799805,0.9197239368399356
16.961672464,0.6277626752853394,0.6563321948051453,0.18937255442142487,0.9277499074574145
16.993913725,0.651329755783081,0.61138916015625,0.13967670500278473,0.9041773818479688
17.025437103,0.680705726146698,0.600142776966095,0.04420902207493782,0.90856264285205
17.06193356,0.7139908671379089,0.5895776748657227,-0.04863280430436134,0.9272270178930946
17.09357548,0.741387128829956,0.5809178352355957,-0.09826387465000153,0.9469826794354624
17.126811292,0.7556866407394409,0.5751388669013977,-0.11679378896951675,0.9568112689316219
17.16209231,0.7531983256340027,0.5727217793464661,-0.12726925313472748,0.9547331653761267
17.194130614,0.6667937636375427,0.5145206451416016,-0.008752617053687572,0.8422719429068842
17.225955811,0.5332299470901489,0.43559157848358154,0.1879671961069107,0.713726745002508
17.261908872,0.49050721526145935,0.38945552706718445,0.17846865952014923,0.6512480312581751
17.293648182,0.47613683342933655,0.37105804681777954,0.1423538327217102,0.620205588451847
17.32599709,0.45212891697883606,0.3439364731311798,0.12781600654125214,0.5822798181686563
17.3618242,0.4142906367778778,0.3049706518650055,0.12882623076438904,0.5303206840711999
17.393749068,0.36770564317703247,0.2892283499240875,0.11501801759004593,0.4817568087680647
17.426170885,0.3080027401447296,0.2795117497444153,0.10775842517614365,0.42965612340369247
17.46187122,0.22233283519744873,0.27050653100013733,0.10372169315814972,0.36519017313210594
17.49384719,0.1497698575258255,0.26747357845306396,0.1012931689620018,0.3228520272077567
17.526103938,0.11495453119277954,0.25206130743026733,0.09720070660114288,0.29359397866606346
17.562030655,0.09512917697429657,0.2377164363861084,0.09149014949798584,0.27189908402766194
17.593821204,0.08163705468177795,0.2251543253660202,0.08459750562906265,0.2539996395406942
17.625925954,0.07440436631441116,0.21447698771953583,0.07642432302236557,0.23953510209846465
17.661807202,0.07347147911787033,0.2074987292289734,0.06514593958854675,0.22955995800722967
17.693707674,0.07472935318946838,0.20683501660823822,0.05579958111047745,0.22688938621176452
17.726524895,0.07500003278255463,0.21266087889671326,0.04421806335449219,0.22979314928284675
17.761684724,0.08239788562059402,0.21890725195407867,0.03404713794589043,0.23636624994938993
17.793946743,0.09011318534612656,0.2324974089860916,0.020195212215185165,0.2501665004649657
17.826166363,0.1016024574637413,0.25370630621910095,0.0012829488841816783,0.27329763104690646
17.861829494,0.12241880595684052,0.2924962043762207,-0.03186506778001785,0.31867817021411987
17.893746303,0.1448650360107422,0.3341771066188812,-0.07013082504272461,0.3709158258523543
17.926285622,0.1673259139060974,0.3851090669631958,-0.12248110771179199,0.4373883590907302
17.96149103,0.19269350171089172,0.44136330485343933,-0.19548474252223969,0.5197563246673789
17.993803844,-0.23531360924243927,0.6369607448577881,0.17673683166503906,0.701660454102615
18.026918147,-0.3684466481208801,0.4511050879955292,0.40511512756347656,0.7094836146858767
18.061728123,-0.5344875454902649,0.3938734531402588,0.5315025448799133,0.8504752721782474
18.093640946,-0.5090095400810242,0.4734925925731659,0.28813791275024414,0.752535317363392
18.125478718,-0.4827403128147125,0.5407686829566956,0.05334194377064705,0.7268523516150969
18.161559325,-0.37560364603996277,0.3445761501789093,-0.09407728165388107,0.5183255319912531
18.193879866,-0.34939661622047424,0.3784578740596771,-0.1446722447872162,0.5350125384286428
18.226576186,-0.20126673579216003,0.3629627525806427,0.15060873329639435,0.44151245649754034
18.261574941,-0.1270495057106018,0.3824653625488281,0.08992023020982742,0.4129249063109455
18.293761004,-0.0578099861741066,0.4177602231502533,0.02681189775466919,0.422592565492114
18.325951048,0.01486432645469904,0.46498367190361023,-0.046047139912843704,0.46749449454733594
18.361605637,0.08590823411941528,0.5215806365013123,-0.13392260670661926,0.54530894880767
18.395144675,0.5233078002929688,0.006630735006183386,0.7488346099853516,0.9135908786793471
18.426110815,0.584987998008728,0.12456506490707397,0.5386887192726135,0.8049304003956689
18.461675797,0.6496750712394714,0.18316902220249176,0.26826295256614685,0.7263563867717664
18.49353964,0.6915749907493591,0.19692076742649078,0.0748046413064003,0.7229450123175298
18.526422504,0.7086353302001953,0.18414022028446198,-0.09202738851308823,0.7379300049265437
18.561717236,0.6887074112892151,0.15188397467136383,-0.22814011573791504,0.7412385260734717
18.593894434,0.5916540622711182,0.12974844872951508,-0.2032930701971054,0.6389188224960953
18.626010891,0.5343268513679504,0.11650899797677994,-0.08345533907413483,0.5532127297182522
18.6617325,0.5259987711906433,0.09181026369333267,-0.1204032450914383,0.547357993676949
18.693571983,0.4783463478088379,0.04065418988466263,-0.08652777224779129,0.487806362184215
18.72662061,0.45702484250068665,0.0019105598330497742,-0.14340156316757202,0.4789982935466015
18.761662353,0.44983768463134766,-0.051646552979946136,-0.15923336148262024,0.4799755955861266
18.793433427,0.4389645457267761,-0.07269252091646194,-0.18386758863925934,0.48143677170976573
18.825790527,0.31463363766670227,-0.19057315587997437,0.07408250868320465,0.3752341559429682
18.862206037,0.28659242391586304,-0.17301565408706665,-0.04173476621508598,0.33735948884857697
18.893926132,0.10847020894289017,-0.10895795375108719,0.044076766818761826,0.15993868602353156
18.926471327,0.039289120584726334,-0.079402394592762,0.03214176371693611,0.09424154199832044
18.961645333,0.0344095379114151,-0.08232127130031586,0.030715249478816986,0.09436225176585862
18.99361007,0.030745267868041992,-0.08417436480522156,0.02941773645579815,0.09431860052409054
19.026081981,0.027235019952058792,-0.0859658345580101,0.02822769246995449,0.09449165913043611
19.061830633,0.02315971627831459,-0.08815160393714905,0.02691081166267395,0.0950329917403842
19.093570786,0.020324477925896645,-0.08922041952610016,0.025742800906300545,0.09505818987270377
19.126092108,0.017578253522515297,-0.09038636088371277,0.024697603657841682,0.09533446835820934
19.161626648,0.014912610873579979,-0.09158115088939667,0.023772137239575386,0.09578417233671993
19.193691846,0.012278520502150059,-0.09284908324480057,0.02288099192082882,0.09641189820972647
19.226742555,0.009979655966162682,-0.09358086436986923,0.021768266335129738,0.09659621694793212
19.261964648,0.007273381110280752,-0.0944291278719902,0.02054367959499359,0.0969113256267905
19.294142972,0.0050893304869532585,-0.09512654691934586,0.0195731483399868,0.09725260587533409
19.326557799,0.002724079880863428,-0.09592041373252869,0.018786124885082245,0.09778069783967953
19.36197154,0.00031474261777475476,-0.09609881788492203,0.0182898361235857,0.09782433218388191
19.395051733,-0.0020487713627517223,-0.09638896584510803,0.01784372143447399,0.09804809327782638
19.426134936,-0.004372237250208855,-0.0967869684100151,0.017489029094576836,0.09845151015217761
19.461519329,-0.007758257910609245,-0.09597199410200119,0.016762515529990196,0.09773329087171496
19.493636767,-0.010654851794242859,-0.09484196454286575,0.016096265986561775,0.0967864343997527
19.526698529,-0.01344861276447773,-0.09394291043281555,0.015442767180502415,0.09614891920384794
19.561914659,-0.01618889532983303,-0.09324891865253448,0.014745848253369331,0.09578560018384119
19.59366172,-0.018666278570890427,-0.09125286340713501,0.014307089149951935,0.0942348546750723
19.626253089,-0.020997678861021996,-0.08913470059633255,0.013997959904372692,0.09263822240000551
19.661939157,-0.023933252319693565,-0.08685639500617981,0.013701792806386948,0.09112943018683269
19.693606521,-0.02594190463423729,-0.08508926630020142,0.01336739119142294,0.0899547264062483
19.726346521,-0.026989834383130074,-0.08301451057195663,0.012681609019637108,0.08820818177956755
19.761768665,-0.028005793690681458,-0.0813310295343399,0.012085081078112125,0.08686259281201102
19.793590415,-0.029073068872094154,-0.07988885790109634,0.01152476854622364,0.08579215139176263
19.825914412,-0.03001812845468521,-0.07856762409210205,0.0109367985278368,0.08481493473108571
19.861829434,-0.03044234775006771,-0.07684475928544998,0.009854328818619251,0.08324038300392589
19.893708007,-0.03083200752735138,-0.07571229338645935,0.009096668101847172,0.08225395691733689
19.926532126,-0.03139999881386757,-0.0747981145977974,0.008316145278513432,0.0815467727453972
19.961845161,-0.031823646277189255,-0.07386600971221924,0.007156764157116413,0.08074745275475824
19.993117266,-0.03224902227520943,-0.07284722477197647,0.005783949978649616,0.07987597681431718
20.025821916,-0.03278601914644241,-0.07208574563264847,0.004564255475997925,0.07932282271160024
20.061020338,-0.033595822751522064,-0.07143163681030273,0.0032866313122212887,0.07900607564695994
20.09307058,-0.03322874382138252,-0.07054547220468521,0.002458346076309681,0.0780183089406582
20.125164824,-0.033028800040483475,-0.06984062492847443,0.001741538173519075,0.07727643546207284
20.161032178,-0.033074699342250824,-0.06933052092790604,0.0010533577296882868,0.07682295510602152
20.193163021,-0.03329071030020714,-0.06906899064779282,0.000444843084551394,0.07667460301016943
20.225463209,-0.034954436123371124,-0.0675482451915741,-0.0006925839697942138,0.07605956682573903
20.261077388,-0.0370691679418087,-0.06602150201797485,-0.0019257867243140936,0.07574081195178078
20.293012951,-0.03884926810860634,-0.06499886512756348,-0.0028690469916909933,0.07577829195149556
20.325117356,-0.040599480271339417,-0.06408099830150604,-0.003730060765519738,0.07595133636042863
20.361619788,-0.04211002215743065,-0.0631808191537857,-0.004633251577615738,0.07606929009281048
20.393783411,-0.04360967501997948,-0.06254762411117554,-0.005393250845372677,0.0764401477757745
20.426345125,-0.04514893889427185,-0.062073200941085815,-0.006061395164579153,0.07699512627233164
20.46164138,-0.04791015014052391,-0.060999441891908646,-0.006851880345493555,0.07786695487741153
20.493805804,-0.050461143255233765,-0.06003090366721153,-0.007464840542525053,0.07877664766955103
20.526646147,-0.05291749909520149,-0.05919098109006882,-0.008048618212342262,0.07980359771353408
20.561555979,-0.055361054837703705,-0.058430757373571396,-0.008590515702962875,0.08094934687837362
20.593713994,-0.05703992396593094,-0.057190604507923126,-0.009213149547576904,0.08129698822592923
20.626011074,-0.05843063443899155,-0.055645547807216644,-0.00969312246888876,0.08126821429627437
20.661514041,-0.06030728295445442,-0.05324184522032738,-0.009829453192651272,0.08104492957539323
20.693768076,-0.0617615208029747,-0.05111488327383995,-0.00959194265305996,0.08074169993165954
20.726613504,-0.06293175369501114,-0.04909933730959892,-0.00918705202639103,0.08034645276741803
20.762141569,-0.06426502764225006,-0.046836044639348984,-0.008548888377845287,0.07997932450211813
20.793779624,-0.06567586958408356,-0.04432527348399162,-0.007694319821894169,0.07960686071299254
20.826243403,-0.0662195011973381,-0.04153933748602867,-0.006936534307897091,0.07847709478444703
20.861727038,-0.06367657333612442,-0.03760002925992012,-0.006698938552290201,0.07425189539604386
20.893809204,-0.062011025846004486,-0.03390388563275337,-0.006042097695171833,0.07093199371250365
20.926006102,-0.06073926389217377,-0.02983936294913292,-0.005059877876192331,0.0678619784820277
20.961865328,-0.05934418365359306,-0.02444448135793209,-0.0038786353543400764,0.0642985895224896
20.993628796,-0.057831037789583206,-0.017970850691199303,-0.00263290386646986,0.060616108330671076
21.026491638,-0.056589413434267044,-0.011553967371582985,-0.0012232197914272547,0.057769820334809305
21.06178153,-0.05527879670262337,-0.0038020838983356953,0.0005700649926438928,0.05541232878119982
21.093596507,-0.05351445451378822,0.004121086560189724,0.0021770023740828037,0.05371703208184204
21.126331828,-0.05200164020061493,0.011788371950387955,0.0037657124921679497,0.05345387626139543
21.161663639,-0.04901079460978508,0.01962435245513916,0.004456871189177036,0.05298147693640657
21.193762905,-0.04992346465587616,0.026710620149970055,0.006871902849525213,0.057035362721874705
21.2262122,-0.04871160164475441,0.033140528947114944,0.008357187733054161,0.05950594407701902
21.261507489,-0.04756804555654526,0.04135892540216446,0.010187339037656784,0.06385187190019988
21.293684374,-0.046948838979005814,0.04825122654438019,0.011604386381804943,0.06831570923156646
21.326275811,-0.046571034938097,0.05558590590953827,0.013014331459999084,0.07367514543141544
21.361663851,-0.0467689074575901,0.06384137272834778,0.014399925246834755,0.08043885518660049
21.394074123,-0.04718250408768654,0.07248641550540924,0.015677854418754578,0.08789917089474196
21.426255123,-0.04771733283996582,0.08187539875507355,0.016926290467381477,0.09626538362074162
21.461615001,-0.0486561544239521,0.09410753101110458,0.018312513828277588,0.10751277560850311
21.493785439,-0.049544770270586014,0.10506190359592438,0.01948240026831627,0.11778052372348895
21.526029027,-0.05057773366570473,0.11715730279684067,0.020225396379828453,0.12920142181923058
21.562084534,-0.05157305300235748,0.12687093019485474,0.0195680670440197,0.13834349269962404
21.593649244,-0.05205175280570984,0.13265588879585266,0.01778431609272957,0.14360797923949237
21.626173691,-0.0523499920964241,0.1353302001953125,0.015045195817947388,0.14588057675578134
21.661888671,-0.0535326786339283,0.13596931099891663,0.010574765503406525,0.14651015965009248
21.694298646,-0.05513928830623627,0.13556048274040222,0.0059901271015405655,0.14646797335397846
21.726769816,-0.05646616965532303,0.13474290072917938,-0.0006158056785352528,0.1460974223903041
21.761116148,-0.05330799147486687,0.13041086494922638,-0.002925260690972209,0.1409159068451819
21.793700956,-0.05310523509979248,0.12816689908504486,-0.008556955493986607,0.13899691184845211
21.826164574,-0.04825893044471741,0.12083759903907776,-0.009491808712482452,0.13046357400374772
21.861652173,-0.046804022043943405,0.11290447413921356,-0.015594911761581898,0.12321216674092623
21.89439703,-0.04411747679114342,0.10322196036577225,-0.01709490828216076,0.11354893548310184
21.926543052,-0.0387638695538044,0.0937492847442627,-0.02288719452917576,0.10399706556562806
21.961425949,-0.04317159950733185,0.08444162458181381,-0.023116584867239,0.09761429947482951
21.993470929,-0.042723558843135834,0.07984665036201477,-0.025143938139081,0.09398408205328526
22.026146293,-0.0425230972468853,0.07996849715709686,-0.027182085439562798,0.09456236093645487
22.061562591,-0.04268879443407059,0.08688533306121826,-0.030185680836439133,0.10140300586744228
22.094012817,-0.043314747512340546,0.09809046238660812,-0.03318155184388161,0.11224491768469785
22.126533263,-0.04984870180487633,0.11437731236219406,-0.04009915143251419,0.1310534417725765
22.161786238,-0.04538300633430481,0.13703583180904388,-0.043724384158849716,0.15083188732362524
22.194134311,-0.046784840524196625,0.16576701402664185,-0.05293281748890877,0.18019269521680814
22.226183298,-0.05434700474143028,0.1998792141675949,-0.0683436244726181,0.2181195731397679
22.261721768,-0.0518762432038784,0.25469809770584106,-0.09047330170869827,0.2752229712542092
22.29885292,-0.05445825681090355,0.3079097270965576,-0.12020400911569595,0.3349971725000753
22.329748257,-0.05736354738473892,0.3697396218776703,-0.16245520114898682,0.4079088831285261
22.360980647,-0.06054471805691719,0.43888118863105774,-0.22164364159107208,0.4953869845651511
22.3935134,-0.06357970088720322,0.5110998749732971,-0.3166712820529938,0.6046041361417509
22.425794162,-0.06685496121644974,0.5888445973396301,-0.4193437397480011,0.725986720072181
22.461820083,0.6084688305854797,-0.46735435724258423,1.5769644975662231,1.7537022095019386
22.495460927,0.6256821155548096,-0.44238516688346863,1.3008095026016235,1.5097311375414961
22.526436724,0.6392529010772705,-0.4320349097251892,1.0300346612930298,1.286961475034123
22.561897452,0.6439692378044128,-0.43239638209342957,0.7616167664527893,1.0870708851900535
22.59369016,0.6403624415397644,-0.4350743889808655,0.4919164776802063,0.9172434799414725
22.626194879,0.6252091526985168,-0.437088280916214,0.2178664207458496,0.7933463475814937
22.66179909,0.5929117202758789,-0.4352579414844513,-0.13340047001838684,0.7475222197813993
22.69414623,0.5637165307998657,-0.4273185431957245,-0.4221784472465515,0.823779160804315
22.726805178,0.5361345410346985,-0.40995967388153076,-0.7117594480514526,0.9808713943173418
22.761807957,0.49728015065193176,-0.3697822690010071,-0.9905491471290588,1.1684237619879385
22.793563917,0.4532131552696228,-0.2992933392524719,-1.2513642311096191,1.3641448258637756
22.826467865,0.41733992099761963,-0.20840241014957428,-1.4887527227401733,1.560124624406887
22.861720359,0.5461077094078064,-0.12328221648931503,-0.15525248646736145,0.5809780286133527
22.893640709,0.5913707613945007,-0.10345207899808884,-0.220936581492424,0.6397145325243885
22.926889038,0.643280029296875,-0.10658622533082962,-0.3311369717121124,0.7313149209178841
22.961482396,0.7105307579040527,-0.10135066509246826,-0.45161640644073486,0.8479877910729825
22.993715476,0.3100569546222687,-0.9934525489807129,0.9225344657897949,1.39073833727124
23.026144283,0.32192930579185486,-0.9469028115272522,0.6063300371170044,1.169572368994817
23.06194937,0.23251867294311523,-1.7382081747055054,1.5407291650772095,2.3343690693632375
23.093791163,0.2555559277534485,-1.7166165113449097,1.251806378364563,2.1398832417087847
23.126082216,0.27619701623916626,-1.701111912727356,0.9691904187202454,1.9772194109763
23.161514686,0.28846603631973267,-1.6876306533813477,0.6917970180511475,1.8465895565953012
23.193643567,0.2950400114059448,-1.6766752004623413,0.4181816577911377,1.7530442764199645
23.226171924,0.30568838119506836,-1.660771131515503,0.14345350861549377,1.694752208084427
23.261665831,0.30975836515426636,-1.641103982925415,-0.19952523708343506,1.6819580398422267
23.293773006,0.3067444860935211,-1.623641848564148,-0.47485753893852234,1.7192424827360253
23.326378234,0.2993665039539337,-1.6000943183898926,-0.745128333568573,1.7902900225717324
23.361629209,0.2889458239078522,-1.5620248317718506,-1.0012415647506714,1.8777369185298665
23.394041851,0.2717225253582001,-1.5028879642486572,-1.2385015487670898,1.966314178906563
23.426155243,0.2507514953613281,-1.425196886062622,-1.4570213556289673,2.0535271381765106
23.461692274,0.19246776401996613,-1.1759817600250244,-0.05505216866731644,1.192898856304831
23.494149207,0.14727775752544403,-1.1403008699417114,-0.1785610169172287,1.1635552623808043
23.526311301,0.12795822322368622,-1.14131760597229,-0.30899518728256226,1.1893095519488053
23.561772242,0.114934042096138,-1.1556060314178467,-0.4600410759449005,1.2491088525178276
23.593914045,-0.028665879741311073,-1.11675226688385,-0.32629090547561646,1.163796852224502
23.62647127,-0.17424394190311432,-1.0596002340316772,-0.2160596400499344,1.0953517130622603
23.661808087,-0.1094733402132988,-0.6614781022071838,0.2733944356441498,0.7240733452891753
23.694089863,-0.10752060264348984,-0.5864802002906799,0.15619446337223053,0.6163736007600864
23.726464307,-0.10192672163248062,-0.497201532125473,0.06550970673561096,0.5117518361542523
23.761727728,-0.09449208527803421,-0.40463194251060486,-0.013561944477260113,0.4157399300260934
23.793686915,-0.08342581987380981,-0.31445732712745667,-0.09591225534677505,0.33917906588034974
23.826219257,-0.06374318897724152,-0.2312159687280655,-0.1926470398902893,0.3076311107712235
23.862294392,0.01982637494802475,-0.11469602584838867,-0.07689930498600006,0.1395054357232139
23.893768996,0.08216158300638199,-0.04472219571471214,-0.10011599212884903,0.13701756234732604
23.926151422,0.15236124396324158,0.012664299458265305,-0.1351298987865448,0.20404514865307843
23.961518322,0.23418588936328888,0.05290626361966133,-0.17446592450141907,0.2967835277086694
23.993748276,0.3152522146701813,0.08753958344459534,-0.23878847062587738,0.40505193645747806
24.026093848,0.05064849928021431,0.10926267504692078,0.04098976403474808,0.1272154212089525
24.061960643,-0.06275806576013565,0.01736004836857319,-0.013428300619125366,0.06648507618127782
24.093474772,-0.15057463943958282,-0.01872936822474003,-0.06777970492839813,0.16618543761906152
24.126507601,-0.11277385801076889,0.005426801275461912,0.03308671712875366,0.11765255659387339
24.161989587,-0.019105195999145508,0.043245743960142136,-0.02649824321269989,0.05419741486631379
24.193538817,-0.048127252608537674,0.03890116885304451,-0.0025910132098942995,0.06193744207854344
24.226174385,-0.05316358432173729,0.03876255452632904,-0.006225930992513895,0.06608830870936741
24.261924986,-0.05271902680397034,0.040990155190229416,-0.006152661517262459,0.06706223865501984
24.29394212,-0.05234710872173309,0.04253605008125305,-0.006097501143813133,0.067725289724287
24.326337037,-0.05219867452979088,0.043857723474502563,-0.006059999577701092,0.06844651288352614
24.361552282,-0.05236443877220154,0.04477854073047638,-0.006133025046437979,0.06917200412087834
24.393684796,-0.05254983529448509,0.045503195375204086,-0.006153481546789408,0.06978460656891448
24.425286957,-0.052650775760412216,0.046093378216028214,-0.006155932787805796,0.07024670249931321
24.461378918,-0.052982453256845474,0.046540725976228714,-0.006303923670202494,0.07080197017843476
24.493575948,-0.05331435054540634,0.04672645777463913,-0.006456098519265652,0.07118611548844386
24.527134076,-0.053731467574834824,0.046876270323991776,-0.006567435804754496,0.07160716821857327
24.561681995,-0.054130006581544876,0.04696353152394295,-0.006662400439381599,0.07197234528159512
24.593470384,-0.053755905479192734,0.04678942263126373,-0.0068062832579016685,0.07159101155760904
24.625882485,-0.05321416258811951,0.04648995026946068,-0.007004610262811184,0.07100793716864069
24.661388147,-0.052733540534973145,0.046034377068281174,-0.007159200496971607,0.07036507884721076
24.694220122,-0.05227348953485489,0.045744750648736954,-0.007458457723259926,0.06986221089884974
24.726600705,-0.05150079354643822,0.04581655189394951,-0.008157792501151562,0.06941208642488472
24.761859959,-0.0508456826210022,0.045810114592313766,-0.008835302665829659,0.06900661282336223
24.793107217,-0.050281982868909836,0.04578959196805954,-0.00948039349168539,0.06866470996507533
24.825921658,-0.04966440796852112,0.04592902958393097,-0.010104956105351448,0.06839692475014056
24.861556405,-0.048507995903491974,0.046593256294727325,-0.011088761501014233,0.06816830517436763
24.894301083,-0.04780472815036774,0.04706205800175667,-0.011781127192080021,0.06810964905802436
24.926661058,-0.04731544479727745,0.0474461205303669,-0.01242310181260109,0.06814850789556999
24.961790592,-0.04676094278693199,0.04720338433980942,-0.012823043391108513,0.06766960695367415
24.993706815,-0.046034011989831924,0.04637232795357704,-0.012964430265128613,0.066615309890546
25.026151653,-0.045357923954725266,0.045506495982408524,-0.013060860335826874,0.06556499458393616
25.061859254,-0.04468414932489395,0.04456676170229912,-0.013182493858039379,0.06447206832292711
25.093923182,-0.04445862025022507,0.04454375058412552,-0.013253191486001015,0.06431455290382664
25.126087244,-0.04427000507712364,0.04439794644713402,-0.013317253440618515,0.06409649161578813
25.161545027,-0.04410603642463684,0.04424405097961426,-0.01340342778712511,0.06389468188059766
25.193650655,-0.043996695429086685,0.04402739554643631,-0.013555163517594337,0.06370135968149265
25.22673509,-0.043303877115249634,0.042962025851011276,-0.013916178606450558,0.06256693588024137
25.261436511,-0.042658571153879166,0.04168444499373436,-0.014315854758024216,0.061337511726341505
25.293688468,-0.042263031005859375,0.04074223339557648,-0.014550305902957916,0.06047978814225055
25.326228453,-0.04218636453151703,0.0398327112197876,-0.014799841679632664,0.05987795545313169
25.361837741,-0.04267902672290802,0.03869445249438286,-0.01500807423144579,0.059531523313210585
25.394521218,-0.04314728453755379,0.03762131929397583,-0.015185929834842682,0.05922553750986707
25.425987462,-0.043655335903167725,0.03666986897587776,-0.015346905216574669,0.059042316547142475
25.461502797,-0.044291362166404724,0.035596802830696106,-0.015706993639469147,0.058953937811764584
25.493927591,-0.044735249131917953,0.034844622015953064,-0.016091326251626015,0.058943370949290606
25.526332355,-0.04513135552406311,0.03416932746767998,-0.016335519030690193,0.0589171568648299
25.561744967,-0.045557305216789246,0.03349525108933449,-0.016576873138546944,0.0589253139762932
25.594494957,-0.0461006797850132,0.03249144181609154,-0.017355531454086304,0.05901000711728957
25.626018465,-0.04662233218550682,0.031436383724212646,-0.01824461854994297,0.05911644598675237
25.661718817,-0.04724108800292015,0.0302465558052063,-0.019132554531097412,0.05926743774335551
25.693595968,-0.04769331216812134,0.029230518266558647,-0.01985654979944229,0.05935787895162041
25.726354112,-0.04808543622493744,0.028099030256271362,-0.02062048204243183,0.05938828973752008
25.761632456,-0.04839955270290375,0.026997223496437073,-0.021283896639943123,0.059366413354164434
25.79434696,-0.048670414835214615,0.02579406090080738,-0.02187200076878071,0.05926657806568541
25.82637878,-0.04861944168806076,0.02471364475786686,-0.022366449236869812,0.058948048303080015
25.861986454,-0.04738736152648926,0.023310426622629166,-0.022980498149991035,0.0575937610943487
25.893418802,-0.0465269610285759,0.02226998470723629,-0.023409917950630188,0.056645693392087595
25.926151192,-0.045734796673059464,0.021324822679162025,-0.023755354806780815,0.05577397754347307
25.961691432,-0.044774603098630905,0.020741112530231476,-0.023734478279948235,0.05475659130052735
25.993800438,-0.04363260790705681,0.020475804805755615,-0.023424072191119194,0.05358871348734848
26.026592188,-0.04260356351733208,0.02019464410841465,-0.023111654445528984,0.05250748371661334
26.061666892,-0.04141116887331009,0.02003282867372036,-0.022778460755944252,0.051332810234142955
26.094421943,-0.039315320551395416,0.019595718011260033,-0.022839248180389404,0.049510785207681936
26.126699075,-0.03749687969684601,0.019197504967451096,-0.022852174937725067,0.0479247543901838
26.162016451,-0.035933732986450195,0.01881995052099228,-0.022865450009703636,0.04656449836624843
26.193287388,-0.0346309170126915,0.018366962671279907,-0.022885186597704887,0.045391381302179894
26.226113542,-0.03219496086239815,0.017968297004699707,-0.022847449406981468,0.043374890738594685
26.261958644,-0.029491830617189407,0.01755141280591488,-0.02273329347372055,0.04116579644315082
26.293632561,-0.027557503432035446,0.01727559231221676,-0.02258109673857689,0.03959505038589465
26.326022775,-0.02554798126220703,0.016942745074629784,-0.02245854027569294,0.03800186822450832
26.361988871,-0.023148851469159126,0.016558445990085602,-0.02221015840768814,0.036101836441410746
26.393574096,-0.021023303270339966,0.016161320731043816,-0.02200942300260067,0.03446131554476354
26.426301518,-0.019157033413648605,0.01580399088561535,-0.021762555465102196,0.03302070377045153
26.461150447,-0.017084363847970963,0.015325842425227165,-0.021551543846726418,0.03148374145984116
26.493715698,-0.015599733218550682,0.014839839190244675,-0.021397065371274948,0.03035468514389317
26.526626134,-0.01434063259512186,0.014388881623744965,-0.021205708384513855,0.029366234448758632
26.561853898,-0.013203977607190609,0.013896971009671688,-0.021075725555419922,0.02848959521618773
26.593680143,-0.011510524898767471,0.013461584225296974,-0.021323153749108315,0.027719727976804213
26.626262134,-0.009832260198891163,0.01301242783665657,-0.02162499912083149,0.027085738051580887
26.661750602,-0.008121440187096596,0.012447843328118324,-0.021919552236795425,0.026483454542328325
26.694348302,-0.0070059578865766525,0.012185141444206238,-0.022109588608145714,0.026199141710087467
26.726587215,-0.006173537578433752,0.01231706328690052,-0.022108260542154312,0.026049909758876777
26.761889767,-0.005448699463158846,0.012400664389133453,-0.022158509120345116,0.025970451085188483
26.793522454,-0.004818772431463003,0.01235195528715849,-0.022179296240210533,0.025840134459271056
26.82603211,-0.004487639758735895,0.012478483840823174,-0.02210891619324684,0.02578091629112287
26.861726562,-0.004845953080803156,0.013147876597940922,-0.02200215496122837,0.02608533578917347
26.89390721,-0.00508780125528574,0.013598444871604443,-0.02196711115539074,0.02633168048288306
26.926725946,-0.005349735263735056,0.013994434848427773,-0.0219472236931324,0.026573379573462844
26.961624938,-0.005971772130578756,0.01373570878058672,-0.022093871608376503,0.02669215091992531
26.993868837,-0.006888901814818382,0.012946084141731262,-0.022322239354252815,0.02670843373557399
27.02605464,-0.007735713385045528,0.012180279940366745,-0.02247369848191738,0.026707070308392283
27.061643132,-0.00872034952044487,0.011231130920350552,-0.02261633612215519,0.026714817182587624
27.093458091,-0.00856921635568142,0.01069736760109663,-0.021980801597237587,0.025904068819407353
27.126351874,-0.008399424143135548,0.01011552382260561,-0.021364443004131317,0.025086123116551222
27.161554121,-0.008265326730906963,0.009487262926995754,-0.020809955894947052,0.02431826573101451
27.193890653,-0.008242637850344181,0.008775286376476288,-0.020301509648561478,0.02360292405045891
27.22668952,-0.008281118236482143,0.007844305597245693,-0.01949433796107769,0.022586262685320293
27.261684973,-0.008348180912435055,0.0066361497156322,-0.018587971106171608,0.021429962142731396
27.293918085,-0.008474104106426239,0.0056999437510967255,-0.017906973138451576,0.02061454549956033
27.326478821,-0.008615963160991669,0.005049000959843397,-0.01733328402042389,0.020004248719128325
27.361807179,-0.00864252820611,0.0052637155167758465,-0.016885722056031227,0.019685720819632012
27.394256604,-0.008717124350368977,0.005399237386882305,-0.016496343538165092,0.019423423267510405
27.42626288,-0.008840476162731647,0.005466836970299482,-0.01615050435066223,0.019206225970357097
27.461477906,-0.008815244771540165,0.0051363189704716206,-0.015687759965658188,0.018713527879282963
27.493836402,-0.008843159303069115,0.004679477773606777,-0.015300466679036617,0.018281226963457554
27.526136553,-0.00887671671807766,0.004244689363986254,-0.014948701485991478,0.017896289101571344
27.561819138,-0.008945881389081478,0.0037369579076766968,-0.014652019366621971,0.017569158196997576
27.594480178,-0.009504154324531555,0.003928894642740488,-0.014261867851018906,0.017583117958376818
27.626181005,-0.010198570787906647,0.004300418309867382,-0.013890760950744152,0.017761128442373927
27.661550357,-0.01113414391875267,0.004624430555850267,-0.013477695174515247,0.018083218352564632
27.693759536,-0.011811952106654644,0.0046141985803842545,-0.013014462776482105,0.018171111206240566
27.727058244,-0.012239973992109299,0.004213589243590832,-0.01224193163216114,0.017816738975685868
27.761984415,-0.012641253881156445,0.003791581839323044,-0.011533421464264393,0.01752704205519265
27.793428822,-0.013062787242233753,0.003279153723269701,-0.010824899189174175,0.01727911172868797
27.82657148,-0.013696291483938694,0.002712949877604842,-0.010418754070997238,0.01742122079084383
27.861596692,-0.015119139105081558,0.0018600344192236662,-0.010786961764097214,0.01866565400460424
27.894004655,-0.016085701063275337,0.0012607933022081852,-0.010980158112943172,0.01951674282848401
27.926377494,-0.016989849507808685,0.000674540875479579,-0.011155308224260807,0.020335950758913156
27.961677341,-0.01782827265560627,0.0001637753302929923,-0.01133160013705492,0.021125323427288727
27.993903741,-0.018640737980604172,-0.00031882256735116243,-0.011483559384942055,0.021896367197288276
28.026366083,-0.019412485882639885,-0.0009183954098261893,-0.011652125976979733,0.022659657942164277
28.061698,-0.020230360329151154,-0.0016683260910212994,-0.011861998587846756,0.023510801804518568
28.094027933,-0.020666612312197685,-0.002301533706486225,-0.012198105454444885,0.02410808367628027
28.125804717,-0.021084925159811974,-0.0029538855887949467,-0.012487851083278656,0.024682907724672683
28.161351635,-0.021559545770287514,-0.003672855906188488,-0.012766187079250813,0.025323495352560954
28.193665613,-0.022031692788004875,-0.004411640577018261,-0.012967254966497421,0.02594239312499855
28.226350718,-0.022443505004048347,-0.0054610371589660645,-0.01258881576359272,0.02630612335651211
28.262103015,-0.022943366318941116,-0.006748876068741083,-0.012188553810119629,0.026842247115666927
28.29422789,-0.023407364264130592,-0.007722271140664816,-0.011902066878974438,0.027371469988935977
28.325824948,-0.023571860045194626,-0.008607795462012291,-0.011630244553089142,0.027658440250143208
28.361786923,-0.022953251376748085,-0.009394443593919277,-0.011249866336584091,0.027233560395117762
28.393678985,-0.02244073711335659,-0.010157928802073002,-0.01090292539447546,0.026937779824927333
28.426258919,-0.02201939933001995,-0.010924496687948704,-0.010543253272771835,0.02674619158522759
28.461880636,-0.021894004195928574,-0.011666269972920418,-0.010016629472374916,0.02675410512050912
28.493643853,-0.022019190713763237,-0.01223757304251194,-0.009599332697689533,0.02695830376527469
28.526325813,-0.022071896120905876,-0.012827625498175621,-0.009268724359571934,0.02715926776529933
28.562128905,-0.02213064767420292,-0.013408997096121311,-0.00894906185567379,0.027379782279999387
28.593885361,-0.02190483920276165,-0.01388353668153286,-0.009007330052554607,0.02745371679685586
28.625701811,-0.02158767729997635,-0.014358476735651493,-0.009218277409672737,0.02751672770839298
28.661762315,-0.02119983360171318,-0.015039429068565369,-0.009413893334567547,0.027644868586472818
28.693855163,-0.020659999921917915,-0.01571810059249401,-0.009564085863530636,0.02766524934668754
28.726573287,-0.019400741904973984,-0.01674974150955677,-0.009832294657826424,0.027452079071332736
28.761686478,-0.018345922231674194,-0.017775213345885277,-0.010063731111586094,0.027455596076368136
28.793605203,-0.017405543476343155,-0.018723076209425926,-0.010237273760139942,0.027537398215715526
28.827084596,-0.016583561897277832,-0.019858522340655327,-0.010417036712169647,0.02789068103538962
28.860843207,-0.01564258150756359,-0.021971434354782104,-0.01057853177189827,0.02897135858527057
28.893092965,-0.015044494532048702,-0.023611757904291153,-0.010652839206159115,0.029955548905135753
28.925151598,-0.014589653350412846,-0.02523067779839039,-0.010684157721698284,0.031041847774794712
28.961190711,-0.013944413512945175,-0.027040086686611176,-0.010794568806886673,0.03228212619958706
28.993542569,-0.013164876960217953,-0.029035652056336403,-0.01094786636531353,0.033708142245859135
29.02580894,-0.012512227520346642,-0.03094964288175106,-0.01108616404235363,0.035175833539559775
29.061667872,-0.011828048154711723,-0.0331825315952301,-0.011220114305615425,0.03697126034164509
29.093788618,-0.011902985163033009,-0.03495889529585838,-0.011421041563153267,0.03865547317632327
29.126149741,-0.012029390782117844,-0.03676251694560051,-0.011559383943676949,0.04037088371489783
29.161688365,-0.012144199572503567,-0.03845222666859627,-0.011659502983093262,0.04197617572912833
29.193768641,-0.012306603603065014,-0.0400366373360157,-0.011708772741258144,0.04349115060015139
29.226690874,-0.012200056575238705,-0.041049327701330185,-0.01237003318965435,0.044574728336618824
29.261599147,-0.012052849866449833,-0.04240134730935097,-0.012993854470551014,0.04595634556351541
29.293853226,-0.012010373175144196,-0.04345235601067543,-0.013398470357060432,0.04703057850583737
29.32625451,-0.011947425082325935,-0.044709462672472,-0.013693319633603096,0.04826162058144109
29.36180875,-0.0119328573346138,-0.04642140865325928,-0.013847162947058678,0.049890722456219616
29.393872774,-0.011903936974704266,-0.04814298450946808,-0.013906988315284252,0.05150587342214544
29.426352178,-0.011816688813269138,-0.049997396767139435,-0.01387749146670103,0.05321614968605644
29.461410355,-0.011169163510203362,-0.05161808058619499,-0.013801525346934795,0.05458624880702705
29.493634399,-0.010501435957849026,-0.05257566273212433,-0.01370883360505104,0.055339069270361495
29.52611094,-0.009913225658237934,-0.05353633314371109,-0.01347949355840683,0.05609017521827416
29.561711863,-0.009475985541939735,-0.05465124174952507,-0.013286030851304531,0.057035700596537765
29.593333847,-0.009691293351352215,-0.0549887977540493,-0.013249053619801998,0.05738664014453268
29.625929538,-0.010046239010989666,-0.05512963607907295,-0.013272283598780632,0.05758782166746207
29.661701137,-0.010430322960019112,-0.05547020584344864,-0.013211304321885109,0.0579678698526203
29.69381193,-0.010559768415987492,-0.05557805672287941,-0.013132118619978428,0.058076515370156914
29.726539308,-0.010234822519123554,-0.055359337478876114,-0.01297041866928339,0.05777230823287703
29.761616175,-0.00991114228963852,-0.055237654596567154,-0.01283970195800066,0.057569846041008337
29.793857315,-0.009670699015259743,-0.055219873785972595,-0.012720885686576366,0.057485457404750924
29.826656598,-0.009529713541269302,-0.05513938516378403,-0.012487731873989105,0.05733332960656847
29.86156365,-0.00951212365180254,-0.05439646914601326,-0.011722143739461899,0.0564523250696458
29.893756347,-0.00953107513487339,-0.05397600308060646,-0.01113633718341589,0.05593092443047023
29.926272617,-0.009548773989081383,-0.05372139811515808,-0.010579261928796768,0.05557956893589547
29.96168921,-0.008864682167768478,-0.05346137285232544,-0.010044778697192669,0.0551144133259757
29.995283279,-0.0076217916794121265,-0.05323970690369606,-0.009515978395938873,0.054617872023979414
30.026200709,-0.006503703072667122,-0.05317247658967972,-0.008999999612569809,0.05431952147583513
30.061691846,-0.005308537743985653,-0.05314182862639427,-0.008267936296761036,0.05404251375855565
30.093893438,-0.004733167123049498,-0.05342859402298927,-0.0071159666404128075,0.05410780453424062
30.12640434,-0.004196102265268564,-0.053785935044288635,-0.005988233257085085,0.05428068736070213
30.161514952,-0.0036485744640231133,-0.05418435111641884,-0.004888211842626333,0.05452660466731147
30.193626705,-0.003234528936445713,-0.05464911088347435,-0.0037963385693728924,0.05487622148370173
30.226215809,-0.0028038613963872194,-0.054845552891492844,-0.002594016259536147,0.05497840695271578
30.261651789,-0.002454961184412241,-0.0551946759223938,-0.00110395229421556,0.05526027321017289
30.293824881,-0.0023062056861817837,-0.05551953986287117,-3.766044392250478e-05,0.05556743029474149
30.326086514,-0.0022042091004550457,-0.0557987317442894,0.000936470867600292,0.05585010277264996
30.361582678,-0.00204603117890656,-0.05584697797894478,0.0016705021262168884,0.05590940681423383
30.394061636,-0.001967931166291237,-0.05601685121655464,0.0023890528827905655,0.05610229894549464
30.42623714,-0.0019270204938948154,-0.056228797882795334,0.0030579501762986183,0.05634485050658014
30.461584374,-0.0016773357056081295,-0.0567125529050827,0.004082240629941225,0.05688402060897115
30.493527056,-0.0014153432566672564,-0.05716457962989807,0.004942870698869228,0.05739533370878586
30.526867687,-0.001173940021544695,-0.057676974684000015,0.005695065949112177,0.057969348107751735
30.561620978,-0.0008797691552899778,-0.0582246407866478,0.006433055270463228,0.05858555272943667
30.593887149,-0.000898582162335515,-0.05839366465806961,0.007269092835485935,0.05885122966219541
30.626137459,-0.0009970911778509617,-0.05847892165184021,0.008117669261991978,0.05904807382655342
30.661960953,-0.0011309892870485783,-0.058673277497291565,0.009122186340391636,0.05938894604781623
30.69379918,-0.0013211168115958571,-0.05910363420844078,0.009997773915529251,0.05995782192125636
30.726809529,-0.0013848479138687253,-0.06002507358789444,0.011120399460196495,0.06106218590200508
30.761629481,-0.0014013152103871107,-0.06087149307131767,0.012174681760370731,0.06209287583142402
30.793693567,-0.0014732960844412446,-0.061787817627191544,0.013231517747044563,0.06320583889462957
30.826338687,-0.0014660786837339401,-0.062370892614126205,0.013973118737339973,0.06393376009150066
30.861608376,-0.001022883108817041,-0.06166110932826996,0.014158383011817932,0.06327399547172992
30.893463948,-0.0007020072662271559,-0.06124812737107277,0.014395346865057945,0.0629209975447809
30.926041925,-0.00046423080493696034,-0.060906603932380676,0.014642071910202503,0.06264359650147558
30.961636926,-0.00022347370395436883,-0.060406506061553955,0.014765418134629726,0.062185315692302845
30.993499366,6.110236427048221e-05,-0.05971509590744972,0.014718851074576378,0.06150236572433938
31.026560156,0.00030018918914720416,-0.05917884781956673,0.014780846424400806,0.060997537358670806
31.062338086,0.0004554879851639271,-0.05870499089360237,0.014984984882175922,0.06058905179190054
31.093896692,0.0007491750875487924,-0.058299243450164795,0.01556173712015152,0.060345096837854925
31.126856935,0.0010623075067996979,-0.057933978736400604,0.016138728708028793,0.06014925563778884
31.161775227,0.0013228596653789282,-0.057668112218379974,0.016722584143280983,0.06005835449756399
31.194101792,0.0015278580831363797,-0.05748837813735008,0.017277764156460762,0.060048056633261966
31.226506396,0.0008098800899460912,-0.05611003562808037,0.018025636672973633,0.05893993197663695
31.261777422,-0.00011327172978781164,-0.054497189819812775,0.018933283165097237,0.057692510260442205
31.293696013,-0.0007473321165889502,-0.053377896547317505,0.019608020782470703,0.05687031584327995
31.32628237,-0.0012334799394011497,-0.052312497049570084,0.02000446431338787,0.05602050885870096
31.361536658,-0.0015041439328342676,-0.05108676850795746,0.01947953924536705,0.05469527232556861
31.39381629,-0.0017284826608374715,-0.04992358386516571,0.019024597480893135,0.05345359845287364
31.426106997,-0.001946773612871766,-0.04887104779481888,0.01866097003221512,0.05234883993563253
31.461797832,-0.0025623475667089224,-0.04720206558704376,0.018254835158586502,0.05067385546219437
31.493419653,-0.003119220258668065,-0.04562889784574509,0.017937466502189636,0.04912716721078777
31.526273566,-0.0036612197291105986,-0.04427444934844971,0.017676368355751038,0.04781302535148204
31.561580145,-0.004191187676042318,-0.04302944242954254,0.017498686909675598,0.04664014379797705
31.593748646,-0.004669929854571819,-0.04133852198719978,0.0174826942384243,0.04512567166001028
31.626054937,-0.005059374030679464,-0.0396307073533535,0.017551947385072708,0.04363784009226192
31.66142531,-0.005591175518929958,-0.037815626710653305,0.0176608357578516,0.042109238735327036
31.693979791,-0.0055495360866189,-0.03637515380978584,0.017780890688300133,0.04086697002631271
31.726539274,-0.004185557831078768,-0.034674420952796936,0.01815696991980076,0.039363814848635
31.76170512,-0.0029808413237333298,-0.03316100686788559,0.01852172426879406,0.03809976458429194
31.793851277,-0.0018641373608261347,-0.031682249158620834,0.01892058551311493,0.036948998308588187
31.825961446,-0.0009248285205103457,-0.03025311604142189,0.019478000700473785,0.03599303890053944
31.861058504,-0.00011496248771436512,-0.02793673612177372,0.02063126303255558,0.034729288156103814
31.893559647,0.0004798852896783501,-0.02639009803533554,0.021498074755072594,0.03404166245030581
31.926282013,0.0009911640081554651,-0.025028472766280174,0.02236330695450306,0.033578629409861505
31.961705854,0.0016567670973017812,-0.02377040684223175,0.023226266726851463,0.033275164683691155
31.993716818,0.002532934071496129,-0.02260129526257515,0.02407003566622734,0.03311496518992741
32.025979971,0.0033032121136784554,-0.021546177566051483,0.02483881078660488,0.03304717082094217
32.061817568,0.004241428337991238,-0.020317504182457924,0.02577175386250019,0.03309039116873362
32.093854715,0.004799508955329657,-0.018676018342375755,0.026650134474039078,0.032894659366246845
32.125983629,0.005272120237350464,-0.017257116734981537,0.02741820737719536,0.03282318426936592
32.161392853,0.00573272630572319,-0.01603381708264351,0.028202366083860397,0.032944208806163194
32.193757595,0.006192473694682121,-0.015049749054014683,0.02892625518143177,0.033189906837312065
32.227093499,0.00593770295381546,-0.013775483705103397,0.029146337881684303,0.032780013416571746
32.261304597,0.0056656766682863235,-0.012313956394791603,0.029390066862106323,0.03236525056849511
32.293958804,0.005457447376102209,-0.01128727663308382,0.029580194503068924,0.03212746881554901
32.326615867,0.005348463077098131,-0.010179542005062103,0.02976307086646557,0.031907201696829465
32.361644413,0.005652193445712328,-0.008486728183925152,0.02997179515659809,0.031658811584212375
32.393428369,0.0059248958714306355,-0.006887652911245823,0.030160538852214813,0.03149924217451982
32.426758908,0.0061481851153075695,-0.005288288462907076,0.030395304784178734,0.03145855572021901
32.461561065,0.0067177810706198215,-0.0045808348804712296,0.03084605745971203,0.03189971616680587
32.494324329,0.007360424380749464,-0.0045873005874454975,0.0312357060611248,0.03241741055175903
32.526687471,0.008042918518185616,-0.004623860120773315,0.03160621225833893,0.03293966110975984
32.561780899,0.008677452802658081,-0.004641725681722164,0.03194921836256981,0.03343047050859269
32.593825165,0.009414838626980782,-0.0046918960288167,0.03262284770607948,0.03427686197964117
32.62586528,0.010141587816178799,-0.0047714971005916595,0.03344421088695526,0.035272286995109314
32.661643587,0.010933882556855679,-0.004890968091785908,0.03438717499375343,0.03641358483715936
32.693867817,0.011401478201150894,-0.004753368906676769,0.03527871519327164,0.03737881708698465
32.726766965,0.011484543792903423,-0.0039670225232839584,0.0365808941423893,0.038545996291288805
32.76162883,0.011487828567624092,-0.0033027525059878826,0.03781340643763542,0.03965768633862467
32.793809776,0.011521289125084877,-0.0026699521113187075,0.0389636754989624,0.04071899747991074
32.826159843,0.011679892428219318,-0.002309101400896907,0.03995843604207039,0.04169446542819117
32.861429595,0.012223032303154469,-0.0023569760378450155,0.04077879339456558,0.042636461455467886
32.89422561,0.012673919089138508,-0.0024094043765217066,0.041447412222623825,0.04340877140025663
32.925741477,0.013026478700339794,-0.00246228463947773,0.04213455319404602,0.044170947078799525
32.961668415,0.013336798176169395,-0.00223142490722239,0.042575523257255554,0.04467129529505
32.993555501,0.01368295680731535,-0.0017904294654726982,0.04293094202876091,0.045094287089813494
33.025888019,0.01399462204426527,-0.0013618000084534287,0.04333827644586563,0.04556215700252931
33.06183345,0.014420555904507637,-0.0009722131071612239,0.04384365305304527,0.046164526900603804
33.093697349,0.013595829717814922,-0.000705575046595186,0.04403470456600189,0.046091209878644596
33.12493493,0.012886330485343933,-0.00044194364454597235,0.044252026826143265,0.04609224127534006
33.161904759,0.012332258746027946,-0.00022848989465273917,0.04448973387479782,0.046167880974344856
33.19383113,0.01190965436398983,-3.3331372833345085e-05,0.044731929898262024,0.04629024228142627
33.225956844,0.012017854489386082,9.626302926335484e-05,0.044778816401958466,0.04636356857985766
33.261765122,0.012182541191577911,0.0002493458450771868,0.04499002918601036,0.04661093444024711
33.293641491,0.012336451560258865,0.00031685351859778166,0.04519615322351456,0.046850621121328435
33.325940295,0.01257447712123394,0.0006139855831861496,0.04548116400837898,0.04719142647479375
33.361729432,0.013084948994219303,0.0013610421447083354,0.045882511883974075,0.04773126043468803
33.394163285,0.0136116249486804,0.0021086540073156357,0.046235065907239914,0.04824317645960852
33.426252685,0.014147784560918808,0.002925863489508629,0.04661879688501358,0.04880607245156656
33.462033264,0.014598159119486809,0.003758474485948682,0.04665747657418251,0.04903215781922893
33.493754595,0.014954112470149994,0.004272999241948128,0.04641926288604736,0.04895540796659301
33.526201037,0.01538680586963892,0.0047686113975942135,0.04621483013033867,0.04894184276779205
33.561591265,0.015766965225338936,0.005240158177912235,0.04610094428062439,0.04900360715000297
33.593635115,0.01612618751823902,0.006328831426799297,0.04589299485087395,0.04905379707509494
33.626263613,0.016363687813282013,0.007500104606151581,0.04571271315217018,0.04912915622811329
33.661870837,0.016674736514687538,0.008864551782608032,0.04551692679524422,0.04927897869299255
33.693816022,0.016758201643824577,0.009815994650125504,0.04561251401901245,0.049575119853016845
33.72658456,0.0165554191917181,0.010432634502649307,0.046362459659576416,0.050322951353882525
33.761599288,0.01638122834265232,0.011056751012802124,0.0469898097217083,0.05097684378868084
33.793912552,0.016356026753783226,0.011729693040251732,0.04759836196899414,0.05167890645244334
33.82692756,0.01632753573358059,0.012460394762456417,0.04809446632862091,0.052296534801097985
33.861299076,0.01618613675236702,0.013686641119420528,0.048366647213697433,0.0528076484118769
33.893696858,0.01612117514014244,0.014594451524317265,0.048586271703243256,0.05323078151987034
33.925170195,0.01612066477537155,0.015446037985384464,0.04880647733807564,0.05367055200384971
33.961546268,0.015812765806913376,0.016511697322130203,0.04893560707569122,0.054012714714114965
33.993577685,0.015233288519084454,0.017778484150767326,0.0489831380546093,0.05429065657626245
34.026569515,0.014724423177540302,0.018919499590992928,0.04903193935751915,0.05457918266009764
34.061294789,0.01431306917220354,0.02029234729707241,0.04917994886636734,0.05509365370395933
34.093906917,0.013947105966508389,0.021157141774892807,0.04844650626182556,0.0546736717433632
34.126844842,0.013663197867572308,0.021870354190468788,0.047848235815763474,0.05435484374980668
34.1616283,0.013473784551024437,0.022488441318273544,0.04735325649380684,0.0541258142074659
34.193656254,0.013330623507499695,0.02311275154352188,0.04694581404328346,0.05399828018740807
34.226476502,0.013222026638686657,0.023022528737783432,0.04673592373728752,0.05375039893334522
34.261574157,0.013155883178114891,0.023059427738189697,0.04658038541674614,0.0536147999658827
34.293781762,0.013174079358577728,0.023090241476893425,0.04650966078042984,0.05357111315175378
34.326486569,0.013090408407151699,0.023220019415020943,0.04639314487576485,0.053505625735652165
34.361741003,0.01218350138515234,0.02313498593866825,0.04620801657438278,0.05309280625586503
34.3939246,0.011411752551794052,0.023117460310459137,0.04609469696879387,0.05281445025893923
34.426167179,0.010811992920935154,0.023125244304537773,0.0460529699921608,0.052655029770818394
34.461574463,0.00999454315751791,0.02297171950340271,0.04589781537652016,0.05228958066582319
34.493491329,0.009337262250483036,0.02283536083996296,0.0457986518740654,0.052020713994594917
34.526096284,0.008712859824299812,0.02269790507853031,0.04572739079594612,0.051789024805233085
34.561510207,0.008209836669266224,0.022585762664675713,0.04575154930353165,0.051679032082214686
34.593517039,0.007192386779934168,0.022702112793922424,0.04572781175374985,0.05155724120515498
34.625932541,0.006105965934693813,0.022893203422427177,0.04577555134892464,0.051543987857307946
34.661711437,0.005063432734459639,0.023213643580675125,0.045854806900024414,0.05164469881009612
34.694345928,0.004441112279891968,0.023496538400650024,0.045757267624139786,0.05162885177420644
34.726823128,0.0037870293017476797,0.02364816516637802,0.0451340414583683,0.05109460837538829
34.76187288,0.0033273075241595507,0.023755047470331192,0.044511523097753525,0.05056331619029613
34.794283834,0.003004437079653144,0.023927435278892517,0.043992992490530014,0.0501690361623882
34.825921367,0.003061308991163969,0.023973822593688965,0.04354488477110863,0.04980233701566806
34.861591814,0.00423039635643363,0.023677654564380646,0.042847856879234314,0.04913722029323606
34.89403037,0.005034700036048889,0.023483755066990852,0.04240245744585991,0.04873195413635051
34.926212141,0.005814692471176386,0.02334568463265896,0.04208856821060181,0.04847967835619792
34.961645493,0.006848194170743227,0.02331657148897648,0.04218180850148201,0.0486812616707543
34.994035262,0.008134252391755581,0.023458166047930717,0.04257898032665253,0.04928915886848277
35.02619922,0.009361383505165577,0.023568572476506233,0.042981620877981186,0.049905238632929325
35.061650908,0.010806215927004814,0.023755857720971107,0.043608106672763824,0.05082107875973536
35.093929903,0.011306422762572765,0.02397221326828003,0.044207483530044556,0.05154419273521592
35.126985964,0.011810800060629845,0.024214399978518486,0.04481464996933937,0.05228943503487353
35.161726275,0.012388527393341064,0.024489369243383408,0.04545443132519722,0.053097176422211054
35.193489248,0.0129441162571311,0.024795567616820335,0.046017859131097794,0.05385177506942548
35.226186534,0.012712836265563965,0.024445267394185066,0.045946795493364334,0.05357513714398957
35.26189553,0.012511540204286575,0.024124406278133392,0.04588429257273674,0.05332817193056991
35.29369321,0.012390702031552792,0.02396678365767002,0.04588375613093376,0.053228331670373503
35.326538247,0.01255078800022602,0.023715253919363022,0.04581933096051216,0.05309752006973046
35.361437131,0.01331267785280943,0.022919658571481705,0.04563352093100548,0.05277268586311002
35.393530835,0.01414957083761692,0.02219683863222599,0.0454932376742363,0.05255991508971806
35.426014245,0.014968923293054104,0.02162199281156063,0.04547075554728508,0.05252779119416192
35.461785313,0.016243301331996918,0.020446622744202614,0.045729875564575195,0.05266052353478199
35.493705494,0.017288411036133766,0.019414441660046577,0.04611552134156227,0.05293818102022159
35.526290072,0.018265627324581146,0.018512437120079994,0.0464482307434082,0.053233275391227734
35.562039709,0.019192274659872055,0.01768139936029911,0.0467570461332798,0.05354621044544617
35.59346459,0.019623130559921265,0.017829736694693565,0.047053128480911255,0.05400892207232949
35.626354477,0.01982486993074417,0.01825088821351528,0.04726902022957802,0.05441029922558239
35.661511801,0.02021089941263199,0.018693551421165466,0.04759110510349274,0.05498038381800347
35.693960883,0.020373543724417686,0.01904122717678547,0.04786638543009758,0.05539711608406498
35.726664616,0.020149949938058853,0.019587641581892967,0.04813519865274429,0.05573772093103679
35.76183253,0.020047755911946297,0.020229188725352287,0.048402607440948486,0.0561599946641153
35.793620554,0.020060162991285324,0.02095254883170128,0.048663608729839325,0.0566530339557614
35.82597507,0.020134570077061653,0.021736564114689827,0.04886528104543686,0.05714625817452669
35.861481618,0.020144367590546608,0.023215042427182198,0.04902389645576477,0.05786256271739509
35.893869479,0.020206719636917114,0.02426130697131157,0.04911874607205391,0.05839155546936641
35.926781325,0.020247705280780792,0.025164850056171417,0.04927132651209831,0.058914368907328124
35.961680127,0.019810695201158524,0.02556493692100048,0.049248166382312775,0.058918685797868076
35.994116282,0.018905872479081154,0.02566726692020893,0.04902806133031845,0.058480692567359334
36.025908633,0.0180641058832407,0.025847509503364563,0.04888742044568062,0.05817547203693498
36.061722289,0.017231544479727745,0.026116061955690384,0.04879853129386902,0.05796784862032581
36.093569854,0.01660425215959549,0.025430144742131233,0.04924298822879791,0.05785555583594981
36.126204039,0.016108227893710136,0.024855563417077065,0.04962503910064697,0.057792028381055995
36.161637011,0.015655983239412308,0.024348540231585503,0.05008306726813316,0.057846995164712305
36.193605927,0.015252713114023209,0.0239211767911911,0.050549015402793884,0.057966118678121
36.226169129,0.014044730924069881,0.023765716701745987,0.05103728547692299,0.05802472116201945
36.261556916,0.012691028416156769,0.023607032373547554,0.05169631540775299,0.05823111888400651
36.293715438,0.011746810749173164,0.023438241332769394,0.05215516686439514,0.058373796777346346
36.326148488,0.010590946301817894,0.02314942702651024,0.05247875675559044,0.05832738658500089
36.361794269,0.008878623135387897,0.022449122741818428,0.05228891968727112,0.05759274418465718
36.395732123,0.00739288842305541,0.021786529570817947,0.05215870961546898,0.05700735618081834
36.426078058,0.0061377570964396,0.02123233489692211,0.0521201491355896,0.056612666897665684
36.461700299,0.00537712499499321,0.021333837881684303,0.051614053547382355,0.056107545264124876
36.494698648,0.005080432165414095,0.02177753672003746,0.05101385712623596,0.05569995974393491
36.527596432,0.0048692673444747925,0.022199297323822975,0.05047436058521271,0.055355032676618815
36.561144642,0.004742688965052366,0.022676100954413414,0.049973685294389725,0.05508237354196605
36.593781552,0.005515632219612598,0.022836808115243912,0.04895617440342903,0.05430146421500491
36.626409658,0.006437911186367273,0.022934749722480774,0.047819849103689194,0.0534245955864524
36.661430323,0.007553289644420147,0.023090699687600136,0.0466250404715538,0.05257496548253238
36.693782397,0.008206562139093876,0.023009873926639557,0.04588313773274422,0.05198138405683935
36.727403081,0.008653758093714714,0.02242235466837883,0.04544302821159363,0.05140737623200388
36.761754288,0.00912279263138771,0.021929165348410606,0.04503719508647919,0.050916231002803215
36.793600611,0.009559922851622105,0.0215204656124115,0.04476005956530571,0.05057653109292558
36.826343077,0.009782313369214535,0.021034931764006615,0.04455156251788139,0.05022951056853553
36.861480099,0.00903464388102293,0.01986066810786724,0.04477084428071976,0.04980461249077456
36.893045252,0.008556553162634373,0.019041044637560844,0.04496379569172859,0.049573368918423164
36.92520098,0.00811325665563345,0.018369661644101143,0.045126236975193024,0.04939277949275804
